baseline_label,baseline_az_deg,baseline_el_deg,path_label,session_index,gaze_shift_az_deg,gaze_shift_el_deg,gaze_shift_magnitude_deg,effective_center_az_deg,effective_center_el_deg,effective_center_radius_deg,scenario,center_az_deg,center_el_deg,center_displacement_cm,max_orientation_error_deg,median_orientation_error_deg,orientation_error_horizontal_deg,orientation_error_oblique_45_deg,orientation_error_vertical_deg,jacobian_det,jacobian_scale_major,jacobian_scale_minor,patch_mean_displacement_cm,patch_median_displacement_cm,patch_max_displacement_cm,patch_mean_radial_error_cm,patch_mean_abs_tangential_error_cm,patch_max_abs_tangential_error_cm,patch_mean_normalized_error,patch_p95_displacement_cm,patch_corner_displacement_cm,patch_center_displacement_cm
centered,0.0,0.0,horizontal,0,0.0,0.0,0.0,0.0,0.0,0.0,exact_true_distance,0.0,0.0,0.0,1.4210854715202004e-14,0.0,0.0,0.0,0.0,1.0000000000000004,1.0000000000000002,1.0000000000000002,5.72926156272982e-17,1.3877787807814457e-17,2.482534153247273e-16,-1.2899129171815055e-17,2.6961103667143794e-17,2.2829272114827344e-16,6.718002972396541e-17,2.220446049250313e-16,2.220446049250313e-16,0.0
centered,0.0,0.0,horizontal,0,0.0,0.0,0.0,0.0,0.0,0.0,exact_distance_minus_5cm,0.0,0.0,0.0,1.4210854715202004e-14,0.0,0.0,0.0,0.0,0.44444444444444453,0.6666666666666667,0.6666666666666667,0.2740670620042495,0.2844201808984751,0.49506130429785533,-0.2740670620042495,2.1278999449519193e-17,2.220446049250313e-16,0.33313503866745986,0.4270088825046732,0.49506130429785533,0.0
centered,0.0,0.0,horizontal,0,0.0,0.0,0.0,0.0,0.0,0.0,exact_distance_plus_5cm,0.0,0.0,0.0,1.4210854715202004e-14,0.0,0.0,0.0,0.0,1.7777777777777781,1.3333333333333335,1.3333333333333335,0.27406706200424946,0.28442018089847493,0.4950613042978556,0.27406706200424946,4.1518815948230146e-17,4.163336342344337e-16,0.3331350386674598,0.4270088825046731,0.4950613042978556,0.0
centered,0.0,0.0,horizontal,0,0.0,0.0,0.0,0.0,0.0,0.0,planar_no_correction,0.0,0.0,0.0,1.4210854715202004e-14,0.0,0.0,0.0,0.0,0.9999988148164304,0.9999994074080396,0.9999994074080396,0.0011122447102203646,0.00089259512743767,0.004593909233150734,-0.0010521678417889473,0.00033468489158785484,0.0018059715432498205,0.0011022230379497439,0.0030154819925004603,0.004593909233150734,0.0
centered,0.0,0.0,horizontal,1,0.5,0.0,0.5,0.5,0.0,0.5,exact_true_distance,0.5,0.0,0.0,1.4210854715202004e-14,0.0,0.0,0.0,0.0,0.9999999999999998,1.0,0.9999999999999998,6.058155534014975e-17,5.551115123125783e-17,2.482534153247273e-16,2.7331845514914462e-18,3.042122911462165e-17,2.39154108487156e-16,7.450620742783186e-17,1.5700924586837752e-16,1.1102230246251565e-16,0.0
centered,0.0,0.0,horizontal,1,0.5,0.0,0.5,0.5,0.0,0.5,exact_distance_minus_5cm,0.5,0.0,0.04363433895379394,1.4210854715202004e-14,0.0,0.0,0.0,0.0,0.44444444444444453,0.6666666666666667,0.6666666666666667,0.2764285637897088,0.2861370457062112,0.5271148985505326,-0.2764285637897088,2.4893436674152605e-17,1.942890293094024e-16,0.33333333333333337,0.43914487252498685,0.4649977705876839,0.04363433895379394
centered,0.0,0.0,horizontal,1,0.5,0.0,0.5,0.5,0.0,0.5,exact_distance_plus_5cm,0.5,0.0,0.043634338953793955,1.4210854715202004e-14,0.0,0.0,0.0,0.0,1.7777777777777781,1.3333333333333335,1.3333333333333335,0.2764285637897088,0.28613704570621107,0.5271148985505327,0.2764285637897088,5.0136707529361804e-17,3.0531133177191805e-16,0.3333333333333333,0.43914487252498724,0.4649977705876841,0.043634338953793955
centered,0.0,0.0,horizontal,1,0.5,0.0,0.5,0.5,0.0,0.5,planar_no_correction,0.5,0.0,3.322961807133984e-06,0.0010908394569639768,0.0007684047959060081,0.0,0.0010908394569639768,0.0,0.9998845887645456,0.9999613305399003,0.9999232552569675,0.001157627022735374,0.0009165038445705152,0.00551180873608695,-0.0010969109029647015,0.0003423520313011575,0.0020781708723299755,0.0011267512429796976,0.0032052795258403076,0.0038383469305792615,3.322961807133984e-06
centered,0.0,0.0,horizontal,2,1.0,0.0,1.0,1.0,0.0,1.0,exact_true_distance,1.0,0.0,0.0,4.263256414560601e-14,0.0,0.0,1.4210854715202004e-14,0.0,1.0,1.0000000000000002,0.9999999999999998,5.908907870257041e-17,6.938893903907228e-18,3.1401849173675503e-16,-1.541626609121639e-17,2.7011936316376846e-17,3.121465642018263e-16,6.657320559851327e-17,2.220446049250313e-16,1.1102230246251565e-16,0.0
centered,0.0,0.0,horizontal,2,1.0,0.0,1.0,1.0,0.0,1.0,exact_distance_minus_5cm,1.0,0.0,0.08727532464108795,1.4210854715202004e-14,0.0,0.0,0.0,0.0,0.4444444444444444,0.6666666666666667,0.6666666666666666,0.2834887529302786,0.2865317909867572,0.5608353767286972,-0.2834887529302786,2.1165483933542125e-17,1.942890293094024e-16,0.33313503866745986,0.4659263352617378,0.4373146592980149,0.08727532464108795
centered,0.0,0.0,horizontal,2,1.0,0.0,1.0,1.0,0.0,1.0,exact_distance_plus_5cm,1.0,0.0,0.08727532464108789,1.4210854715202004e-14,0.0,0.0,0.0,0.0,1.7777777777777777,1.3333333333333335,1.3333333333333333,0.2834887529302786,0.286531790986757,0.5608353767286969,0.28348875293027853,4.1882065599356764e-17,3.885780586188048e-16,0.3331350386674598,0.4659263352617379,0.4373146592980149,0.08727532464108789
centered,0.0,0.0,horizontal,2,1.0,0.0,1.0,1.0,0.0,1.0,planar_no_correction,1.0,0.0,2.658612411438055e-05,0.0043635239782133795,0.0030737362335671037,0.0,0.0043635239782133795,0.0,0.9995419714960675,0.9998471028351531,0.9996948220000634,0.001295018544612941,0.0009080727027069513,0.006612678482317543,-0.0012323584553921734,0.00036466870002422523,0.0023689084261272137,0.0012003495125816022,0.003864441067489112,0.003225143061604345,2.658612411438055e-05
centered,0.0,0.0,horizontal,3,1.5,0.0,1.5,1.5,0.0,1.5,exact_true_distance,1.5,0.0,0.0,4.263256414560601e-14,1.4210854715202004e-14,0.0,2.842170943040401e-14,0.0,1.000000000000001,1.0000000000000009,1.0000000000000002,5.602702285113672e-17,2.7755575615628914e-17,2.482534153247273e-16,-5.96291389697346e-19,2.890068570559886e-17,2.3915410848715594e-16,6.783550796454991e-17,1.5700924586837752e-16,0.0,0.0
centered,0.0,0.0,horizontal,3,1.5,0.0,1.5,1.5,0.0,1.5,exact_distance_minus_5cm,1.5,0.0,0.13092960784593466,8.526512829121202e-14,4.263256414560601e-14,0.0,5.684341886080802e-14,0.0,0.44444444444444553,0.6666666666666682,0.6666666666666667,0.2952150539661012,0.29561844289937017,0.5959587994842985,-0.2952150539661012,2.3863541356469766e-17,1.942890293094024e-16,0.33333333333333337,0.5023507619889418,0.41247297499322017,0.13092960784593466
centered,0.0,0.0,horizontal,3,1.5,0.0,1.5,1.5,0.0,1.5,exact_distance_plus_5cm,1.5,0.0,0.1309296078459346,8.526512829121202e-14,4.263256414560601e-14,0.0,5.684341886080802e-14,0.0,1.7777777777777821,1.3333333333333364,1.3333333333333335,0.2952150539661012,0.29561844289937045,0.5959587994842983,0.2952150539661012,4.825854171955943e-17,3.0531133177191805e-16,0.3333333333333333,0.5023507619889417,0.41247297499322005,0.1309296078459346
centered,0.0,0.0,horizontal,3,1.5,0.0,1.5,1.5,0.0,1.5,planar_no_correction,1.5,0.0,8.974183907972666e-05,0.00981855202121551,0.006916345533163337,0.0,0.009818552021201299,0.0,0.9989711456321207,0.9996567329925871,0.9993141772192001,0.0015281493574455878,0.0010043649485271212,0.00791740759379576,-0.0014621651806652723,0.00040248883667830644,0.0026798350400637798,0.0013230662900503801,0.004817229493006125,0.002735665970730624,8.974183907972666e-05
centered,0.0,0.0,horizontal,4,2.0,0.0,2.0,2.0,0.0,2.0,exact_true_distance,2.0,0.0,0.0,1.1368683772161603e-13,8.526512829121202e-14,0.0,1.1368683772161603e-13,0.0,1.0000000000000033,1.0000000000000036,0.9999999999999998,6.659131116365884e-17,6.938893903907228e-18,3.1401849173675503e-16,-7.235294831562251e-18,2.837326502620863e-17,3.121465642018263e-16,6.539212456389827e-17,2.220446049250313e-16,0.0,0.0
centered,0.0,0.0,horizontal,4,2.0,0.0,2.0,2.0,0.0,2.0,exact_distance_minus_5cm,2.0,0.0,0.1746038474587387,8.526512829121202e-14,5.684341886080802e-14,0.0,8.526512829121202e-14,0.0,0.4444444444444453,0.6666666666666682,0.6666666666666665,0.3115196557654176,0.30965365077088214,0.6322712230463806,-0.3115196557654176,2.459262055681338e-17,2.7755575615628914e-16,0.33313503866745986,0.5409858651236366,0.390998146949499,0.1746038474587387
centered,0.0,0.0,horizontal,4,2.0,0.0,2.0,2.0,0.0,2.0,exact_distance_plus_5cm,2.0,0.0,0.17460384745873858,8.526512829121202e-14,5.684341886080802e-14,0.0,8.526512829121202e-14,0.0,1.7777777777777812,1.3333333333333364,1.333333333333333,0.3115196557654176,0.3096536507708819,0.6322712230463815,0.3115196557654176,4.7320490773894404e-17,4.718447854656915e-16,0.3331350386674598,0.5409858651236367,0.3909981469494991,0.17460384745873858
centered,0.0,0.0,horizontal,4,2.0,0.0,2.0,2.0,0.0,2.0,planar_no_correction,2.0,0.0,0.00021276677791715048,0.01745675436933425,0.012296818296228196,0.0,0.01745675436933425,0.0,0.9981724154065899,0.9993902355094478,0.9987814368606102,0.0018632207887991597,0.0011546050734204886,0.009446959892184343,-0.001792420571433929,0.00045530817027456205,0.0030122774923202877,0.0014950009107922134,0.006035561727463412,0.002353617077113386,0.00021276677791715048
centered,0.0,0.0,horizontal,5,2.5,0.0,2.5,2.5,0.0,2.5,exact_true_distance,2.5,0.0,0.0,1.1368683772161603e-13,7.105427357601002e-14,0.0,1.1368683772161603e-13,0.0,1.0000000000000036,1.0000000000000036,1.0,5.943430759832467e-17,2.7755575615628914e-17,2.482534153247273e-16,-3.5797002777581415e-18,3.0747840829073954e-17,2.3915410848715594e-16,6.492382335408473e-17,2.220446049250313e-16,2.220446049250313e-16,0.0
centered,0.0,0.0,horizontal,5,2.5,0.0,2.5,2.5,0.0,2.5,exact_distance_minus_5cm,2.5,0.0,0.21830471454256029,8.526512829121202e-14,4.263256414560601e-14,0.0,5.684341886080802e-14,0.0,0.44444444444444553,0.6666666666666682,0.6666666666666667,0.33229195974866155,0.32756536092721905,0.6695998321423838,-0.33229195974866155,2.4573529310944507e-17,1.942890293094024e-16,0.33333333333333337,0.5815392141587254,0.37345730803347493,0.21830471454256029
centered,0.0,0.0,horizontal,5,2.5,0.0,2.5,2.5,0.0,2.5,exact_distance_plus_5cm,2.5,0.0,0.21830471454256029,8.526512829121202e-14,4.263256414560601e-14,0.0,5.684341886080802e-14,0.0,1.7777777777777821,1.3333333333333364,1.3333333333333335,0.33229195974866155,0.32756536092721883,0.6695998321423835,0.33229195974866144,4.9739403223442074e-17,3.885780586188048e-16,0.3333333333333333,0.5815392141587251,0.37345730803347504,0.21830471454256029
centered,0.0,0.0,horizontal,5,2.5,0.0,2.5,2.5,0.0,2.5,planar_no_correction,2.5,0.0,0.00041567412980725305,0.02727929416298025,0.019215974857445417,0.0,0.027279294162951828,0.0,0.9971462064642567,0.9990476306803348,0.9980967631995852,0.0023088705084215555,0.0013587897125048132,0.011222322089767277,-0.002231643769774446,0.0005241819033680474,0.0033672957851503017,0.0017163270732193057,0.0075193587120790835,0.0020661336205418496,0.00041567412980725305
centered,0.0,0.0,horizontal,6,3.0,0.0,3.0,3.0,0.0,3.0,exact_true_distance,3.0,0.0,1.1102230246251565e-16,1.1368683772161603e-13,7.105427357601002e-14,0.0,9.947598300641403e-14,0.0,1.0000000000000038,1.0000000000000036,1.0000000000000002,9.045637923641838e-17,5.551115123125783e-17,4.002966042486721e-16,-8.175853757373335e-19,3.3550519314213186e-17,3.121465642018263e-16,7.498834460134244e-17,2.482534153247273e-16,0.0,1.1102230246251565e-16
centered,0.0,0.0,horizontal,6,3.0,0.0,3.0,3.0,0.0,3.0,exact_distance_minus_5cm,3.0,0.0,0.26203889641520606,8.526512829121202e-14,4.263256414560601e-14,0.0,5.684341886080802e-14,0.0,0.44444444444444553,0.6666666666666682,0.6666666666666667,0.3573403625938947,0.34956838275128416,0.7078051580142383,-0.3573403625938947,2.6955807207608673e-17,2.7755575615628914e-16,0.33313503866745986,0.6220340201660349,0.3604139331570203,0.26203889641520606
centered,0.0,0.0,horizontal,6,3.0,0.0,3.0,3.0,0.0,3.0,exact_distance_plus_5cm,3.0,0.0,0.26203889641520606,8.526512829121202e-14,4.263256414560601e-14,0.0,5.684341886080802e-14,0.0,1.7777777777777821,1.3333333333333364,1.3333333333333335,0.3573403625938947,0.3495683827512839,0.7078051580142386,0.3573403625938946,5.178061859255696e-17,4.718447854656915e-16,0.3331350386674598,0.6220340201660344,0.3604139331570202,0.26203889641520606
centered,0.0,0.0,horizontal,6,3.0,0.0,3.0,3.0,0.0,3.0,planar_no_correction,3.0,0.0,0.000718525848169671,0.03928766694261299,0.027674870778483296,0.0,0.03928766694261299,0.0,0.9958930655783551,0.9986289445956543,0.9972603647910416,0.0028761004172704113,0.0016507339603228162,0.013264516033452033,-0.0027907691401255763,0.0006088326499917836,0.003745736539436267,0.0019873064688893266,0.00930818827055516,0.0018645947205953688,0.000718525848169671
centered,0.0,0.0,horizontal,7,3.5,0.0,3.5,3.5,0.0,3.5,exact_true_distance,3.5,0.0,1.1102230246251565e-16,4.263256414560601e-14,1.4210854715202004e-14,0.0,2.842170943040401e-14,0.0,1.0000000000000009,1.0000000000000009,1.0,6.038144132923011e-17,1.3877787807814457e-17,3.1401849173675503e-16,4.5427685064041425e-18,3.406131365336601e-17,2.39154108487156e-16,5.631842897436394e-17,2.220446049250313e-16,0.0,1.1102230246251565e-16
centered,0.0,0.0,horizontal,7,3.5,0.0,3.5,3.5,0.0,3.5,exact_distance_minus_5cm,3.5,0.0,0.3058131007524214,8.526512829121202e-14,4.263256414560601e-14,0.0,5.684341886080802e-14,0.0,0.44444444444444553,0.6666666666666682,0.6666666666666667,0.3864056909703337,0.3763590899086846,0.7467745695952331,-0.3864056909703337,2.6938263900594035e-17,1.942890293094024e-16,0.33333333333333337,0.6641223575130076,0.35235953390575836,0.3058131007524214
centered,0.0,0.0,horizontal,7,3.5,0.0,3.5,3.5,0.0,3.5,exact_distance_plus_5cm,3.5,0.0,0.30581310075242185,8.526512829121202e-14,4.263256414560601e-14,0.0,5.684341886080802e-14,0.0,1.7777777777777821,1.3333333333333364,1.3333333333333335,0.3864056909703337,0.3763590899086847,0.7467745695952331,0.3864056909703337,5.440179505239104e-17,3.885780586188048e-16,0.3333333333333333,0.6641223575130076,0.35235953390575814,0.30581310075242185
centered,0.0,0.0,horizontal,7,3.5,0.0,3.5,3.5,0.0,3.5,planar_no_correction,3.5,0.0,0.001141444960241489,0.053483700703822024,0.037674797483880695,0.0,0.053483700703822024,0.0,0.9944136602877661,0.9981342091396336,0.9962724964059949,0.0035781462151402094,0.002052809073712775,0.015594635608396986,-0.0034831080388968445,0.0007105636572071319,0.004148278599047284,0.002308277008162313,0.011328289869791912,0.0017445716225349245,0.001141444960241489
centered,0.0,0.0,horizontal,8,4.0,0.0,4.0,4.0,0.0,4.0,exact_true_distance,4.0,0.0,0.0,3.410605131648481e-13,2.4158453015843406e-13,0.0,3.410605131648481e-13,0.0,1.0000000000000122,1.000000000000012,1.0000000000000002,9.123654041895167e-17,5.551115123125783e-17,4.002966042486721e-16,1.6393396444008389e-18,3.7684192623821105e-17,3.121465642018263e-16,6.915318300450748e-17,2.482534153247273e-16,0.0,0.0
centered,0.0,0.0,horizontal,8,4.0,0.0,4.0,4.0,0.0,4.0,exact_distance_minus_5cm,4.0,0.0,0.3496340597175521,3.126388037344441e-13,2.1316282072803006e-13,0.0,3.126388037344441e-13,0.0,0.4444444444444492,0.6666666666666737,0.6666666666666667,0.419060402845533,0.4097469442083923,0.7864169763718971,-0.419060402845533,2.934892067625247e-17,2.7755575615628914e-16,0.33313503866745986,0.7067626449912824,0.3496340597175521,0.3496340597175521
centered,0.0,0.0,horizontal,8,4.0,0.0,4.0,4.0,0.0,4.0,exact_distance_plus_5cm,4.0,0.0,0.349634059717552,3.126388037344441e-13,2.1316282072803006e-13,0.0,3.126388037344441e-13,0.0,1.7777777777777966,1.3333333333333475,1.3333333333333335,0.419060402845533,0.4097469442083922,0.786416976371897,0.419060402845533,5.634187841636272e-17,4.718447854656915e-16,0.3331350386674598,0.706762644991282,0.349634059717552,0.349634059717552
centered,0.0,0.0,horizontal,8,4.0,0.0,4.0,4.0,0.0,4.0,planar_no_correction,4.0,0.0,0.0017046279560586353,0.06986955596165956,0.04921728303953188,0.0,0.06986955596165956,0.0,0.9927087784541286,0.997563461987893,0.9951334589539895,0.004430269803650561,0.0026444687501302423,0.01823388846540213,-0.004324254648864513,0.0008293468255113222,0.004575470168077969,0.0026795872767982187,0.013717418142676241,0.0017046279560586353,0.0017046279560586353
centered,0.0,0.0,horizontal,9,4.5,0.0,4.5,4.5,0.0,4.5,exact_true_distance,4.5,0.0,0.0,4.263256414560601e-14,1.4210854715202004e-14,0.0,2.842170943040401e-14,0.0,1.0000000000000009,1.0000000000000009,1.0,8.146112692616375e-17,2.7755575615628914e-17,4.965068306494546e-16,4.713104237427703e-18,4.2137898476386376e-17,2.815036482596467e-16,6.053092527038591e-17,2.482534153247273e-16,0.0,0.0
centered,0.0,0.0,horizontal,9,4.5,0.0,4.5,4.5,0.0,4.5,exact_distance_minus_5cm,4.5,0.0,0.39350853412309217,5.684341886080802e-14,4.263256414560601e-14,0.0,5.684341886080802e-14,0.0,0.44444444444444364,0.6666666666666667,0.6666666666666654,0.45454729235170144,0.4476121840544286,0.8266585834463535,-0.45454729235170144,3.3334347246283657e-17,2.7755575615628914e-16,0.33333333333333337,0.7490112025603173,0.35235953390575836,0.39350853412309217
centered,0.0,0.0,horizontal,9,4.5,0.0,4.5,4.5,0.0,4.5,exact_distance_plus_5cm,4.5,0.0,0.3935085341230924,5.684341886080802e-14,4.263256414560601e-14,0.0,5.684341886080802e-14,0.0,1.7777777777777746,1.3333333333333335,1.3333333333333308,0.4545472923517014,0.4476121840544284,0.8266585834463537,0.4545472923517014,6.745298351204522e-17,3.885780586188048e-16,0.3333333333333333,0.7490112025603172,0.35235953390575814,0.3935085341230924
centered,0.0,0.0,horizontal,9,4.5,0.0,4.5,4.5,0.0,4.5,planar_no_correction,4.5,0.0,0.002428357273104309,0.08844772582756377,0.06230409307717366,0.0,0.08844772582753535,0.0,0.9907793277390599,0.9969167466045769,0.993843599391403,0.005449469971140194,0.003484972884008728,0.021203634406797293,-0.005331852595070298,0.0009637897017984514,0.005027758240632797,0.0031014782418687407,0.016322895219899814,0.0017445716225349245,0.002428357273104309
centered,0.0,0.0,horizontal,10,5.0,0.0,5.0,5.0,0.0,5.0,exact_true_distance,5.0,0.0,2.220446049250313e-16,4.263256414560601e-14,1.4210854715202004e-14,0.0,2.842170943040401e-14,0.0,1.0000000000000009,1.0000000000000009,1.0,9.630641865103639e-17,1.1102230246251565e-16,4.002966042486721e-16,8.339624818870238e-18,4.227106870990588e-17,3.121465642018263e-16,6.668652298594944e-17,2.482534153247273e-16,0.0,2.220446049250313e-16
centered,0.0,0.0,horizontal,10,5.0,0.0,5.0,5.0,0.0,5.0,exact_distance_minus_5cm,5.0,0.0,0.4374433176296201,1.9895196601282805e-13,1.3500311979441904e-13,0.0,1.9895196601282805e-13,0.0,0.4444444444444473,0.666666666666671,0.6666666666666666,0.491913607294367,0.48631856526696726,0.8674395174284654,-0.491913607294367,3.291949963334928e-17,2.7755575615628914e-16,0.33333333333333337,0.7927104450984527,0.3604139331570203,0.4374433176296201
centered,0.0,0.0,horizontal,10,5.0,0.0,5.0,5.0,0.0,5.0,exact_distance_plus_5cm,5.0,0.0,0.43744331762961974,1.9895196601282805e-13,1.3500311979441904e-13,0.0,1.9895196601282805e-13,0.0,1.7777777777777892,1.333333333333342,1.3333333333333333,0.491913607294367,0.4863185652669673,0.8674395174284653,0.491913607294367,6.365330960452196e-17,4.718447854656915e-16,0.3333333333333333,0.7927104450984525,0.3604139331570202,0.43744331762961974
centered,0.0,0.0,horizontal,10,5.0,0.0,5.0,5.0,0.0,5.0,planar_no_correction,5.0,0.0,0.0033330138931129127,0.10922103609269129,0.07693723186263668,0.0,0.10922103609269129,0.0,0.9886263350020031,0.996194112239044,0.9924033106158081,0.0066541338322842775,0.004367099634035951,0.024525418178760035,-0.006525015828534744,0.0011081637501056754,0.005505511566598483,0.003574137035358158,0.01925598800117473,0.0018645947205953688,0.0033330138931129127
centered,0.0,0.0,horizontal,11,5.5,0.0,5.5,5.5,0.0,5.5,exact_true_distance,5.5,0.0,0.0,1.9895196601282805e-13,1.2789769243681803e-13,0.0,1.8474111129762605e-13,0.0,1.0000000000000064,1.0000000000000064,1.0,9.031196996751886e-17,2.7755575615628914e-17,4.965068306494546e-16,-6.257193853213154e-18,4.64876594019409e-17,2.815036482596467e-16,5.679665030415498e-17,4.440892098500626e-16,2.220446049250313e-16,0.0
centered,0.0,0.0,horizontal,11,5.5,0.0,5.5,5.5,0.0,5.5,exact_distance_minus_5cm,5.5,0.0,0.48144524098769303,1.9895196601282805e-13,1.2789769243681803e-13,0.0,1.8474111129762605e-13,0.0,0.44444444444444736,0.666666666666671,0.6666666666666667,0.5306420193861069,0.5254645211267526,0.9087111538933365,-0.5306420193861069,3.75117182342397e-17,2.7755575615628914e-16,0.33333333333333337,0.8369001557454446,0.37345730803347493,0.48144524098769303
centered,0.0,0.0,horizontal,11,5.5,0.0,5.5,5.5,0.0,5.5,exact_distance_plus_5cm,5.5,0.0,0.4814452409876928,1.9895196601282805e-13,1.2789769243681803e-13,0.0,1.8474111129762605e-13,0.0,1.7777777777777892,1.333333333333342,1.3333333333333335,0.5306420193861069,0.5254645211267522,0.9087111538933367,0.5306420193861069,7.594394410712979e-17,4.163336342344337e-16,0.3333333333333333,0.836900155745445,0.37345730803347504,0.4814452409876928
centered,0.0,0.0,horizontal,11,5.5,0.0,5.5,5.5,0.0,5.5,planar_no_correction,5.5,0.0,0.004439090067757334,0.13219264531980457,0.09311894351171901,0.0,0.13219264531980457,0.0,0.9862509456190174,0.995395613922118,0.9908130313463326,0.008063677817855514,0.005547142257486688,0.028220996957205563,-0.007923617720670817,0.0012632238783741063,0.006009038429472141,0.004097876165091267,0.022543700488920303,0.0020661336205418496,0.004439090067757334
centered,0.0,0.0,horizontal,12,6.0,0.0,6.0,6.0,0.0,6.0,exact_true_distance,6.0,0.0,2.220446049250313e-16,1.4210854715202004e-13,8.526512829121202e-14,0.0,1.2789769243681803e-13,0.0,0.9999999999999951,0.9999999999999998,0.9999999999999953,1.1676218271168466e-16,1.1102230246251565e-16,4.965068306494546e-16,3.0845127673487936e-17,4.762346043820424e-17,3.121465642018263e-16,7.027067806740477e-17,3.1401849173675503e-16,0.0,2.220446049250313e-16
centered,0.0,0.0,horizontal,12,6.0,0.0,6.0,6.0,0.0,6.0,exact_distance_minus_5cm,6.0,0.0,0.525521176328382,5.684341886080802e-14,2.842170943040401e-14,0.0,5.684341886080802e-14,0.0,0.44444444444444353,0.6666666666666666,0.6666666666666654,0.5704075439771836,0.5652231335161632,0.9504340015281165,-0.5704075439771836,3.8816114708739813e-17,2.7755575615628914e-16,0.33333333333333337,0.8813041044751202,0.390998146949499,0.525521176328382
centered,0.0,0.0,horizontal,12,6.0,0.0,6.0,6.0,0.0,6.0,exact_distance_plus_5cm,6.0,0.0,0.5255211763283829,5.684341886080802e-14,2.842170943040401e-14,0.0,5.684341886080802e-14,0.0,1.7777777777777741,1.3333333333333333,1.3333333333333308,0.5704075439771836,0.5652231335161636,0.9504340015281167,0.5704075439771836,7.316590984340014e-17,4.718447854656915e-16,0.33333333333333337,0.8813041044751196,0.3909981469494991,0.5255211763283829
centered,0.0,0.0,horizontal,12,6.0,0.0,6.0,6.0,0.0,6.0,planar_no_correction,6.0,0.0,0.005767202190249954,0.15736604494486528,0.11085171335750488,0.0,0.15736604494486528,0.0,0.9836544227228686,0.9945213124618951,0.9890732459899467,0.009698232768169451,0.007011202500431899,0.03231236364949013,-0.00954794813975905,0.0014296258921162684,0.00653860036271579,0.00467303436635352,0.026207873760237456,0.002353617077113386,0.005767202190249954
centered,0.0,0.0,horizontal,13,6.5,0.0,6.5,6.5,0.0,6.5,exact_true_distance,6.5,0.0,0.0,4.263256414560601e-14,1.4210854715202004e-14,0.0,2.842170943040401e-14,0.0,1.000000000000001,1.0000000000000009,1.0000000000000002,1.0233931083519839e-16,2.7755575615628914e-17,4.965068306494546e-16,-1.4887414722401558e-18,4.9163002633962315e-17,3.6853988242309197e-16,5.198969632107643e-17,4.440892098500626e-16,0.0,0.0
centered,0.0,0.0,horizontal,13,6.5,0.0,6.5,6.5,0.0,6.5,exact_distance_minus_5cm,6.5,0.0,0.5696780415082277,5.684341886080802e-14,4.263256414560601e-14,0.0,5.684341886080802e-14,0.0,0.44444444444444364,0.6666666666666667,0.6666666666666654,0.6109880622034782,0.6073609782988947,0.9925760244600937,-0.6109880622034782,4.086352183327163e-17,2.7755575615628914e-16,0.33333333333333337,0.924623967361623,0.41247297499322017,0.5696780415082277
centered,0.0,0.0,horizontal,13,6.5,0.0,6.5,6.5,0.0,6.5,exact_distance_plus_5cm,6.5,0.0,0.5696780415082272,5.684341886080802e-14,4.263256414560601e-14,0.0,5.684341886080802e-14,0.0,1.7777777777777746,1.3333333333333335,1.3333333333333308,0.6109880622034782,0.6073609782988945,0.992576024460094,0.6109880622034782,8.14752456129214e-17,4.163336342344337e-16,0.33333333333333337,0.9246239673616236,0.41247297499322005,0.5696780415082272
centered,0.0,0.0,horizontal,13,6.5,0.0,6.5,6.5,0.0,6.5,planar_no_correction,6.5,0.0,0.007338103830211162,0.18474505937973618,0.13013826946538387,0.0,0.18474505937972197,0.0,0.9808381463652233,0.993571274439117,0.987184484493997,0.011578407395643912,0.008648995783319941,0.036821767220737336,-0.011418582356617536,0.0016079121875470159,0.007094422730702368,0.00529988646969916,0.03027059910675363,0.002735665970730624,0.007338103830211162
centered,0.0,0.0,horizontal,14,7.0,0.0,7.0,7.0,0.0,7.0,exact_true_distance,7.0,0.0,2.220446049250313e-16,4.263256414560601e-14,2.842170943040401e-14,0.0,2.842170943040401e-14,0.0,1.0000000000000007,1.0000000000000009,0.9999999999999998,1.3442151732437666e-16,1.1102230246251565e-16,4.965068306494546e-16,3.4334303844792414e-17,5.050917720923218e-17,3.253556323348892e-16,7.127021005586427e-17,4.440892098500626e-16,1.1102230246251565e-16,2.220446049250313e-16
centered,0.0,0.0,horizontal,14,7.0,0.0,7.0,7.0,0.0,7.0,exact_distance_minus_5cm,7.0,0.0,0.6139228045145229,1.9895196601282805e-13,1.3500311979441904e-13,0.0,1.9895196601282805e-13,0.0,0.4444444444444473,0.666666666666671,0.6666666666666666,0.6522266953257257,0.6496250754517428,1.035111308261867,-0.6522266953257257,4.0064785384487544e-17,2.7755575615628914e-16,0.33333333333333337,0.9672420854377213,0.4373146592980149,0.6139228045145229
centered,0.0,0.0,horizontal,14,7.0,0.0,7.0,7.0,0.0,7.0,exact_distance_plus_5cm,7.0,0.0,0.6139228045145233,1.9895196601282805e-13,1.3500311979441904e-13,0.0,1.9895196601282805e-13,0.0,1.7777777777777892,1.333333333333342,1.3333333333333333,0.6522266953257257,0.6496250754517428,1.0351113082618677,0.6522266953257257,7.499247769139475e-17,4.718447854656915e-16,0.33333333333333337,0.9672420854377216,0.4373146592980149,0.6139228045145233
centered,0.0,0.0,horizontal,14,7.0,0.0,7.0,7.0,0.0,7.0,planar_no_correction,7.0,0.0,0.009172698949522662,0.21433384612009831,0.1509815843027127,0.0,0.21433384612009831,0.0,0.9778036126012849,0.9925455722020965,0.9851473221848095,0.013725135408178017,0.010497287013893443,0.041771731070356075,-0.01355633048265515,0.0017985174685103496,0.0076767029067959895,0.005978612697598106,0.034754231559227994,0.003225143061604345,0.009172698949522662
centered,0.0,0.0,horizontal,15,7.5,0.0,7.5,7.5,0.0,7.5,exact_true_distance,7.5,0.0,0.0,4.263256414560601e-14,1.4210854715202004e-14,0.0,2.842170943040401e-14,0.0,1.0000000000000009,1.0000000000000009,1.0,1.1612950987729706e-16,2.7755575615628914e-17,4.965068306494546e-16,1.4070220338211285e-17,5.3193907718911656e-17,3.6853988242309197e-16,5.3509697108227403e-17,4.441434166503682e-16,1.1102230246251565e-16,0.0
centered,0.0,0.0,horizontal,15,7.5,0.0,7.5,7.5,0.0,7.5,exact_distance_minus_5cm,7.5,0.0,0.6582624879369792,1.9895196601282805e-13,1.2789769243681803e-13,0.0,1.8474111129762605e-13,0.0,0.44444444444444736,0.666666666666671,0.6666666666666667,0.6940105347121772,0.691383200339703,1.0780189953497026,-0.694010534712177,4.3336096163099365e-17,2.7755575615628914e-16,0.33333333333333337,1.0118666290496345,0.4649977705876839,0.6582624879369792
centered,0.0,0.0,horizontal,15,7.5,0.0,7.5,7.5,0.0,7.5,exact_distance_plus_5cm,7.5,0.0,0.6582624879369792,1.9895196601282805e-13,1.2789769243681803e-13,0.0,1.8474111129762605e-13,0.0,1.7777777777777892,1.333333333333342,1.3333333333333335,0.6940105347121772,0.6913832003397027,1.0780189953497035,0.6940105347121772,8.592711775769471e-17,4.440892098500626e-16,0.33333333333333337,1.0118666290496352,0.4649977705876841,0.6582624879369792
centered,0.0,0.0,horizontal,15,7.5,0.0,7.5,7.5,0.0,7.5,planar_no_correction,7.5,0.0,0.011292055317317029,0.24613689585805787,0.1733848765659758,0.0,0.24613689585805787,0.0,0.9745524324974907,0.9914442838612135,0.9829623795923892,0.016159591587752015,0.012691150264438605,0.04718507024446264,-0.015982221757043807,0.002001784162004673,0.008285616615527331,0.0067093060805931744,0.03968140384452575,0.0038383469305792615,0.011292055317317029
centered,0.0,0.0,horizontal,16,8.0,0.0,8.0,8.0,0.0,8.0,exact_true_distance,8.0,0.0,0.0,4.263256414560601e-14,1.4210854715202004e-14,0.0,2.842170943040401e-14,0.0,1.000000000000001,1.0000000000000009,1.0000000000000002,1.3535539989232101e-16,1.1102230246251565e-16,4.965068306494546e-16,5.000331106206483e-17,5.0083288917030534e-17,3.253556323348892e-16,6.429040384953091e-17,4.449557262054371e-16,2.220446049250313e-16,0.0
centered,0.0,0.0,horizontal,16,8.0,0.0,8.0,8.0,0.0,8.0,exact_distance_minus_5cm,8.0,0.0,0.7027041735119572,5.684341886080802e-14,4.263256414560601e-14,0.0,5.684341886080802e-14,0.0,0.44444444444444364,0.6666666666666667,0.6666666666666654,0.736257269321695,0.734198072069378,1.1212824318368781,-0.736257269321695,4.2415588524448976e-17,2.7755575615628914e-16,0.33333333333333337,1.0562762916994002,0.49506130429785533,0.7027041735119572
centered,0.0,0.0,horizontal,16,8.0,0.0,8.0,8.0,0.0,8.0,exact_distance_plus_5cm,8.0,0.0,0.702704173511957,5.684341886080802e-14,4.263256414560601e-14,0.0,5.684341886080802e-14,0.0,1.7777777777777746,1.3333333333333335,1.3333333333333308,0.7362572693216951,0.734198072069378,1.1212824318368788,0.7362572693216951,8.030500383912145e-17,4.996003610813204e-16,0.3333333333333334,1.056276291699401,0.4950613042978556,0.702704173511957
centered,0.0,0.0,horizontal,16,8.0,0.0,8.0,8.0,0.0,8.0,planar_no_correction,8.0,0.0,0.013717418142676241,0.28015903259120023,0.19735161316369698,0.0,0.28015903259120023,0.0,0.9710863310631376,0.9902674932829629,0.9806303222614776,0.018903155591850972,0.015178245664666414,0.05308490805457208,-0.01871750383035723,0.0022179804558242647,0.008921322872333404,0.007491996195408219,0.04514271449227528,0.004593909233150734,0.013717418142676241
centered,0.0,0.0,horizontal,17,8.5,0.0,8.5,8.5,0.0,8.5,exact_true_distance,8.5,0.0,0.0,4.263256414560601e-14,1.4210854715202004e-14,0.0,2.842170943040401e-14,0.0,1.0000000000000009,1.0000000000000009,1.0,1.147134156172161e-16,2.7755575615628914e-17,4.965068306494546e-16,1.1550395392508087e-17,5.384597900208398e-17,3.6853988242309197e-16,4.939574289650725e-17,4.441434166503682e-16,2.220446049250313e-16,0.0
centered,0.0,0.0,horizontal,17,8.5,0.0,8.5,8.5,0.0,8.5,exact_distance_minus_5cm,8.5,0.0,0.7472550067456389,5.684341886080802e-14,4.263256414560601e-14,0.0,5.684341886080802e-14,0.0,0.44444444444444364,0.6666666666666667,0.6666666666666654,0.7789063453279174,0.7767156565106156,1.1648884808126874,-0.7789063453279174,4.4029572769795626e-17,2.7755575615628914e-16,0.33333333333333337,1.100696806171064,0.5271148985505326,0.7472550067456389
centered,0.0,0.0,horizontal,17,8.5,0.0,8.5,8.5,0.0,8.5,exact_distance_plus_5cm,8.5,0.0,0.7472550067456392,5.684341886080802e-14,4.263256414560601e-14,0.0,5.684341886080802e-14,0.0,1.7777777777777746,1.3333333333333335,1.3333333333333308,0.7789063453279176,0.7767156565106158,1.1648884808126874,0.7789063453279176,8.701067495565762e-17,4.996003610813204e-16,0.33333333333333337,1.100696806171064,0.5271148985505327,0.7472550067456392
centered,0.0,0.0,horizontal,17,8.5,0.0,8.5,8.5,0.0,8.5,planar_no_correction,8.5,0.0,0.016470223944146767,0.31640541373195674,0.2228855113625272,0.0,0.31640541373195674,0.0,0.9674071461064814,0.9890152900835706,0.978151860548826,0.021977404463839043,0.018035823346746208,0.059494692504358446,-0.021783648488412133,0.0024473171244723036,0.009583967850149658,0.008326674743341754,0.05113941662852726,0.00551180873608695,0.016470223944146767
centered,0.0,0.0,horizontal,18,9.0,0.0,9.0,9.0,0.0,9.0,exact_true_distance,9.0,0.0,0.0,4.263256414560601e-14,1.4210854715202004e-14,0.0,2.842170943040401e-14,0.0,1.0000000000000009,1.0000000000000009,1.0,1.5011877556007143e-16,1.1102230246251565e-16,4.965068306494546e-16,4.270885935162963e-17,5.094743475747268e-17,3.253556323348892e-16,6.390166235213475e-17,4.577566798522237e-16,3.1401849173675503e-16,0.0
centered,0.0,0.0,horizontal,18,9.0,0.0,9.0,9.0,0.0,9.0,exact_distance_minus_5cm,9.0,0.0,0.7919222016226815,5.684341886080802e-14,4.263256414560601e-14,0.0,5.684341886080802e-14,0.0,0.44444444444444364,0.6666666666666667,0.6666666666666654,0.8219129529860674,0.819229923978947,1.2088269670774914,-0.8219129529860674,4.181292433053437e-17,2.7755575615628914e-16,0.3333333333333333,1.145377788294527,0.5608353767286972,0.7919222016226815
centered,0.0,0.0,horizontal,18,9.0,0.0,9.0,9.0,0.0,9.0,exact_distance_plus_5cm,9.0,0.0,0.7919222016226812,5.684341886080802e-14,4.263256414560601e-14,0.0,5.684341886080802e-14,0.0,1.7777777777777746,1.3333333333333335,1.3333333333333308,0.8219129529860674,0.8192299239789483,1.2088269670774903,0.8219129529860674,8.000160782369184e-17,4.996003610813204e-16,0.3333333333333334,1.1453777882945266,0.5608353767286969,0.7919222016226812
centered,0.0,0.0,horizontal,18,9.0,0.0,9.0,9.0,0.0,9.0,planar_no_correction,9.0,0.0,0.019572114675699304,0.354881530212964,0.24999054109774477,0.0,0.354881530212964,0.0,0.9635168270161605,0.9876877696221693,0.975527749406824,0.02540412025728922,0.021222152174728965,0.0664382128031436,-0.025202360336739355,0.0026899616122265,0.010273687922406485,0.00921331621950314,0.057496334712330406,0.006612678482317543,0.019572114675699304
centered,0.0,0.0,horizontal,19,9.5,0.0,9.5,9.5,0.0,9.5,exact_true_distance,9.5,0.0,0.0,4.263256414560601e-14,1.4210854715202004e-14,0.0,2.842170943040401e-14,0.0,1.0000000000000009,1.0000000000000009,1.0,1.1135221474767606e-16,2.7755575615628914e-17,4.965068306494546e-16,6.7926285556854975e-18,5.442492344331638e-17,3.6853988242309197e-16,4.4527568690489775e-17,4.441434166503682e-16,0.0,0.0
centered,0.0,0.0,horizontal,19,9.5,0.0,9.5,9.5,0.0,9.5,exact_distance_minus_5cm,9.5,0.0,0.8367130454070977,5.684341886080802e-14,2.842170943040401e-14,0.0,5.684341886080802e-14,0.0,0.44444444444444353,0.6666666666666666,0.6666666666666654,0.8652438560397474,0.8619096990781486,1.2530902261470647,-0.8652438560397476,4.436186364383759e-17,2.7755575615628914e-16,0.33333333333333337,1.1903174400444885,0.5959587994842985,0.8367130454070977
centered,0.0,0.0,horizontal,19,9.5,0.0,9.5,9.5,0.0,9.5,exact_distance_plus_5cm,9.5,0.0,0.8367130454070981,5.684341886080802e-14,2.842170943040401e-14,0.0,5.684341886080802e-14,0.0,1.7777777777777741,1.3333333333333333,1.3333333333333308,0.8652438560397476,0.861909699078148,1.2530902261470647,0.8652438560397476,8.717166059649783e-17,4.996003610813204e-16,0.33333333333333337,1.1903174400444885,0.5959587994842983,0.8367130454070981
centered,0.0,0.0,horizontal,19,9.5,0.0,9.5,9.5,0.0,9.5,planar_no_correction,9.5,0.0,0.02304495212937363,0.395593206583726,0.27867092745041333,0.0,0.395593206583726,0.0,0.9594174334688423,0.9862850329935372,0.9727587881536159,0.02920530448835903,0.024738662854487174,0.07393961615865685,-0.028995587115652824,0.0029460491354485765,0.010990612071512994,0.010151892061316725,0.06450800536473136,0.00791740759379576,0.02304495212937363
centered,0.0,0.0,horizontal,20,10.0,0.0,10.0,10.0,0.0,10.0,exact_true_distance,10.0,0.0,0.0,4.263256414560601e-14,1.4210854715202004e-14,0.0,2.842170943040401e-14,0.0,1.0000000000000009,1.0000000000000009,1.0,1.5012050899411483e-16,1.1102230246251565e-16,4.965068306494546e-16,5.262475183506677e-17,5.105860805486055e-17,3.253556323348892e-16,5.82700894702588e-17,4.577566798522237e-16,3.1401849173675503e-16,0.0
centered,0.0,0.0,horizontal,20,10.0,0.0,10.0,10.0,0.0,10.0,exact_distance_minus_5cm,10.0,0.0,0.8816349035423248,5.684341886080802e-14,2.842170943040401e-14,0.0,5.684341886080802e-14,0.0,0.44444444444444353,0.6666666666666666,0.6666666666666654,0.9088744533256334,0.9059140596467992,1.2976727363406626,-0.9088744533256334,4.312557647892372e-17,2.7755575615628914e-16,0.3333333333333333,1.2355154389651777,0.6322712230463806,0.8816349035423248
centered,0.0,0.0,horizontal,20,10.0,0.0,10.0,10.0,0.0,10.0,exact_distance_plus_5cm,10.0,0.0,0.881634903542325,5.684341886080802e-14,2.842170943040401e-14,0.0,5.684341886080802e-14,0.0,1.7777777777777741,1.3333333333333333,1.3333333333333308,0.9088744533256335,0.9059140596467996,1.2976727363406633,0.9088744533256334,8.492611729862423e-17,4.996003610813204e-16,0.33333333333333337,1.235515438965178,0.6322712230463815,0.881634903542325
centered,0.0,0.0,horizontal,20,10.0,0.0,10.0,10.0,0.0,10.0,planar_no_correction,10.0,0.0,0.02691083263548011,0.43854660110329746,0.30893115329963905,0.0,0.43854660110326904,0.0,0.9551111340637473,0.984807187020399,0.9698458202295424,0.033403195049458816,0.028731900050439973,0.08202342498301125,-0.03318553115562162,0.0032156911423536047,0.011734863806385484,0.011142379131954115,0.0721349787980033,0.009446959892184343,0.02691083263548011
centered,0.0,0.0,vertical,0,0.0,0.0,0.0,0.0,0.0,0.0,exact_true_distance,0.0,0.0,0.0,1.4210854715202004e-14,0.0,0.0,0.0,0.0,1.0000000000000004,1.0000000000000002,1.0000000000000002,5.72926156272982e-17,1.3877787807814457e-17,2.482534153247273e-16,-1.2899129171815055e-17,2.6961103667143794e-17,2.2829272114827344e-16,6.718002972396541e-17,2.220446049250313e-16,2.220446049250313e-16,0.0
centered,0.0,0.0,vertical,0,0.0,0.0,0.0,0.0,0.0,0.0,exact_distance_minus_5cm,0.0,0.0,0.0,1.4210854715202004e-14,0.0,0.0,0.0,0.0,0.44444444444444453,0.6666666666666667,0.6666666666666667,0.2740670620042495,0.2844201808984751,0.49506130429785533,-0.2740670620042495,2.1278999449519193e-17,2.220446049250313e-16,0.33313503866745986,0.4270088825046732,0.49506130429785533,0.0
centered,0.0,0.0,vertical,0,0.0,0.0,0.0,0.0,0.0,0.0,exact_distance_plus_5cm,0.0,0.0,0.0,1.4210854715202004e-14,0.0,0.0,0.0,0.0,1.7777777777777781,1.3333333333333335,1.3333333333333335,0.27406706200424946,0.28442018089847493,0.4950613042978556,0.27406706200424946,4.1518815948230146e-17,4.163336342344337e-16,0.3331350386674598,0.4270088825046731,0.4950613042978556,0.0
centered,0.0,0.0,vertical,0,0.0,0.0,0.0,0.0,0.0,0.0,planar_no_correction,0.0,0.0,0.0,1.4210854715202004e-14,0.0,0.0,0.0,0.0,0.9999988148164304,0.9999994074080396,0.9999994074080396,0.0011122447102203646,0.00089259512743767,0.004593909233150734,-0.0010521678417889473,0.00033468489158785484,0.0018059715432498205,0.0011022230379497439,0.0030154819925004603,0.004593909233150734,0.0
centered,0.0,0.0,vertical,1,0.0,0.5,0.5,0.0,0.5,0.5,exact_true_distance,0.0,0.5,0.0,4.263256414560601e-14,0.0,0.0,1.4210854715202004e-14,0.0,1.0,1.0000000000000002,0.9999999999999998,5.866920210969016e-17,2.7755575615628914e-17,4.577566798522237e-16,4.395115503101629e-18,2.929479395886906e-17,3.0971724282513527e-16,6.995326353097019e-17,2.220446049250313e-16,2.220446049250313e-16,0.0
centered,0.0,0.0,vertical,1,0.0,0.5,0.5,0.0,0.5,0.5,exact_distance_minus_5cm,0.0,0.5,0.04363433895379394,1.4210854715202004e-14,0.0,0.0,0.0,0.0,0.44444444444444453,0.6666666666666667,0.6666666666666667,0.2764285637897088,0.2861370457062112,0.5271148985505326,-0.2764285637897088,2.5769570065648328e-17,3.0531133177191805e-16,0.33333333333333337,0.4391448725249869,0.46499777058768393,0.04363433895379394
centered,0.0,0.0,vertical,1,0.0,0.5,0.5,0.0,0.5,0.5,exact_distance_plus_5cm,0.0,0.5,0.043634338953793955,1.4210854715202004e-14,0.0,0.0,0.0,0.0,1.7777777777777781,1.3333333333333335,1.3333333333333335,0.2764285637897088,0.286137045706211,0.5271148985505327,0.2764285637897088,5.1058247127248356e-17,6.106226635438361e-16,0.3333333333333333,0.4391448725249872,0.464997770587684,0.043634338953793955
centered,0.0,0.0,vertical,1,0.0,0.5,0.5,0.0,0.5,0.5,planar_no_correction,0.0,0.5,3.322961807133984e-06,0.0021816827903649028,0.0015368123235219855,0.0,0.0021816827903649028,0.0,0.9999226627104854,0.9999994074080396,0.9999232552569675,0.0011593599205544144,0.0009169914912569706,0.005577932618305631,-0.0010969168281850566,0.00034822384089585944,0.002247159003232458,0.0011277903529415437,0.003213682123735753,0.00378707141977163,3.322961807133984e-06
centered,0.0,0.0,vertical,2,0.0,1.0,1.0,0.0,1.0,1.0,exact_true_distance,0.0,1.0,0.0,1.4210854715202004e-14,0.0,0.0,0.0,0.0,1.0000000000000004,1.0000000000000002,1.0000000000000002,6.066448501723799e-17,6.938893903907228e-18,4.577566798522237e-16,-1.658629807476555e-17,2.7871795202996585e-17,2.837693131969706e-16,6.845504015140704e-17,2.220446049250313e-16,1.1102230246251565e-16,0.0
centered,0.0,0.0,vertical,2,0.0,1.0,1.0,0.0,1.0,1.0,exact_distance_minus_5cm,0.0,1.0,0.08727532464108795,1.4210854715202004e-14,0.0,0.0,0.0,0.0,0.44444444444444453,0.6666666666666667,0.6666666666666667,0.2834887529302786,0.2865317909867572,0.5608353767286971,-0.28348875293027864,2.181149041537525e-17,2.220446049250313e-16,0.33313503866745986,0.4659263352617378,0.4373146592980149,0.08727532464108795
centered,0.0,0.0,vertical,2,0.0,1.0,1.0,0.0,1.0,1.0,exact_distance_plus_5cm,0.0,1.0,0.08727532464108789,1.4210854715202004e-14,0.0,0.0,0.0,0.0,1.7777777777777781,1.3333333333333335,1.3333333333333335,0.28348875293027853,0.286531790986757,0.5608353767286971,0.28348875293027853,4.200177287075076e-17,3.885780586188048e-16,0.3331350386674598,0.4659263352617379,0.4373146592980149,0.08727532464108789
centered,0.0,0.0,vertical,2,0.0,1.0,1.0,0.0,1.0,1.0,planar_no_correction,0.0,1.0,2.658612411438055e-05,0.00872706336133433,0.006147483388787123,0.0,0.00872706336133433,0.0,0.999694229588949,0.9999994074080396,0.9996948220000634,0.0013018793687803974,0.0009080727027069513,0.006756170364811189,-0.0012323824447001608,0.0003884789239776805,0.0027428104188897975,0.0012044617411400187,0.00393506050926479,0.0031409478323560914,2.658612411438055e-05
centered,0.0,0.0,vertical,3,0.0,1.5,1.5,0.0,1.5,1.5,exact_true_distance,0.0,1.5,0.0,2.842170943040401e-14,1.4210854715202004e-14,0.0,2.842170943040401e-14,0.0,1.000000000000001,1.0000000000000009,1.0000000000000002,6.029545348098368e-17,2.7755575615628914e-17,4.577566798522237e-16,-4.41111808450083e-18,2.9166767757033486e-17,3.0971724282513527e-16,6.896036999476646e-17,2.220446049250313e-16,0.0,0.0
centered,0.0,0.0,vertical,3,0.0,1.5,1.5,0.0,1.5,1.5,exact_distance_minus_5cm,0.0,1.5,0.13092960784593466,5.684341886080802e-14,4.263256414560601e-14,0.0,5.684341886080802e-14,0.0,0.44444444444444553,0.6666666666666682,0.6666666666666667,0.2952150539661012,0.29561844289937034,0.5959587994842985,-0.2952150539661012,2.4665373682962317e-17,3.0531133177191805e-16,0.33333333333333337,0.5023507619889419,0.41247297499322017,0.13092960784593466
centered,0.0,0.0,vertical,3,0.0,1.5,1.5,0.0,1.5,1.5,exact_distance_plus_5cm,0.0,1.5,0.1309296078459346,5.684341886080802e-14,4.263256414560601e-14,0.0,5.684341886080802e-14,0.0,1.7777777777777821,1.3333333333333364,1.3333333333333335,0.2952150539661012,0.2956184428993701,0.5959587994842984,0.2952150539661012,4.943600720801246e-17,6.106226635438361e-16,0.3333333333333333,0.5023507619889417,0.41247297499322005,0.1309296078459346
centered,0.0,0.0,vertical,3,0.0,1.5,1.5,0.0,1.5,1.5,planar_no_correction,0.0,1.5,8.974183907972666e-05,0.019637137755722733,0.01383271561465449,0.0,0.019637137755722733,0.0,0.9993135850336528,0.9999994074080396,0.9993141772192001,0.0015433220211960143,0.0009980217993734522,0.008146353964374324,-0.0014622202433218832,0.00045581911154901655,0.0032930122277009706,0.0013321407325268377,0.004953786345189098,0.002639244132429373,8.974183907972666e-05
centered,0.0,0.0,vertical,4,0.0,2.0,2.0,0.0,2.0,2.0,exact_true_distance,0.0,2.0,0.0,1.1368683772161603e-13,5.684341886080802e-14,0.0,8.526512829121202e-14,0.0,1.0000000000000038,1.0000000000000036,1.0000000000000002,6.576740531174004e-17,6.938893903907228e-18,4.577566798522237e-16,-8.440880184080529e-18,2.802784763795779e-17,2.837693131969706e-16,6.530267140377181e-17,2.220446049250313e-16,1.1102230246251565e-16,0.0
centered,0.0,0.0,vertical,4,0.0,2.0,2.0,0.0,2.0,2.0,exact_distance_minus_5cm,0.0,2.0,0.1746038474587387,5.684341886080802e-14,4.263256414560601e-14,0.0,5.684341886080802e-14,0.0,0.44444444444444553,0.6666666666666682,0.6666666666666667,0.3115196557654176,0.30965365077088214,0.6322712230463807,-0.3115196557654176,2.3927006849493308e-17,2.220446049250313e-16,0.33313503866745986,0.5409858651236366,0.3909981469494991,0.1746038474587387
centered,0.0,0.0,vertical,4,0.0,2.0,2.0,0.0,2.0,2.0,exact_distance_plus_5cm,0.0,2.0,0.17460384745873858,5.684341886080802e-14,4.263256414560601e-14,0.0,5.684341886080802e-14,0.0,1.7777777777777821,1.3333333333333364,1.3333333333333335,0.3115196557654176,0.3096536507708819,0.6322712230463815,0.3115196557654176,4.63587047657978e-17,3.885780586188048e-16,0.3331350386674598,0.5409858651236367,0.390998146949499,0.17460384745873858
centered,0.0,0.0,vertical,4,0.0,2.0,2.0,0.0,2.0,2.0,planar_no_correction,0.0,2.0,0.00021276677791715048,0.034913564186737744,0.02459368014815766,0.0,0.034913564186737744,0.0,0.9987808449907605,0.9999994074080394,0.9987814368606104,0.0018895470862376525,0.0011546050734204886,0.009766915122490293,-0.0017925211841428972,0.0005499047359864748,0.003897739530262627,0.0015106613708898492,0.006238389711325126,0.0022652607451289154,0.00021276677791715048
centered,0.0,0.0,vertical,5,0.0,2.5,2.5,0.0,2.5,2.5,exact_true_distance,0.0,2.5,0.0,1.1368683772161603e-13,5.684341886080802e-14,0.0,8.526512829121202e-14,0.0,1.0000000000000038,1.0000000000000036,1.0000000000000002,6.644871334985297e-17,2.7755575615628914e-17,4.577566798522237e-16,-1.1598032197674751e-17,2.944234615559933e-17,3.0971724282513527e-16,6.658871234459541e-17,2.220446049250313e-16,5.551115123125783e-17,0.0
centered,0.0,0.0,vertical,5,0.0,2.5,2.5,0.0,2.5,2.5,exact_distance_minus_5cm,0.0,2.5,0.21830471454256029,5.684341886080802e-14,4.263256414560601e-14,0.0,5.684341886080802e-14,0.0,0.44444444444444553,0.6666666666666682,0.6666666666666667,0.33229195974866155,0.32756536092721905,0.6695998321423835,-0.33229195974866155,2.6023432037742495e-17,3.0531133177191805e-16,0.33333333333333337,0.5815392141587254,0.37345730803347493,0.21830471454256029
centered,0.0,0.0,vertical,5,0.0,2.5,2.5,0.0,2.5,2.5,exact_distance_plus_5cm,0.0,2.5,0.21830471454256029,5.684341886080802e-14,4.263256414560601e-14,0.0,5.684341886080802e-14,0.0,1.7777777777777821,1.3333333333333364,1.3333333333333335,0.33229195974866144,0.32756536092721883,0.669599832142384,0.33229195974866144,5.166607111734374e-17,6.106226635438361e-16,0.3333333333333333,0.5815392141587251,0.3734573080334749,0.21830471454256029
centered,0.0,0.0,vertical,5,0.0,2.5,2.5,0.0,2.5,2.5,planar_no_correction,0.0,2.5,0.00041567412980725305,0.05455866024576039,0.03843201753911529,0.0,0.05455866024576039,0.0,0.9980961717354676,0.9999994074080396,0.9980967631995852,0.0023487517561186434,0.0013563800179528698,0.011636918782587474,-0.0022318064971249235,0.0006711630488738828,0.0045569216098163435,0.0017397911169909307,0.007713142309566143,0.002001482234373367,0.00041567412980725305
centered,0.0,0.0,vertical,6,0.0,3.0,3.0,0.0,3.0,3.0,exact_true_distance,0.0,3.0,1.1102230246251565e-16,1.1368683772161603e-13,5.684341886080802e-14,0.0,8.526512829121202e-14,0.0,1.0000000000000038,1.0000000000000036,1.0000000000000002,8.052730254479022e-17,1.3877787807814457e-17,4.577566798522237e-16,-4.114844685134323e-18,3.0870581636016675e-17,2.837693131969706e-16,6.810338685920159e-17,2.237726045655905e-16,0.0,1.1102230246251565e-16
centered,0.0,0.0,vertical,6,0.0,3.0,3.0,0.0,3.0,3.0,exact_distance_minus_5cm,0.0,3.0,0.26203889641520606,5.684341886080802e-14,4.263256414560601e-14,0.0,5.684341886080802e-14,0.0,0.44444444444444553,0.6666666666666682,0.6666666666666667,0.3573403625938947,0.34956838275128416,0.7078051580142384,-0.3573403625938947,2.620350892445157e-17,2.220446049250313e-16,0.33313503866745986,0.6220340201660349,0.3604139331570203,0.26203889641520606
centered,0.0,0.0,vertical,6,0.0,3.0,3.0,0.0,3.0,3.0,exact_distance_plus_5cm,0.0,3.0,0.26203889641520606,5.684341886080802e-14,4.263256414560601e-14,0.0,5.684341886080802e-14,0.0,1.7777777777777821,1.3333333333333364,1.3333333333333335,0.3573403625938946,0.3495683827512839,0.7078051580142385,0.3573403625938946,5.0160442591793376e-17,3.885780586188048e-16,0.33313503866745986,0.6220340201660344,0.36041393315702014,0.26203889641520606
centered,0.0,0.0,vertical,6,0.0,3.0,3.0,0.0,3.0,3.0,planar_no_correction,0.0,3.0,0.000718525848169671,0.07857539898421351,0.055349838687405395,0.0,0.0785753989841993,0.0,0.997259773822567,0.9999994074080396,0.9972603647910416,0.0029314775741046584,0.0016507339603228162,0.013775981119402475,-0.002791013280877824,0.0008193842773558004,0.005270476577343,0.002019270428578414,0.00948326934487813,0.0018300903013215328,0.000718525848169671
centered,0.0,0.0,vertical,7,0.0,3.5,3.5,0.0,3.5,3.5,exact_true_distance,0.0,3.5,1.1102230246251565e-16,2.842170943040401e-14,1.4210854715202004e-14,0.0,2.842170943040401e-14,0.0,1.000000000000001,1.0000000000000009,1.0000000000000002,7.397961212410927e-17,1.3877787807814457e-17,6.661338147750939e-16,-1.193841253368935e-17,3.035212163146583e-17,3.2731217856998257e-16,6.398209754679944e-17,2.237726045655905e-16,2.7755575615628914e-17,1.1102230246251565e-16
centered,0.0,0.0,vertical,7,0.0,3.5,3.5,0.0,3.5,3.5,exact_distance_minus_5cm,0.0,3.5,0.3058131007524214,5.684341886080802e-14,4.263256414560601e-14,0.0,5.684341886080802e-14,0.0,0.44444444444444553,0.6666666666666682,0.6666666666666667,0.3864056909703337,0.37635908990868455,0.7467745695952331,-0.3864056909703337,2.821273355724565e-17,3.0531133177191805e-16,0.33333333333333337,0.6641223575130077,0.3523595339057583,0.3058131007524214
centered,0.0,0.0,vertical,7,0.0,3.5,3.5,0.0,3.5,3.5,exact_distance_plus_5cm,0.0,3.5,0.30581310075242185,5.684341886080802e-14,4.263256414560601e-14,0.0,5.684341886080802e-14,0.0,1.7777777777777821,1.3333333333333364,1.3333333333333335,0.38640569097033367,0.3763590899086848,0.7467745695952331,0.38640569097033367,5.574953381480967e-17,6.106226635438361e-16,0.3333333333333333,0.6641223575130071,0.3523595339057582,0.30581310075242185
centered,0.0,0.0,vertical,7,0.0,3.5,3.5,0.0,3.5,3.5,planar_no_correction,0.0,3.5,0.001141444960241489,0.10696740385952808,0.07534972606542567,0.0,0.10696740385951387,0.0,0.9962719060229231,0.9999994074080396,0.9962724964059949,0.003650619251419216,0.0020722525703784044,0.016204195095327716,-0.0034834562856790683,0.000995256478452524,0.006038328573204474,0.0023489125359701575,0.01158200672187311,0.001734955095078163,0.001141444960241489
centered,0.0,0.0,vertical,8,0.0,4.0,4.0,0.0,4.0,4.0,exact_true_distance,0.0,4.0,0.0,3.410605131648481e-13,2.4158453015843406e-13,0.0,3.410605131648481e-13,0.0,1.0000000000000122,1.000000000000012,1.0000000000000002,9.76265531338216e-17,2.7755575615628914e-17,4.577566798522237e-16,-8.816666137429433e-18,3.504766175442597e-17,2.837693131969706e-16,7.257599660560134e-17,4.440892098500626e-16,0.0,0.0
centered,0.0,0.0,vertical,8,0.0,4.0,4.0,0.0,4.0,4.0,exact_distance_minus_5cm,0.0,4.0,0.3496340597175521,3.126388037344441e-13,2.1316282072803006e-13,0.0,2.984279490192421e-13,0.0,0.4444444444444492,0.6666666666666737,0.6666666666666667,0.419060402845533,0.4097469442083923,0.7864169763718972,-0.419060402845533,2.875244823775479e-17,2.220446049250313e-16,0.3331350386674599,0.7067626449912824,0.3496340597175521,0.3496340597175521
centered,0.0,0.0,vertical,8,0.0,4.0,4.0,0.0,4.0,4.0,exact_distance_plus_5cm,0.0,4.0,0.349634059717552,3.126388037344441e-13,2.1316282072803006e-13,0.0,2.984279490192421e-13,0.0,1.7777777777777966,1.3333333333333475,1.3333333333333335,0.4190604028455328,0.4097469442083922,0.7864169763718971,0.4190604028455328,5.5498767720423966e-17,3.885780586188048e-16,0.33313503866745986,0.7067626449912819,0.349634059717552,0.349634059717552
centered,0.0,0.0,vertical,8,0.0,4.0,4.0,0.0,4.0,4.0,planar_no_correction,0.0,4.0,0.0017046279560586353,0.13973894253244623,0.09843473521836188,0.0,0.13973894253244623,0.0,0.9951328692459023,0.9999994074080396,0.9951334589539895,0.004521397643876517,0.0026603436913016612,0.01894207111309559,-0.004324733720056995,0.001199055457168287,0.006860415450366466,0.002728796277663934,0.01383301481972217,0.0017046279560586353,0.0017046279560586353
centered,0.0,0.0,vertical,9,0.0,4.5,4.5,0.0,4.5,4.5,exact_true_distance,0.0,4.5,0.0,2.842170943040401e-14,1.4210854715202004e-14,0.0,2.842170943040401e-14,0.0,1.000000000000001,1.0000000000000009,1.0000000000000002,9.185520650456873e-17,2.7755575615628914e-17,8.95090418262362e-16,-1.1396002121761521e-17,3.53313145338786e-17,3.2731217856998257e-16,6.825977197709712e-17,4.440892098500626e-16,2.7755575615628914e-17,0.0
centered,0.0,0.0,vertical,9,0.0,4.5,4.5,0.0,4.5,4.5,exact_distance_minus_5cm,0.0,4.5,0.39350853412309217,5.684341886080802e-14,4.263256414560601e-14,0.0,5.684341886080802e-14,0.0,0.44444444444444364,0.6666666666666667,0.6666666666666654,0.4545472923517015,0.4476121840544286,0.8266585834463533,-0.4545472923517015,3.286583775306922e-17,2.220446049250313e-16,0.33333333333333337,0.7490112025603173,0.3523595339057583,0.39350853412309217
centered,0.0,0.0,vertical,9,0.0,4.5,4.5,0.0,4.5,4.5,exact_distance_plus_5cm,0.0,4.5,0.3935085341230924,5.684341886080802e-14,4.263256414560601e-14,0.0,5.684341886080802e-14,0.0,1.7777777777777746,1.3333333333333335,1.3333333333333308,0.4545472923517013,0.4476121840544285,0.826658583446354,0.4545472923517014,6.464192655275859e-17,4.440892098500626e-16,0.3333333333333333,0.7490112025603172,0.3523595339057582,0.3935085341230924
centered,0.0,0.0,vertical,9,0.0,4.5,4.5,0.0,4.5,4.5,planar_no_correction,0.0,4.5,0.002428357273104309,0.17689491950352476,0.12460839654833933,0.0,0.17689491950352476,0.0,0.9938430104476761,0.9999994074080396,0.993843599391403,0.005561174992533224,0.0035152798824669928,0.02201049335719394,-0.00533249375753488,0.001430835938663965,0.007736691452578718,0.0031595192551523033,0.016524855595274827,0.001734955095078163,0.002428357273104309
centered,0.0,0.0,vertical,10,0.0,5.0,5.0,0.0,5.0,5.0,exact_true_distance,0.0,5.0,2.220446049250313e-16,2.842170943040401e-14,1.4210854715202004e-14,0.0,2.842170943040401e-14,0.0,1.000000000000001,1.0000000000000009,1.0000000000000002,1.1878251963587035e-16,1.1102230246251565e-16,4.577566798522237e-16,-1.8457848154879692e-17,3.986196671349893e-17,2.837693131969706e-16,7.756684820518781e-17,4.440892098500626e-16,0.0,2.220446049250313e-16
centered,0.0,0.0,vertical,10,0.0,5.0,5.0,0.0,5.0,5.0,exact_distance_minus_5cm,0.0,5.0,0.4374433176296201,1.7053025658242404e-13,1.2789769243681803e-13,0.0,1.7053025658242404e-13,0.0,0.44444444444444736,0.666666666666671,0.6666666666666667,0.491913607294367,0.48631856526696743,0.8674395174284654,-0.491913607294367,3.2308579765545434e-17,2.220446049250313e-16,0.33333333333333337,0.7927104450984527,0.3604139331570203,0.4374433176296201
centered,0.0,0.0,vertical,10,0.0,5.0,5.0,0.0,5.0,5.0,exact_distance_plus_5cm,0.0,5.0,0.43744331762961974,1.7053025658242404e-13,1.2789769243681803e-13,0.0,1.7053025658242404e-13,0.0,1.7777777777777892,1.333333333333342,1.3333333333333335,0.491913607294367,0.486318565266967,0.8674395174284656,0.491913607294367,6.307954026921969e-17,3.885780586188048e-16,0.3333333333333333,0.7927104450984525,0.36041393315702014,0.43744331762961974
centered,0.0,0.0,vertical,10,0.0,5.0,5.0,0.0,5.0,5.0,planar_no_correction,0.0,5.0,0.0033330138931129127,0.218440867566855,0.15387471738434755,0.0,0.218440867566855,0.0,0.9924027225255848,0.9999994074080396,0.9924033106158081,0.006788810715399327,0.004500211166250516,0.025430689808750385,-0.006525855210865513,0.0016886486569113203,0.008667127389788582,0.0036418683663439417,0.019595267975040912,0.0018300903013215328,0.0033330138931129127
centered,0.0,0.0,vertical,11,0.0,5.5,5.5,0.0,5.5,5.5,exact_true_distance,0.0,5.5,0.0,1.7053025658242404e-13,1.2079226507921703e-13,0.0,1.7053025658242404e-13,0.0,1.0000000000000067,1.0000000000000064,1.0000000000000002,1.1471169369377543e-16,0.0,8.95090418262362e-16,-6.848786407796157e-18,3.8836420256605147e-17,3.614082963872241e-16,7.064483950573273e-17,4.440892098500626e-16,5.551115123125783e-17,0.0
centered,0.0,0.0,vertical,11,0.0,5.5,5.5,0.0,5.5,5.5,exact_distance_minus_5cm,0.0,5.5,0.48144524098769303,1.7053025658242404e-13,1.2789769243681803e-13,0.0,1.7053025658242404e-13,0.0,0.44444444444444736,0.666666666666671,0.6666666666666667,0.530642019386107,0.5254645211267526,0.9087111538933363,-0.530642019386107,3.764174509799525e-17,3.3306690738754696e-16,0.33333333333333337,0.8369001557454444,0.37345730803347493,0.48144524098769303
centered,0.0,0.0,vertical,11,0.0,5.5,5.5,0.0,5.5,5.5,exact_distance_plus_5cm,0.0,5.5,0.4814452409876928,1.7053025658242404e-13,1.2789769243681803e-13,0.0,1.7053025658242404e-13,0.0,1.7777777777777892,1.333333333333342,1.3333333333333335,0.5306420193861069,0.5254645211267523,0.9087111538933371,0.5306420193861069,7.386351428704101e-17,6.106226635438361e-16,0.3333333333333333,0.8369001557454453,0.3734573080334749,0.4814452409876928
centered,0.0,0.0,vertical,11,0.0,5.5,5.5,0.0,5.5,5.5,planar_no_correction,0.0,5.5,0.004439090067757334,0.2643829380638323,0.18623818434510042,0.0,0.2643829380638323,0.0,0.990812444198496,0.9999994074080396,0.9908130313463326,0.008223837201938018,0.005683790073684877,0.02922421330720217,-0.007924696391912402,0.001973314904176744,0.009651709664205352,0.004176114024405848,0.023060244850134082,0.002001482234373367,0.004439090067757334
centered,0.0,0.0,vertical,12,0.0,6.0,6.0,0.0,6.0,6.0,exact_true_distance,0.0,6.0,2.220446049250313e-16,1.4210854715202004e-13,9.237055564881302e-14,0.0,1.4210854715202004e-13,0.0,0.9999999999999956,1.0000000000000002,0.9999999999999953,1.4333456597169334e-16,1.1102230246251565e-16,8.881784197001252e-16,-1.0957315907135238e-18,4.443280180776231e-17,3.4488080062935634e-16,8.210206055922563e-17,4.440892098500626e-16,1.1102230246251565e-16,2.220446049250313e-16
centered,0.0,0.0,vertical,12,0.0,6.0,6.0,0.0,6.0,6.0,exact_distance_minus_5cm,0.0,6.0,0.525521176328382,5.684341886080802e-14,4.263256414560601e-14,0.0,5.684341886080802e-14,0.0,0.44444444444444364,0.6666666666666667,0.6666666666666654,0.5704075439771836,0.5652231335161634,0.9504340015281164,-0.5704075439771836,3.7078295355054536e-17,2.7755575615628914e-16,0.33333333333333337,0.8813041044751201,0.3909981469494991,0.525521176328382
centered,0.0,0.0,vertical,12,0.0,6.0,6.0,0.0,6.0,6.0,exact_distance_plus_5cm,0.0,6.0,0.5255211763283829,5.684341886080802e-14,4.263256414560601e-14,0.0,5.684341886080802e-14,0.0,1.7777777777777746,1.3333333333333335,1.3333333333333308,0.5704075439771836,0.5652231335161632,0.9504340015281171,0.5704075439771836,7.310399228923083e-17,6.106226635438361e-16,0.3333333333333333,0.8813041044751196,0.390998146949499,0.5255211763283829
centered,0.0,0.0,vertical,12,0.0,6.0,6.0,0.0,6.0,6.0,planar_no_correction,0.0,6.0,0.005767202190249954,0.31472788991700895,0.22170376600317354,0.0,0.31472788991700895,0.0,0.9890726598730927,0.9999994074080394,0.9890732459899467,0.009886131652339711,0.0071135431232711,0.03341293121704189,-0.009549312037937331,0.002285266002991641,0.010690438858278221,0.0047621668283951155,0.026824855273601757,0.0022652607451289154,0.005767202190249954
centered,0.0,0.0,vertical,13,0.0,6.5,6.5,0.0,6.5,6.5,exact_true_distance,0.0,6.5,0.0,2.842170943040401e-14,1.4210854715202004e-14,0.0,2.842170943040401e-14,0.0,1.000000000000001,1.0000000000000009,1.0000000000000002,1.3292479555940653e-16,0.0,8.95090418262362e-16,1.1507680032236915e-18,4.027402538498046e-17,3.614082963872241e-16,6.765823122384545e-17,4.449557262054371e-16,0.0,0.0
centered,0.0,0.0,vertical,13,0.0,6.5,6.5,0.0,6.5,6.5,exact_distance_minus_5cm,0.0,6.5,0.5696780415082277,5.684341886080802e-14,4.263256414560601e-14,0.0,5.684341886080802e-14,0.0,0.44444444444444364,0.6666666666666667,0.6666666666666654,0.6109880622034782,0.6073609782988947,0.9925760244600937,-0.6109880622034782,4.01163833462953e-17,3.3306690738754696e-16,0.3333333333333333,0.924623967361623,0.41247297499322017,0.5696780415082277
centered,0.0,0.0,vertical,13,0.0,6.5,6.5,0.0,6.5,6.5,exact_distance_plus_5cm,0.0,6.5,0.5696780415082272,5.684341886080802e-14,4.263256414560601e-14,0.0,5.684341886080802e-14,0.0,1.7777777777777746,1.3333333333333335,1.3333333333333308,0.6109880622034782,0.6073609782988945,0.9925760244600941,0.6109880622034782,7.823076577444961e-17,6.106226635438361e-16,0.3333333333333333,0.9246239673616234,0.41247297499322005,0.5696780415082272
centered,0.0,0.0,vertical,13,0.0,6.5,6.5,0.0,6.5,6.5,planar_no_correction,0.0,6.5,0.007338103830211162,0.3694830774106208,0.26027691585183277,0.0,0.3694830774106208,0.0,0.9871838994964081,0.9999994074080396,0.987184484493997,0.011795850467133403,0.008827912034627078,0.03801902168822377,-0.011420282162856635,0.0026247130581581995,0.011783328243263265,0.005399806123221476,0.03085104212042686,0.002639244132429373,0.007338103830211162
centered,0.0,0.0,vertical,14,0.0,7.0,7.0,0.0,7.0,7.0,exact_true_distance,0.0,7.0,2.220446049250313e-16,2.842170943040401e-14,1.4210854715202004e-14,0.0,2.842170943040401e-14,0.0,1.000000000000001,1.0000000000000009,1.0000000000000002,1.6048907994269173e-16,1.1102230246251565e-16,8.95090418262362e-16,1.4822926995157215e-18,4.546788714388797e-17,3.4488080062935634e-16,8.120327984909285e-17,4.449557262054371e-16,1.1102230246251565e-16,2.220446049250313e-16
centered,0.0,0.0,vertical,14,0.0,7.0,7.0,0.0,7.0,7.0,exact_distance_minus_5cm,0.0,7.0,0.6139228045145229,1.7053025658242404e-13,1.2789769243681803e-13,0.0,1.7053025658242404e-13,0.0,0.44444444444444736,0.666666666666671,0.6666666666666667,0.6522266953257257,0.6496250754517428,1.035111308261867,-0.6522266953257257,3.814534120523896e-17,2.7755575615628914e-16,0.33333333333333337,0.967242085437721,0.4373146592980149,0.6139228045145229
centered,0.0,0.0,vertical,14,0.0,7.0,7.0,0.0,7.0,7.0,exact_distance_plus_5cm,0.0,7.0,0.6139228045145233,1.7053025658242404e-13,1.2789769243681803e-13,0.0,1.7053025658242404e-13,0.0,1.7777777777777892,1.333333333333342,1.3333333333333335,0.6522266953257257,0.6496250754517428,1.0351113082618677,0.6522266953257257,7.549607379863846e-17,6.106226635438361e-16,0.3333333333333333,0.9672420854377219,0.4373146592980149,0.6139228045145233
centered,0.0,0.0,vertical,14,0.0,7.0,7.0,0.0,7.0,7.0,planar_no_correction,0.0,7.0,0.009172698949522662,0.4286564366965706,0.30196357558625664,0.0,0.4286564366965706,0.0,0.9851467383944266,0.9999994074080396,0.9851473221848095,0.013973433055564297,0.010809937891175967,0.043064974946615646,-0.01355842149821394,0.0029917507609070275,0.01293040237694362,0.0060888134557540476,0.03538261167030822,0.0031409478323560914,0.009172698949522662
centered,0.0,0.0,vertical,15,0.0,7.5,7.5,0.0,7.5,7.5,exact_true_distance,0.0,7.5,0.0,2.842170943040401e-14,1.4210854715202004e-14,0.0,2.842170943040401e-14,0.0,1.000000000000001,1.0000000000000009,1.0000000000000002,1.5778465569189072e-16,0.0,8.95090418262362e-16,1.8747027174256093e-17,4.314696385361362e-17,3.614082963872241e-16,7.206395901197114e-17,4.577566798522237e-16,2.220446049250313e-16,0.0
centered,0.0,0.0,vertical,15,0.0,7.5,7.5,0.0,7.5,7.5,exact_distance_minus_5cm,0.0,7.5,0.6582624879369792,1.7053025658242404e-13,1.2789769243681803e-13,0.0,1.7053025658242404e-13,0.0,0.44444444444444736,0.666666666666671,0.6666666666666667,0.694010534712177,0.6913832003397028,1.0780189953497026,-0.694010534712177,4.2976974348917374e-17,3.3306690738754696e-16,0.3333333333333333,1.0118666290496345,0.46499777058768393,0.6582624879369792
centered,0.0,0.0,vertical,15,0.0,7.5,7.5,0.0,7.5,7.5,exact_distance_plus_5cm,0.0,7.5,0.6582624879369792,1.7053025658242404e-13,1.2789769243681803e-13,0.0,1.7053025658242404e-13,0.0,1.7777777777777892,1.333333333333342,1.3333333333333335,0.6940105347121772,0.6913832003397032,1.0780189953497037,0.6940105347121772,8.458969858763764e-17,6.106226635438361e-16,0.33333333333333337,1.0118666290496352,0.464997770587684,0.6582624879369792
centered,0.0,0.0,vertical,15,0.0,7.5,7.5,0.0,7.5,7.5,planar_no_correction,0.0,7.5,0.011292055317317029,0.49225647099578396,0.3467701787078852,0.0,0.49225647099576975,0.0,0.9829617970967857,0.9999994074080396,0.9829623795923892,0.016439612652527646,0.013030990149504042,0.048573598436572,-0.015984763806379754,0.0033864168424732255,0.014131695858925746,0.006829029212491253,0.04043161149473278,0.00378707141977163,0.011292055317317029
centered,0.0,0.0,vertical,16,0.0,8.0,8.0,0.0,8.0,8.0,exact_true_distance,0.0,8.0,0.0,2.842170943040401e-14,1.4210854715202004e-14,0.0,2.842170943040401e-14,0.0,1.000000000000001,1.0000000000000009,1.0000000000000002,1.815509554592958e-16,1.1102230246251565e-16,8.95090418262362e-16,2.5407059089814493e-17,4.616562009632352e-17,3.4488080062935634e-16,8.108230634265474e-17,4.577566798522237e-16,2.220446049250313e-16,0.0
centered,0.0,0.0,vertical,16,0.0,8.0,8.0,0.0,8.0,8.0,exact_distance_minus_5cm,0.0,8.0,0.7027041735119572,5.684341886080802e-14,4.263256414560601e-14,0.0,5.684341886080802e-14,0.0,0.44444444444444364,0.6666666666666667,0.6666666666666654,0.736257269321695,0.7341980720693784,1.1212824318368775,-0.736257269321695,4.1724175836225023e-17,3.885780586188048e-16,0.33333333333333337,1.0562762916994002,0.49506130429785533,0.7027041735119572
centered,0.0,0.0,vertical,16,0.0,8.0,8.0,0.0,8.0,8.0,exact_distance_plus_5cm,0.0,8.0,0.702704173511957,5.684341886080802e-14,4.263256414560601e-14,0.0,5.684341886080802e-14,0.0,1.7777777777777746,1.3333333333333335,1.3333333333333308,0.736257269321695,0.7341980720693777,1.1212824318368801,0.736257269321695,8.20159922526667e-17,6.106226635438361e-16,0.3333333333333333,1.056276291699401,0.4950613042978556,0.702704173511957
centered,0.0,0.0,vertical,16,0.0,8.0,8.0,0.0,8.0,8.0,planar_no_correction,0.0,8.0,0.013717418142676241,0.5602922344560568,0.39470365445646394,0.0,0.5602922344560568,0.0,0.9806297411478325,0.9999994074080396,0.9806303222614776,0.019215417990457482,0.015572557079692836,0.054568024944216253,-0.018720561193800014,0.0038087242033703374,0.015387252260982254,0.007620362491001516,0.045868991041629975,0.004593909233150734,0.013717418142676241
centered,0.0,0.0,vertical,17,0.0,8.5,8.5,0.0,8.5,8.5,exact_true_distance,0.0,8.5,0.0,2.842170943040401e-14,1.4210854715202004e-14,0.0,2.842170943040401e-14,0.0,1.000000000000001,1.0000000000000009,1.0000000000000002,1.6506136508497318e-16,0.0,8.95090418262362e-16,2.4552483832886653e-17,4.318178937872537e-17,3.614082963872241e-16,6.95622389170529e-17,4.577566798522237e-16,2.220446049250313e-16,0.0
centered,0.0,0.0,vertical,17,0.0,8.5,8.5,0.0,8.5,8.5,exact_distance_minus_5cm,0.0,8.5,0.7472550067456389,5.684341886080802e-14,4.263256414560601e-14,0.0,5.684341886080802e-14,0.0,0.44444444444444364,0.6666666666666667,0.6666666666666654,0.7789063453279174,0.7767156565106155,1.1648884808126867,-0.7789063453279174,4.292537638710962e-17,3.3306690738754696e-16,0.3333333333333333,1.100696806171064,0.5271148985505326,0.7472550067456389
centered,0.0,0.0,vertical,17,0.0,8.5,8.5,0.0,8.5,8.5,exact_distance_plus_5cm,0.0,8.5,0.7472550067456392,5.684341886080802e-14,4.263256414560601e-14,0.0,5.684341886080802e-14,0.0,1.7777777777777746,1.3333333333333335,1.3333333333333308,0.7789063453279176,0.7767156565106159,1.1648884808126885,0.7789063453279176,8.49632678311258e-17,6.106226635438361e-16,0.33333333333333337,1.1006968061710638,0.5271148985505327,0.7472550067456392
centered,0.0,0.0,vertical,17,0.0,8.5,8.5,0.0,8.5,8.5,planar_no_correction,0.0,8.5,0.016470223944146767,0.6327733146372339,0.44577143208280745,0.0,0.6327733146372196,0.0,0.9781512809038974,0.9999994074080396,0.978151860548826,0.022322168063585404,0.018368725609772776,0.061071723064056074,-0.021787289859957266,0.004258677351103614,0.016697123225515396,0.008462780330236478,0.051795783513191605,0.005577932618305631,0.016470223944146767
centered,0.0,0.0,vertical,18,0.0,9.0,9.0,0.0,9.0,9.0,exact_true_distance,0.0,9.0,0.0,2.842170943040401e-14,1.4210854715202004e-14,0.0,2.842170943040401e-14,0.0,1.000000000000001,1.0000000000000009,1.0000000000000002,1.939287303331115e-16,1.1102230246251565e-16,1.3322676295501878e-15,2.468310225628488e-17,4.604692543923348e-17,4.0289755838802254e-16,7.942525618238316e-17,4.577566798522237e-16,2.220446049250313e-16,0.0
centered,0.0,0.0,vertical,18,0.0,9.0,9.0,0.0,9.0,9.0,exact_distance_minus_5cm,0.0,9.0,0.7919222016226815,5.684341886080802e-14,4.263256414560601e-14,0.0,5.684341886080802e-14,0.0,0.44444444444444364,0.6666666666666667,0.6666666666666654,0.8219129529860673,0.819229923978947,1.208826967077491,-0.8219129529860673,4.246925040472904e-17,3.885780586188048e-16,0.33333333333333337,1.145377788294527,0.5608353767286971,0.7919222016226815
centered,0.0,0.0,vertical,18,0.0,9.0,9.0,0.0,9.0,9.0,exact_distance_plus_5cm,0.0,9.0,0.7919222016226812,5.684341886080802e-14,4.263256414560601e-14,0.0,5.684341886080802e-14,0.0,1.7777777777777746,1.3333333333333335,1.3333333333333308,0.8219129529860674,0.8192299239789483,1.2088269670774914,0.8219129529860674,8.434615620790503e-17,6.106226635438361e-16,0.33333333333333337,1.1453777882945266,0.5608353767286971,0.7919222016226812
centered,0.0,0.0,vertical,18,0.0,9.0,9.0,0.0,9.0,9.0,planar_no_correction,0.0,9.0,0.019572114675699304,0.7097098135831743,0.4999814454707945,0.0,0.7097098135831601,0.0,0.9755271713169223,0.9999994074080396,0.9755277494068237,0.02578146573972429,0.021583046123416164,0.06810850954644354,-0.025206658800636852,0.0047362803166962385,0.018061367714850365,0.009356292036433738,0.05821353862775394,0.006756170364811189,0.019572114675699304
centered,0.0,0.0,vertical,19,0.0,9.5,9.5,0.0,9.5,9.5,exact_true_distance,0.0,9.5,0.0,2.842170943040401e-14,1.4210854715202004e-14,0.0,2.842170943040401e-14,0.0,1.000000000000001,1.0000000000000009,1.0000000000000002,1.7310757229750967e-16,0.0,8.95090418262362e-16,2.7709801276672922e-17,4.300134550441441e-17,3.614082963872241e-16,6.725158112794642e-17,4.577566798522237e-16,0.0,0.0
centered,0.0,0.0,vertical,19,0.0,9.5,9.5,0.0,9.5,9.5,exact_distance_minus_5cm,0.0,9.5,0.8367130454070977,5.684341886080802e-14,4.263256414560601e-14,0.0,5.684341886080802e-14,0.0,0.44444444444444364,0.6666666666666667,0.6666666666666654,0.8652438560397474,0.8619096990781484,1.2530902261470642,-0.8652438560397474,4.303270014766975e-17,3.3306690738754696e-16,0.3333333333333333,1.1903174400444887,0.5959587994842985,0.8367130454070977
centered,0.0,0.0,vertical,19,0.0,9.5,9.5,0.0,9.5,9.5,exact_distance_plus_5cm,0.0,9.5,0.8367130454070981,5.684341886080802e-14,4.263256414560601e-14,0.0,5.684341886080802e-14,0.0,1.7777777777777746,1.3333333333333335,1.3333333333333308,0.8652438560397476,0.8619096990781481,1.2530902261470658,0.8652438560397476,8.460001817999919e-17,6.106226635438361e-16,0.33333333333333337,1.1903174400444883,0.5959587994842984,0.8367130454070981
centered,0.0,0.0,vertical,19,0.0,9.5,9.5,0.0,9.5,9.5,planar_no_correction,0.0,9.5,0.02304495212937363,0.7911123274390519,0.5573421381173063,0.0,0.7911123274390519,0.0,0.9727582117045787,0.9999994074080396,0.9727587881536159,0.02961519397953883,0.025105385845300764,0.0757025631927205,-0.029000620136182622,0.0052415401543074785,0.019480051390914774,0.010300935422310734,0.06521226840677459,0.008146353964374324,0.02304495212937363
centered,0.0,0.0,vertical,20,0.0,10.0,10.0,0.0,10.0,10.0,exact_true_distance,0.0,10.0,0.0,2.842170943040401e-14,1.4210854715202004e-14,0.0,2.842170943040401e-14,0.0,1.000000000000001,1.0000000000000009,1.0000000000000002,2.1699347832115063e-16,1.1102230246251565e-16,1.3322676295501878e-15,2.815308816099888e-17,4.691587557626918e-17,4.0289755838802254e-16,8.062905727837257e-17,4.577566798522237e-16,2.220446049250313e-16,0.0
centered,0.0,0.0,vertical,20,0.0,10.0,10.0,0.0,10.0,10.0,exact_distance_minus_5cm,0.0,10.0,0.8816349035423248,5.684341886080802e-14,4.263256414560601e-14,0.0,5.684341886080802e-14,0.0,0.44444444444444364,0.6666666666666667,0.6666666666666654,0.9088744533256334,0.9059140596467992,1.297672736340663,-0.9088744533256334,4.3001741370585096e-17,3.885780586188048e-16,0.33333333333333337,1.2355154389651777,0.6322712230463807,0.8816349035423248
centered,0.0,0.0,vertical,20,0.0,10.0,10.0,0.0,10.0,10.0,exact_distance_plus_5cm,0.0,10.0,0.881634903542325,5.684341886080802e-14,4.263256414560601e-14,0.0,5.684341886080802e-14,0.0,1.7777777777777746,1.3333333333333335,1.3333333333333308,0.9088744533256334,0.9059140596467996,1.297672736340663,0.9088744533256335,8.519855453696918e-17,6.106226635438361e-16,0.33333333333333337,1.2355154389651777,0.6322712230463815,0.881634903542325
centered,0.0,0.0,vertical,20,0.0,10.0,10.0,0.0,10.0,10.0,planar_no_correction,0.0,10.0,0.02691083263548011,0.8769919245786468,0.6178624684856899,0.0,0.8769919245786468,0.0,0.9698452455067065,0.9999994074080396,0.9698458202295424,0.03384551600996172,0.029164318741107195,0.0838784400600645,-0.033191380575831514,0.005774468250658918,0.02095324610520517,0.011296766725265589,0.07275015034404682,0.009766915122490293,0.02691083263548011
centered,0.0,0.0,diagonal,0,0.0,0.0,0.0,0.0,0.0,0.0,exact_true_distance,0.0,0.0,0.0,1.4210854715202004e-14,0.0,0.0,0.0,0.0,1.0000000000000004,1.0000000000000002,1.0000000000000002,5.72926156272982e-17,1.3877787807814457e-17,2.482534153247273e-16,-1.2899129171815055e-17,2.6961103667143794e-17,2.2829272114827344e-16,6.718002972396541e-17,2.220446049250313e-16,2.220446049250313e-16,0.0
centered,0.0,0.0,diagonal,0,0.0,0.0,0.0,0.0,0.0,0.0,exact_distance_minus_5cm,0.0,0.0,0.0,1.4210854715202004e-14,0.0,0.0,0.0,0.0,0.44444444444444453,0.6666666666666667,0.6666666666666667,0.2740670620042495,0.2844201808984751,0.49506130429785533,-0.2740670620042495,2.1278999449519193e-17,2.220446049250313e-16,0.33313503866745986,0.4270088825046732,0.49506130429785533,0.0
centered,0.0,0.0,diagonal,0,0.0,0.0,0.0,0.0,0.0,0.0,exact_distance_plus_5cm,0.0,0.0,0.0,1.4210854715202004e-14,0.0,0.0,0.0,0.0,1.7777777777777781,1.3333333333333335,1.3333333333333335,0.27406706200424946,0.28442018089847493,0.4950613042978556,0.27406706200424946,4.1518815948230146e-17,4.163336342344337e-16,0.3331350386674598,0.4270088825046731,0.4950613042978556,0.0
centered,0.0,0.0,diagonal,0,0.0,0.0,0.0,0.0,0.0,0.0,planar_no_correction,0.0,0.0,0.0,1.4210854715202004e-14,0.0,0.0,0.0,0.0,0.9999988148164304,0.9999994074080396,0.9999994074080396,0.0011122447102203646,0.00089259512743767,0.004593909233150734,-0.0010521678417889473,0.00033468489158785484,0.0018059715432498205,0.0011022230379497439,0.0030154819925004603,0.004593909233150734,0.0
centered,0.0,0.0,diagonal,1,0.35355339059327373,0.35355339059327373,0.49999999999999994,0.35355339059327373,0.35355339059327373,0.49999999999999994,exact_true_distance,0.35355339059327373,0.35355339059327373,0.0,5.684341886080802e-14,1.4210854715202004e-14,0.0,1.4210854715202004e-14,0.0,1.0,1.0000000000000004,0.9999999999999996,7.65306040693626e-17,6.206335383118183e-17,4.577566798522237e-16,2.7668357994242424e-17,3.598883872406518e-17,3.1565773842693976e-16,9.17261067499645e-17,2.220446049250313e-16,1.1102230246251565e-16,0.0
centered,0.0,0.0,diagonal,1,0.35355339059327373,0.35355339059327373,0.49999999999999994,0.35355339059327373,0.35355339059327373,0.49999999999999994,exact_distance_minus_5cm,0.35355339059327373,0.35355339059327373,0.043634200489802696,2.842170943040401e-14,1.4210854715202004e-14,0.0,2.842170943040401e-14,0.0,0.44444444444444453,0.6666666666666669,0.6666666666666666,0.27642713419187537,0.2852394734963349,0.5391027457628844,-0.27642713419187537,2.515194246280947e-17,1.942890293094024e-16,0.33333333333333337,0.4368009684517613,0.45108630343423944,0.043634200489802696
centered,0.0,0.0,diagonal,1,0.35355339059327373,0.35355339059327373,0.49999999999999994,0.35355339059327373,0.35355339059327373,0.49999999999999994,exact_distance_plus_5cm,0.35355339059327373,0.35355339059327373,0.04363420048980269,2.842170943040401e-14,1.4210854715202004e-14,0.0,2.842170943040401e-14,0.0,1.7777777777777781,1.3333333333333337,1.3333333333333333,0.2764271341918754,0.2852394734963349,0.5391027457628843,0.2764271341918754,4.964833282085138e-17,3.608224830031759e-16,0.33333333333333337,0.4368009684517615,0.4510863034342392,0.04363420048980269
centered,0.0,0.0,diagonal,1,0.35355339059327373,0.35355339059327373,0.49999999999999994,0.35355339059327373,0.35355339059327373,0.49999999999999994,planar_no_correction,0.35355339059327373,0.35355339059327373,3.163339019732603e-06,0.0023082193166032994,0.0010908235068569638,0.0021816293492520344,0.0016362744170095311,0.0,0.9999036261603744,0.9999730968418846,0.999930527449459,0.0011584879057259018,0.0009109997988274802,0.005926000284295132,-0.0010968928098208665,0.0003453966205464094,0.002328775286137428,0.0011272665685914504,0.0032075353597847073,0.0034785941275825407,3.163339019732603e-06
centered,0.0,0.0,diagonal,2,0.7071067811865475,0.7071067811865475,0.9999999999999999,0.7071067811865475,0.7071067811865475,0.9999999999999999,exact_true_distance,0.7071067811865475,0.7071067811865475,2.7755575615628914e-17,1.1368683772161603e-13,4.263256414560601e-14,8.526512829121202e-14,0.0,0.0,0.9999999999999976,0.9999999999999997,0.9999999999999979,7.3402593583048e-17,5.551115123125783e-17,4.577566798522237e-16,2.6663089665205506e-17,3.3082330589278276e-17,3.3944343202347706e-16,8.135967666710577e-17,2.237726045655905e-16,1.1102230246251565e-16,2.7755575615628914e-17
centered,0.0,0.0,diagonal,2,0.7071067811865475,0.7071067811865475,0.9999999999999999,0.7071067811865475,0.7071067811865475,0.9999999999999999,exact_distance_minus_5cm,0.7071067811865475,0.7071067811865475,0.08727421665389673,8.526512829121202e-14,2.842170943040401e-14,5.684341886080802e-14,1.4210854715202004e-14,0.0,0.4444444444444435,0.6666666666666665,0.6666666666666653,0.2834733459920467,0.28655834875719366,0.5832166316206547,-0.2834733459920467,2.4082316714534657e-17,2.220446049250313e-16,0.3333333333333333,0.4613094440712192,0.40717177019576345,0.08727421665389673
centered,0.0,0.0,diagonal,2,0.7071067811865475,0.7071067811865475,0.9999999999999999,0.7071067811865475,0.7071067811865475,0.9999999999999999,exact_distance_plus_5cm,0.7071067811865475,0.7071067811865475,0.08727421665389677,8.526512829121202e-14,2.842170943040401e-14,5.684341886080802e-14,1.4210854715202004e-14,0.0,1.7777777777777737,1.333333333333333,1.3333333333333306,0.2834733459920468,0.2865583487571936,0.5832166316206544,0.28347334599204677,4.848092893495087e-17,4.440892098500626e-16,0.3333333333333334,0.4613094440712192,0.4071717701957638,0.08727421665389677
centered,0.0,0.0,diagonal,2,0.7071067811865475,0.7071067811865475,0.9999999999999999,0.7071067811865475,0.7071067811865475,0.9999999999999999,planar_no_correction,0.7071067811865475,0.7071067811865475,2.530839195956598e-05,0.009232855773191773,0.004363233891453433,0.008726185062528202,0.006545471497261701,0.0,0.9996181073069714,0.9998941653481317,0.9997239127392404,0.0012983584140046263,0.0009079900756524474,0.007494439886014013,-0.0012320331032477652,0.0003776104947045198,0.002943937784739085,0.0012023386151743427,0.003782903346283205,0.002560579131337573,2.530839195956598e-05
centered,0.0,0.0,diagonal,3,1.0606601717798212,1.0606601717798212,1.4999999999999998,1.0606601717798212,1.0606601717798212,1.4999999999999998,exact_true_distance,1.0606601717798212,1.0606601717798212,0.0,1.1368683772161603e-13,2.842170943040401e-14,1.1368683772161603e-13,4.263256414560601e-14,0.0,1.0000000000000018,1.0000000000000016,1.0000000000000002,5.717338654164638e-17,2.7755575615628914e-17,4.965068306494546e-16,-1.3245163326108985e-17,2.972990649181942e-17,2.4723706600288724e-16,7.039700591119674e-17,2.220446049250313e-16,1.5700924586837752e-16,0.0
centered,0.0,0.0,diagonal,3,1.0606601717798212,1.0606601717798212,1.4999999999999998,1.0606601717798212,1.0606601717798212,1.4999999999999998,exact_distance_minus_5cm,1.0606601717798212,1.0606601717798212,0.1309258668401986,1.9895196601282805e-13,9.237055564881302e-14,1.7053025658242404e-13,2.842170943040401e-14,0.0,0.44444444444444553,0.6666666666666687,0.6666666666666662,0.29512363830287947,0.2892703033753433,0.6274089993171518,-0.29512363830287947,2.3094731725534177e-17,1.6653345369377348e-16,0.33333333333333337,0.493623653984849,0.3633117596089327,0.1309258668401986
centered,0.0,0.0,diagonal,3,1.0606601717798212,1.0606601717798212,1.4999999999999998,1.0606601717798212,1.0606601717798212,1.4999999999999998,exact_distance_plus_5cm,1.0606601717798212,1.0606601717798212,0.1309258668401986,1.9895196601282805e-13,9.237055564881302e-14,1.7053025658242404e-13,2.842170943040401e-14,0.0,1.7777777777777821,1.3333333333333375,1.3333333333333324,0.2951236383028795,0.28927030337534343,0.6274089993171519,0.29512363830287947,4.5624207779464375e-17,3.3306690738754696e-16,0.33333333333333337,0.49362365398484903,0.36331175960893286,0.1309258668401986
centered,0.0,0.0,diagonal,3,1.0606601717798212,1.0606601717798212,1.4999999999999998,1.0606601717798212,1.0606601717798212,1.4999999999999998,planar_no_correction,1.0606601717798212,1.0606601717798212,8.542527328049462e-05,0.020773844377870887,0.009817050913667913,0.019632669808459013,0.014728712754219941,0.0,0.9991423995672781,0.9997626135417516,0.9993796387601692,0.0015352652113895383,0.0009432162758616824,0.009318906318726056,-0.0014604810684610665,0.0004330584586029478,0.0036590134168174994,0.0013272691693049805,0.004602114625591836,0.0018204763535464104,8.542527328049462e-05
centered,0.0,0.0,diagonal,4,1.414213562373095,1.414213562373095,1.9999999999999998,1.414213562373095,1.414213562373095,1.9999999999999998,exact_true_distance,1.414213562373095,1.414213562373095,0.0,1.1368683772161603e-13,4.263256414560601e-14,8.526512829121202e-14,0.0,0.0,1.000000000000003,1.0000000000000024,1.0000000000000007,1.1152449941162803e-16,1.1102230246251565e-16,7.021666937153402e-16,3.082896882988225e-17,4.857426181770839e-17,4.78128155607632e-16,1.144303370236997e-16,3.1401849173675503e-16,3.1401849173675503e-16,0.0
centered,0.0,0.0,diagonal,4,1.414213562373095,1.414213562373095,1.9999999999999998,1.414213562373095,1.414213562373095,1.9999999999999998,exact_distance_minus_5cm,1.414213562373095,1.414213562373095,0.17459497474622016,1.7053025658242404e-13,8.526512829121202e-14,5.684341886080802e-14,8.526512829121202e-14,0.0,0.44444444444444553,0.666666666666669,0.666666666666666,0.3112404478599278,0.3066754767465006,0.6716859228225261,-0.3112404478599278,3.0328314488815964e-17,2.7755575615628914e-16,0.33333333333333337,0.5311490510736753,0.3195003519155383,0.17459497474622016
centered,0.0,0.0,diagonal,4,1.414213562373095,1.414213562373095,1.9999999999999998,1.414213562373095,1.414213562373095,1.9999999999999998,exact_distance_plus_5cm,1.414213562373095,1.414213562373095,0.1745949747462201,1.7053025658242404e-13,8.526512829121202e-14,5.684341886080802e-14,8.526512829121202e-14,0.0,1.7777777777777821,1.333333333333338,1.333333333333332,0.3112404478599279,0.3066754767465006,0.6716859228225271,0.3112404478599279,6.087443687391292e-17,5.551115123125783e-16,0.33333333333333337,0.5311490510736753,0.3195003519155388,0.1745949747462201
centered,0.0,0.0,diagonal,4,1.414213562373095,1.414213562373095,1.9999999999999998,1.414213562373095,1.414213562373095,1.9999999999999998,planar_no_correction,1.414213562373095,1.414213562373095,0.00020252090567754303,0.0369310751017764,0.017451974731272912,0.034899420272211046,0.026187867463661973,0.0,0.9984767383488817,0.9995784424504195,0.9988978312709137,0.0018748448564471234,0.0011183594375327676,0.01141919253611459,-0.0017870431587842237,0.0005146434650824093,0.004481569165396909,0.0015017932448612328,0.005754792506388937,0.0012389771009303269,0.00020252090567754303
centered,0.0,0.0,diagonal,5,1.7677669529663687,1.7677669529663687,2.5,1.7677669529663687,1.7677669529663687,2.5,exact_true_distance,1.7677669529663687,1.7677669529663687,0.0,8.526512829121202e-14,4.973799150320701e-14,8.526512829121202e-14,2.842170943040401e-14,0.0,1.0000000000000018,1.0000000000000016,1.0000000000000002,6.943300007708959e-17,2.7755575615628914e-17,4.965068306494546e-16,3.0028362422106344e-18,3.4103756699078413e-17,4.849089730637818e-16,6.897493597440847e-17,2.237726045655905e-16,1.1102230246251565e-16,0.0
centered,0.0,0.0,diagonal,5,1.7677669529663687,1.7677669529663687,2.5,1.7677669529663687,1.7677669529663687,2.5,exact_distance_minus_5cm,1.7677669529663687,1.7677669529663687,0.2182873720997313,5.684341886080802e-14,4.263256414560601e-14,0.0,5.684341886080802e-14,0.0,0.44444444444444553,0.6666666666666682,0.6666666666666667,0.3316369035571881,0.3338849425335948,0.7160535155331247,-0.3316369035571882,2.5344660850161445e-17,2.7755575615628914e-16,0.33333333333333337,0.5745364626439873,0.2757316498074462,0.2182873720997313
centered,0.0,0.0,diagonal,5,1.7677669529663687,1.7677669529663687,2.5,1.7677669529663687,1.7677669529663687,2.5,exact_distance_plus_5cm,1.7677669529663687,1.7677669529663687,0.21828737209973134,5.684341886080802e-14,4.263256414560601e-14,0.0,5.684341886080802e-14,0.0,1.7777777777777821,1.3333333333333364,1.3333333333333335,0.3316369035571882,0.33388494253359485,0.7160535155331248,0.3316369035571882,5.023035783004289e-17,5.551115123125783e-16,0.33333333333333337,0.5745364626439871,0.275731649807446,0.21828737209973134
centered,0.0,0.0,diagonal,5,1.7677669529663687,1.7677669529663687,2.5,1.7677669529663687,1.7677669529663687,2.5,planar_no_correction,1.7677669529663687,1.7677669529663687,0.00039562744208630307,0.0577043903167862,0.027267586738368266,0.05452410551686171,0.04092555279135013,0.0,0.9976214529897856,0.999341653518639,0.9982786662371205,0.0023248955493578,0.001453343886644648,0.013815215262123275,-0.0022184141524770012,0.0006270436430498215,0.005419185560569432,0.0017255773722325677,0.007207324258952071,0.000796843197950691,0.00039562744208630307
centered,0.0,0.0,diagonal,6,2.1213203435596424,2.1213203435596424,2.9999999999999996,2.1213203435596424,2.1213203435596424,2.9999999999999996,exact_true_distance,2.1213203435596424,2.1213203435596424,0.0,1.4210854715202004e-14,0.0,0.0,0.0,0.0,1.0000000000000018,1.0000000000000009,1.0000000000000009,6.433221747017377e-17,2.7755575615628914e-17,4.577566798522237e-16,-8.07793277570897e-18,2.932854240684123e-17,3.1394828133827587e-16,6.413460565972724e-17,2.237726045655905e-16,1.1102230246251565e-16,0.0
centered,0.0,0.0,diagonal,6,2.1213203435596424,2.1213203435596424,2.9999999999999996,2.1213203435596424,2.1213203435596424,2.9999999999999996,exact_distance_minus_5cm,2.1213203435596424,2.1213203435596424,0.2620089013464716,1.4210854715202004e-13,6.394884621840902e-14,1.1368683772161603e-13,1.1368683772161603e-13,0.0,0.44444444444444553,0.6666666666666685,0.6666666666666664,0.3560664716337045,0.36513566963828276,0.7605179332087163,-0.3560664716337045,2.5459466315183705e-17,2.220446049250313e-16,0.33333333333333337,0.6180995790945908,0.23199977568119096,0.2620089013464716
centered,0.0,0.0,diagonal,6,2.1213203435596424,2.1213203435596424,2.9999999999999996,2.1213203435596424,2.1213203435596424,2.9999999999999996,exact_distance_plus_5cm,2.1213203435596424,2.1213203435596424,0.26200890134647137,1.4210854715202004e-13,6.394884621840902e-14,1.1368683772161603e-13,1.1368683772161603e-13,0.0,1.7777777777777821,1.333333333333337,1.3333333333333328,0.3560664716337045,0.36513566963828287,0.7605179332087166,0.3560664716337045,5.0828636197203836e-17,4.440892098500626e-16,0.3333333333333333,0.6180995790945908,0.23199977568119076,0.26200890134647137
centered,0.0,0.0,diagonal,6,2.1213203435596424,2.1213203435596424,2.9999999999999996,2.1213203435596424,2.1213203435596424,2.9999999999999996,planar_no_correction,2.1213203435596424,2.1213203435596424,0.0006838107091858672,0.08309358120730792,0.03926335073728637,0.07850372469192735,0.0589451339708944,0.0,0.9965769665260291,0.9990522486135034,0.9975223697350069,0.0028952853117341494,0.0019050968032689713,0.016527024195226826,-0.002763133085403274,0.0007755987438124818,0.006479457620143688,0.0019982523361878773,0.00893579342104575,0.00047489836735255665,0.0006838107091858672
centered,0.0,0.0,diagonal,7,2.4748737341529163,2.4748737341529163,3.5,2.4748737341529163,2.4748737341529163,3.5,exact_true_distance,2.4748737341529163,2.4748737341529163,1.1102230246251565e-16,1.7053025658242404e-13,8.526512829121202e-14,1.7053025658242404e-13,8.526512829121202e-14,0.0,1.0000000000000018,1.0000000000000022,0.9999999999999996,7.160863156192837e-17,2.7755575615628914e-17,4.440892098500626e-16,-9.965640540278856e-18,3.5734527671927983e-17,3.542848739527329e-16,6.962542402556217e-17,2.2247786310271853e-16,7.850462293418876e-17,1.1102230246251565e-16
centered,0.0,0.0,diagonal,7,2.4748737341529163,2.4748737341529163,3.5,2.4748737341529163,2.4748737341529163,3.5,exact_distance_minus_5cm,2.4748737341529163,2.4748737341529163,0.30576541834727283,1.9895196601282805e-13,7.815970093361102e-14,1.1368683772161603e-13,1.7053025658242404e-13,0.0,0.44444444444444464,0.6666666666666683,0.6666666666666653,0.3842309626042628,0.39959519893271844,0.8050853769476306,-0.3842309626042628,2.953312539990616e-17,3.3306690738754696e-16,0.33333333333333337,0.6618249451245881,0.18829886890993222,0.30576541834727283
centered,0.0,0.0,diagonal,7,2.4748737341529163,2.4748737341529163,3.5,2.4748737341529163,2.4748737341529163,3.5,exact_distance_plus_5cm,2.4748737341529163,2.4748737341529163,0.30576541834727294,1.9895196601282805e-13,7.815970093361102e-14,1.1368683772161603e-13,1.7053025658242404e-13,0.0,1.7777777777777786,1.3333333333333366,1.3333333333333306,0.3842309626042628,0.3995951989327185,0.8050853769476313,0.3842309626042628,5.827886590262594e-17,5.551115123125783e-16,0.33333333333333337,0.6618249451245882,0.1882988689099321,0.30576541834727294
centered,0.0,0.0,diagonal,7,2.4748737341529163,2.4748737341529163,3.5,2.4748737341529163,2.4748737341529163,3.5,planar_no_correction,2.4748737341529163,2.4748737341529163,0.0010861786796080859,0.11309838315881393,0.053438614446953636,0.10683460409961754,0.08025072452693394,0.0,0.9953437953932104,0.9987102300320985,0.9966292178274975,0.0035978319363797603,0.0024818806633287206,0.01957481132825974,-0.0034315152125707175,0.0009669979950423729,0.007669995789042926,0.002319447592933988,0.01092912429977231,0.0002540196636544084,0.0010861786796080859
centered,0.0,0.0,diagonal,8,2.82842712474619,2.82842712474619,3.9999999999999996,2.82842712474619,2.82842712474619,3.9999999999999996,exact_true_distance,2.82842712474619,2.82842712474619,0.0,3.410605131648481e-13,1.5631940186722204e-13,3.410605131648481e-13,1.7053025658242404e-13,0.0,1.0000000000000018,1.0000000000000036,0.9999999999999982,7.803834593973472e-17,2.7755575615628914e-17,4.965068306494546e-16,9.761755484604524e-18,3.7967223199822136e-17,4.915451534151053e-16,6.849137135874404e-17,2.237726045655905e-16,0.0,0.0
centered,0.0,0.0,diagonal,8,2.82842712474619,2.82842712474619,3.9999999999999996,2.82842712474619,2.82842712474619,3.9999999999999996,exact_distance_minus_5cm,2.82842712474619,2.82842712474619,0.3495627950869729,1.1368683772161603e-13,5.684341886080802e-14,1.1368683772161603e-13,5.684341886080802e-14,0.0,0.4444444444444465,0.666666666666669,0.6666666666666674,0.4157803256744054,0.4358503367208822,0.8497620962025777,-0.4157803256744054,3.377602579935806e-17,2.7755575615628914e-16,0.33333333333333337,0.7050489744627384,0.14462308313034994,0.3495627950869729
centered,0.0,0.0,diagonal,8,2.82842712474619,2.82842712474619,3.9999999999999996,2.82842712474619,2.82842712474619,3.9999999999999996,exact_distance_plus_5cm,2.82842712474619,2.82842712474619,0.34956279508697286,1.1368683772161603e-13,5.684341886080802e-14,1.1368683772161603e-13,5.684341886080802e-14,0.0,1.7777777777777857,1.333333333333338,1.3333333333333348,0.4157803256744055,0.435850336720882,0.8497620962025784,0.4157803256744055,6.585022182339176e-17,5.551115123125783e-16,0.33333333333333337,0.7050489744627386,0.14462308313034986,0.34956279508697286
centered,0.0,0.0,diagonal,8,2.82842712474619,2.82842712474619,3.9999999999999996,2.82842712474619,2.82842712474619,3.9999999999999996,planar_no_correction,2.82842712474619,2.82842712474619,0.0016218899801054233,0.14771847012050898,0.06979261134505066,0.13951239362086199,0.10484718654146263,0.0,0.9939225490622327,0.9983156005105697,0.9955995364130439,0.004446152102833825,0.0032167457212041286,0.022978920392228902,-0.004235554974452915,0.0012096430455107875,0.008998426877334278,0.0026888232207577015,0.013220410892625493,0.0001151289521985482,0.0016218899801054233
centered,0.0,0.0,diagonal,9,3.181980515339464,3.181980515339464,4.5,3.181980515339464,3.181980515339464,4.5,exact_true_distance,3.181980515339464,3.181980515339464,1.5700924586837752e-16,2.5579538487363607e-13,9.947598300641403e-14,1.7053025658242404e-13,8.526512829121202e-14,0.0,0.9999999999999962,1.000000000000001,0.9999999999999951,1.0425908587686642e-16,5.721958498152797e-17,4.577566798522237e-16,3.3662342286672615e-17,4.3079503568912004e-17,3.198319830758291e-16,7.977877221343343e-17,2.482534153247273e-16,3.925231146709438e-17,1.5700924586837752e-16
centered,0.0,0.0,diagonal,9,3.181980515339464,3.181980515339464,4.5,3.181980515339464,3.181980515339464,4.5,exact_distance_minus_5cm,3.181980515339464,3.181980515339464,0.3934069223975142,2.8421709430404007e-13,1.1368683772161603e-13,2.2737367544323206e-13,0.0,0.0,0.44444444444444087,0.666666666666666,0.6666666666666621,0.45031136763840857,0.4724755931026946,0.894554391839987,-0.4503113676384085,3.4736263868600423e-17,3.3306690738754696e-16,0.3333333333333333,0.748383930805284,0.10096658354207831,0.3934069223975142
centered,0.0,0.0,diagonal,9,3.181980515339464,3.181980515339464,4.5,3.181980515339464,3.181980515339464,4.5,exact_distance_plus_5cm,3.181980515339464,3.181980515339464,0.39340692239751457,2.8421709430404007e-13,1.1368683772161603e-13,2.2737367544323206e-13,0.0,0.0,1.7777777777777635,1.333333333333332,1.3333333333333242,0.4503113676384086,0.47247559310269477,0.8945543918399871,0.45031136763840857,6.656782047723314e-17,5.551115123125783e-16,0.33333333333333337,0.7483839308052841,0.10096658354207827,0.39340692239751457
centered,0.0,0.0,diagonal,9,3.181980515339464,3.181980515339464,4.5,3.181980515339464,3.181980515339464,4.5,planar_no_correction,3.181980515339464,3.181980515339464,0.002310162442977217,0.18695344794808477,0.08832446284675655,0.17653206251611664,0.13274013096160786,0.0,0.9923139296095,0.9978683632348649,0.9944337010471417,0.00545547807268875,0.004164117137002436,0.026759856432739797,-0.005188795829018631,0.001514106033497185,0.010472394996777913,0.0031060974252212674,0.015839866737975827,3.918442644326317e-05,0.002310162442977217
centered,0.0,0.0,diagonal,10,3.5355339059327373,3.5355339059327373,5.0,3.5355339059327373,3.5355339059327373,5.0,exact_true_distance,3.5355339059327373,3.5355339059327373,0.0,1.4210854715202004e-14,0.0,0.0,0.0,0.0,1.0000000000000129,1.0000000000000064,1.0000000000000064,1.4354189536975692e-16,1.1102230246251565e-16,6.280369834735101e-16,5.113064758614263e-17,5.80680465075502e-17,4.814145871284264e-16,9.116946222581742e-17,4.440892098500626e-16,0.0,0.0
centered,0.0,0.0,diagonal,10,3.5355339059327373,3.5355339059327373,5.0,3.5355339059327373,3.5355339059327373,5.0,exact_distance_minus_5cm,3.5355339059327373,3.5355339059327373,0.43730371269764007,1.4210854715202004e-14,0.0,0.0,0.0,0.0,0.4444444444444502,0.666666666666671,0.666666666666671,0.4873604585036072,0.5099058665705133,0.9394686192457511,-0.4873604585036072,4.1978037808319193e-17,3.3306690738754696e-16,0.3333333333333333,0.7919375184787122,0.05732354421729818,0.43730371269764007
centered,0.0,0.0,diagonal,10,3.5355339059327373,3.5355339059327373,5.0,3.5355339059327373,3.5355339059327373,5.0,exact_distance_plus_5cm,3.5355339059327373,3.5355339059327373,0.43730371269764007,1.4210854715202004e-14,0.0,0.0,0.0,0.0,1.7777777777778005,1.333333333333342,1.333333333333342,0.48736045850360726,0.5099058665705131,0.9394686192457511,0.48736045850360726,8.185397465259034e-17,7.216449660063518e-16,0.3333333333333334,0.7919375184787125,0.05732354421729816,0.43730371269764007
centered,0.0,0.0,diagonal,10,3.5355339059327373,3.5355339059327373,5.0,3.5355339059327373,3.5355339059327373,5.0,planar_no_correction,3.5355339059327373,3.5355339059327373,0.0031702817081176024,0.23080284672033713,0.10903318081683722,0.21788789460464386,0.1639359179393125,0.0,0.990518731222047,0.9973685218531573,0.993132136736797,0.006642441460671644,0.005159958547992971,0.030938295527827554,-0.0063061633445138,0.0018927685507017986,0.012099562495774933,0.0035710688621464638,0.018788552079233727,7.1721562329764615e-06,0.0031702817081176024
centered,0.0,0.0,diagonal,11,3.8890872965260113,3.8890872965260113,5.5,3.8890872965260113,3.8890872965260113,5.5,exact_true_distance,3.8890872965260113,3.8890872965260113,3.1401849173675503e-16,1.7053025658242404e-13,1.1368683772161603e-13,0.0,1.5631940186722204e-13,0.0,0.9999999999999962,1.0000000000000009,0.9999999999999953,1.1718451287910356e-16,5.551115123125783e-17,6.280369834735101e-16,3.8218949272167476e-17,5.159379367978534e-17,4.67049636102981e-16,6.996964204248898e-17,4.440892098500626e-16,0.0,3.1401849173675503e-16
centered,0.0,0.0,diagonal,11,3.8890872965260113,3.8890872965260113,5.5,3.8890872965260113,3.8890872965260113,5.5,exact_distance_minus_5cm,3.8890872965260113,3.8890872965260113,0.48125910275162853,2.4158453015843406e-13,1.1368683772161603e-13,2.2737367544323206e-13,1.1368683772161603e-13,0.0,0.4444444444444391,0.666666666666664,0.6666666666666613,0.5263877016703953,0.55109674440564,0.9845111914803438,-0.5263877016703953,4.657077238882769e-17,4.440892098500626e-16,0.3333333333333333,0.8356974854767945,0.013688145418116035,0.48125910275162853
centered,0.0,0.0,diagonal,11,3.8890872965260113,3.8890872965260113,5.5,3.8890872965260113,3.8890872965260113,5.5,exact_distance_plus_5cm,3.8890872965260113,3.8890872965260113,0.4812591027516279,2.4158453015843406e-13,1.1368683772161603e-13,2.2737367544323206e-13,1.1368683772161603e-13,0.0,1.7777777777777561,1.333333333333328,1.3333333333333226,0.5263877016703955,0.5510967444056398,0.9845111914803436,0.5263877016703955,9.021026456735666e-17,8.881784197001252e-16,0.33333333333333337,0.835697485476794,0.013688145418116044,0.4812591027516279
centered,0.0,0.0,diagonal,11,3.8890872965260113,3.8890872965260113,5.5,3.8890872965260113,3.8890872965260113,5.5,planar_no_correction,3.8890872965260113,3.8890872965260113,0.004221609883112341,0.2792661120368649,0.13191767041812597,0.2635734828396039,0.1984416572021388,0.0,0.9885378396377771,0.9968160804898968,0.9916953177079052,0.008024823493522884,0.0064792375230611704,0.03553509465621055,-0.007603757404789349,0.002358586683062684,0.013887610892586876,0.004083633870097985,0.02208675707281012,9.765982230763941e-08,0.004221609883112341
centered,0.0,0.0,diagonal,12,4.242640687119285,4.242640687119285,5.999999999999999,4.242640687119285,4.242640687119285,5.999999999999999,exact_true_distance,4.242640687119285,4.242640687119285,3.1401849173675503e-16,7.673861546209082e-13,3.197442310920451e-13,6.394884621840902e-13,0.0,0.0,1.0000000000000018,1.0000000000000087,0.9999999999999931,1.2868742868631447e-16,1.1102230246251565e-16,8.881784197001252e-16,1.6517275503568975e-18,6.660924615572386e-17,6.280178240795528e-16,8.180482709065581e-17,4.440892098500626e-16,0.0,3.1401849173675503e-16
centered,0.0,0.0,diagonal,12,4.242640687119285,4.242640687119285,5.999999999999999,4.242640687119285,4.242640687119285,5.999999999999999,exact_distance_minus_5cm,4.242640687119285,4.242640687119285,0.5252790564495257,8.810729923425242e-13,3.623767952376511e-13,7.105427357601002e-13,0.0,0.0,0.44444444444444464,0.6666666666666727,0.6666666666666609,0.5667514784431029,0.5885212158343827,1.0296885824863382,-0.5667514784431029,5.317892335754719e-17,4.996003610813204e-16,0.33333333333333337,0.8801531370459782,0.029945429080624655,0.5252790564495257
centered,0.0,0.0,diagonal,12,4.242640687119285,4.242640687119285,5.999999999999999,4.242640687119285,4.242640687119285,5.999999999999999,exact_distance_plus_5cm,4.242640687119285,4.242640687119285,0.5252790564495252,8.810729923425242e-13,3.623767952376511e-13,7.105427357601002e-13,0.0,0.0,1.7777777777777786,1.3333333333333455,1.3333333333333217,0.5667514784431029,0.5885212158343827,1.029688582486338,0.5667514784431029,1.0485221818954401e-16,7.771561172376096e-16,0.33333333333333337,0.8801531370459786,0.029945429080624628,0.5252790564495252
centered,0.0,0.0,diagonal,12,4.242640687119285,4.242640687119285,5.999999999999999,4.242640687119285,4.242640687119285,5.999999999999999,planar_no_correction,4.242640687119285,4.242640687119285,0.005483594268899479,0.3323425952947048,0.1569767332940586,0.31358172328987166,0.23626520844669585,0.0,0.9863722315216202,0.9962110437616403,0.9901237671458961,0.009621268587679827,0.0078921153837548,0.04057130172518385,-0.009098595979014329,0.002925321742420218,0.015844241806696455,0.004643799527355368,0.02575492983210993,1.0225075357915039e-06,0.005483594268899479
centered,0.0,0.0,diagonal,13,4.596194077712559,4.596194077712559,6.5,4.596194077712559,4.596194077712559,6.5,exact_true_distance,4.596194077712559,4.596194077712559,0.0,3.836930773104541e-13,1.5631940186722204e-13,3.410605131648481e-13,3.126388037344441e-13,0.0,1.0000000000000073,1.0000000000000075,0.9999999999999998,2.1509007713498945e-16,2.220446049250313e-16,1.2560739669470201e-15,7.684004725158621e-17,9.982351223220723e-17,9.268791366958067e-16,1.1017693942610259e-16,6.280369834735101e-16,3.925231146709438e-17,0.0
centered,0.0,0.0,diagonal,13,4.596194077712559,4.596194077712559,6.5,4.596194077712559,4.596194077712559,6.5,exact_distance_minus_5cm,4.596194077712559,4.596194077712559,0.5693695676113779,2.8421709430404007e-13,1.2079226507921703e-13,2.2737367544323206e-13,2.4158453015843406e-13,0.0,0.4444444444444483,0.6666666666666715,0.6666666666666676,0.6078652553376623,0.6294383566954924,1.0750073303514407,-0.6078652553376623,7.052822203578757e-17,6.661338147750939e-16,0.3333333333333333,0.9248747035885064,0.07358299466545222,0.5693695676113779
centered,0.0,0.0,diagonal,13,4.596194077712559,4.596194077712559,6.5,4.596194077712559,4.596194077712559,6.5,exact_distance_plus_5cm,4.596194077712559,4.596194077712559,0.5693695676113775,2.8421709430404007e-13,1.2079226507921703e-13,2.2737367544323206e-13,2.4158453015843406e-13,0.0,1.777777777777793,1.333333333333343,1.3333333333333353,0.6078652553376626,0.6294383566954928,1.075007330351441,0.6078652553376626,1.4003686834625384e-16,1.1657341758564144e-15,0.33333333333333337,0.9248747035885063,0.07358299466545215,0.5693695676113775
centered,0.0,0.0,diagonal,13,4.596194077712559,4.596194077712559,6.5,4.596194077712559,4.596194077712559,6.5,planar_no_correction,4.596194077712559,4.596194077712559,0.006975776158598987,0.39003154294887565,0.1842090710872668,0.36790480854654106,0.27741518175039914,0.0,0.9840229737777967,0.9955534167945372,0.9884180569096273,0.011450959239651346,0.009630823413250373,0.046068165767605224,-0.010808298675224355,0.0035860208695047725,0.01797717788816132,0.0052516703256006905,0.02978847243685045,1.516915560425138e-05,0.006975776158598987
centered,0.0,0.0,diagonal,14,4.949747468305833,4.949747468305833,7.0,4.949747468305833,4.949747468305833,7.0,exact_true_distance,4.949747468305833,4.949747468305833,3.1401849173675503e-16,4.831690603168681e-13,3.268496584496461e-13,0.0,4.831690603168681e-13,0.0,1.0000000000000073,1.000000000000012,0.9999999999999953,1.722566176095027e-16,1.1102230246251565e-16,9.930136612989092e-16,7.078866200362342e-17,8.813542369328664e-17,9.400197960239212e-16,8.598822926728599e-17,6.280369834735101e-16,0.0,3.1401849173675503e-16
centered,0.0,0.0,diagonal,14,4.949747468305833,4.949747468305833,7.0,4.949747468305833,4.949747468305833,7.0,exact_distance_minus_5cm,4.949747468305833,4.949747468305833,0.6135366628179837,6.110667527536862e-13,3.339550858072471e-13,2.4158453015843406e-13,5.968558980384842e-13,0.0,0.4444444444444502,0.6666666666666766,0.6666666666666653,0.6495218056008311,0.670366114680517,1.1204740406302254,-0.6495218056008311,7.000398674382075e-17,4.440892098500626e-16,0.33333333333333337,0.9697357421685007,0.11723036855763926,0.6135366628179837
centered,0.0,0.0,diagonal,14,4.949747468305833,4.949747468305833,7.0,4.949747468305833,4.949747468305833,7.0,exact_distance_plus_5cm,4.949747468305833,4.949747468305833,0.6135366628179841,6.110667527536862e-13,3.339550858072471e-13,2.4158453015843406e-13,5.968558980384842e-13,0.0,1.7777777777778005,1.3333333333333532,1.3333333333333306,0.6495218056008312,0.6703661146805177,1.1204740406302254,0.6495218056008312,1.3718866085446565e-16,9.992007221626409e-16,0.3333333333333334,0.9697357421685004,0.11723036855763916,0.6135366628179841
centered,0.0,0.0,diagonal,14,4.949747468305833,4.949747468305833,7.0,4.949747468305833,4.949747468305833,7.0,planar_no_correction,4.949747468305833,4.949747468305833,0.008717799717209087,0.4523320847521717,0.2136132892908904,0.426534220565145,0.32190093798833175,0.0,0.9814912227989488,0.9948432052435116,0.9865788072188778,0.013533362281485786,0.011649611369514088,0.05204714731767343,-0.012750810889746332,0.004343872157414294,0.020294163744825414,0.005907360252332868,0.034224252550267495,6.13288589332361e-05,0.008717799717209087
centered,0.0,0.0,diagonal,15,5.303300858899106,5.303300858899106,7.499999999999999,5.303300858899106,5.303300858899106,7.499999999999999,exact_true_distance,5.303300858899106,5.303300858899106,2.220446049250313e-16,1.7053025658242404e-13,1.1368683772161603e-13,0.0,1.7053025658242404e-13,0.0,0.9999999999999962,1.0000000000000009,0.9999999999999953,1.88849691384577e-16,1.5700924586837752e-16,8.881784197001252e-16,4.220910822347532e-17,9.863509274050801e-17,6.280256427287077e-16,8.922447198307898e-17,4.965068306494546e-16,5.551115123125783e-17,2.220446049250313e-16
centered,0.0,0.0,diagonal,15,5.303300858899106,5.303300858899106,7.499999999999999,5.303300858899106,5.303300858899106,7.499999999999999,exact_distance_minus_5cm,5.303300858899106,5.303300858899106,0.6577864042707416,3.979039320256561e-13,1.4921397450962104e-13,2.2737367544323206e-13,3.694822225952521e-13,0.0,0.44444444444444275,0.6666666666666685,0.6666666666666623,0.6916198125937026,0.7113830383621295,1.1660953897278532,-0.6916198125937026,7.393781535204419e-17,4.440892098500626e-16,0.3333333333333333,1.0147409317669798,0.16089337248818444,0.6577864042707416
centered,0.0,0.0,diagonal,15,5.303300858899106,5.303300858899106,7.499999999999999,5.303300858899106,5.303300858899106,7.499999999999999,exact_distance_plus_5cm,5.303300858899106,5.303300858899106,0.6577864042707418,3.979039320256561e-13,1.4921397450962104e-13,2.2737367544323206e-13,3.694822225952521e-13,0.0,1.777777777777771,1.333333333333337,1.3333333333333246,0.6916198125937026,0.7113830383621295,1.1660953897278536,0.6916198125937026,1.4491184377785077e-16,1.0547118733938987e-15,0.33333333333333337,1.0147409317669809,0.1608933724881845,0.6577864042707418
centered,0.0,0.0,diagonal,15,5.303300858899106,5.303300858899106,7.499999999999999,5.303300858899106,5.303300858899106,7.499999999999999,planar_no_correction,5.303300858899106,5.303300858899106,0.01072942094999993,0.5192432209864819,0.24518790143729063,0.4894607229716712,0.3697325892534735,0.0,0.9787782236527569,0.9940804153132383,0.9846066863155536,0.015888149009304815,0.013848434691070131,0.058529928975464406,-0.01494430291969614,0.005206532760784576,0.022802966867225785,0.006610961001280933,0.03908954648136747,0.0001585023615391252,0.01072942094999993
centered,0.0,0.0,diagonal,16,5.65685424949238,5.65685424949238,7.999999999999999,5.65685424949238,5.65685424949238,7.999999999999999,exact_true_distance,5.65685424949238,5.65685424949238,2.220446049250313e-16,3.410605131648481e-13,2.2737367544323206e-13,0.0,3.126388037344441e-13,0.0,1.0000000000000018,1.0000000000000064,0.9999999999999953,1.91204645585202e-16,2.220446049250313e-16,9.930136612989092e-16,5.009607208187887e-17,1.0733007818271444e-16,6.801275133169603e-16,8.842815598058313e-17,4.965068306494546e-16,0.0,2.220446049250313e-16
centered,0.0,0.0,diagonal,16,5.65685424949238,5.65685424949238,7.999999999999999,5.65685424949238,5.65685424949238,7.999999999999999,exact_distance_minus_5cm,5.65685424949238,5.65685424949238,0.7021248926831922,4.831690603168681e-13,3.339550858072471e-13,0.0,4.831690603168681e-13,0.0,0.4444444444444502,0.6666666666666765,0.6666666666666654,0.7340927308627219,0.7533406266351518,1.2118781283491404,-0.7340927308627219,7.970853140062378e-17,4.440892098500626e-16,0.3333333333333333,1.059895308655493,0.20457783537675095,0.7021248926831922
centered,0.0,0.0,diagonal,16,5.65685424949238,5.65685424949238,7.999999999999999,5.65685424949238,5.65685424949238,7.999999999999999,exact_distance_plus_5cm,5.65685424949238,5.65685424949238,0.7021248926831922,4.831690603168681e-13,3.339550858072471e-13,0.0,4.831690603168681e-13,0.0,1.7777777777778005,1.333333333333353,1.3333333333333308,0.7340927308627221,0.7533406266351521,1.211878128349142,0.7340927308627221,1.590042791067855e-16,7.771561172376096e-16,0.33333333333333337,1.0598953086554936,0.2045778353767511,0.7021248926831922
centered,0.0,0.0,diagonal,16,5.65685424949238,5.65685424949238,7.999999999999999,5.65685424949238,5.65685424949238,7.999999999999999,planar_no_correction,5.65685424949238,5.65685424949238,0.01303051676753123,0.5907638086793554,0.27893133361899913,0.5566743528430607,0.42092099926586,0.0,0.9758853092066629,0.993265053780825,0.9825024100988888,0.018535173309984866,0.01630602818950703,0.06553842617044442,-0.01740713953086097,0.006181657490513407,0.025511378551031038,0.007362546190044985,0.04440553463208904,0.0003257129936488531,0.01303051676753123
centered,0.0,0.0,diagonal,17,6.010407640085654,6.010407640085654,8.5,6.010407640085654,6.010407640085654,8.5,exact_true_distance,6.010407640085654,6.010407640085654,2.220446049250313e-16,3.126388037344441e-13,2.2026824808563106e-13,0.0,3.126388037344441e-13,0.0,1.0000000000000018,1.0000000000000064,0.9999999999999953,1.7802376433561052e-16,1.1102230246251565e-16,9.155133597044475e-16,-2.742745516055509e-18,1.0808310487952153e-16,7.947832527349562e-16,7.737718804838467e-17,4.965068306494546e-16,1.5700924586837752e-16,2.220446049250313e-16
centered,0.0,0.0,diagonal,17,6.010407640085654,6.010407640085654,8.5,6.010407640085654,6.010407640085654,8.5,exact_distance_minus_5cm,6.010407640085654,6.010407640085654,0.7465582702069139,1.4210854715202004e-14,0.0,0.0,0.0,0.0,0.44444444444444275,0.6666666666666654,0.6666666666666654,0.7768940315782233,0.7964369260714675,1.2578290850164442,-0.7768940315782232,8.803025068097892e-17,5.551115123125783e-16,0.3333333333333333,1.1052042110823677,0.24828959601691175,0.7465582702069139
centered,0.0,0.0,diagonal,17,6.010407640085654,6.010407640085654,8.5,6.010407640085654,6.010407640085654,8.5,exact_distance_plus_5cm,6.010407640085654,6.010407640085654,0.7465582702069135,1.4210854715202004e-14,0.0,0.0,0.0,0.0,1.777777777777771,1.3333333333333308,1.3333333333333308,0.7768940315782233,0.7964369260714668,1.2578290850164455,0.7768940315782233,1.7024850694393202e-16,1.0547118733938987e-15,0.33333333333333337,1.1052042110823685,0.24828959601691147,0.7465582702069135
centered,0.0,0.0,diagonal,17,6.010407640085654,6.010407640085654,8.5,6.010407640085654,6.010407640085654,8.5,planar_no_correction,6.010407640085654,6.010407640085654,0.015641094155393494,0.6668925468146085,0.31484192934460964,0.6281644119891325,0.4754777837635231,0.0,0.9728138991914475,0.9923971280202697,0.9802667417348451,0.021494462634608278,0.019139433190656873,0.07309479813449982,-0.020157867183346893,0.007276903090751265,0.02842721481684554,0.008162175002048253,0.05019360473495995,0.0005820151076849131,0.015641094155393494
centered,0.0,0.0,diagonal,18,6.363961030678928,6.363961030678928,9.0,6.363961030678928,6.363961030678928,9.0,exact_true_distance,6.363961030678928,6.363961030678928,2.220446049250313e-16,3.979039320256561e-13,1.5631940186722204e-13,3.410605131648481e-13,0.0,0.0,0.9999999999999962,1.000000000000002,0.9999999999999942,2.546146680552388e-16,2.220446049250313e-16,1.2560739669470201e-15,5.98173801697495e-17,1.4156926136862307e-16,9.53137444664867e-16,1.0331909144871024e-16,6.280369834735101e-16,0.0,2.220446049250313e-16
centered,0.0,0.0,diagonal,18,6.363961030678928,6.363961030678928,9.0,6.363961030678928,6.363961030678928,9.0,exact_distance_minus_5cm,6.363961030678928,6.363961030678928,0.7910927233944711,2.2737367544323206e-13,1.6342482922482304e-13,0.0,2.2737367544323206e-13,0.0,0.4444444444444391,0.6666666666666654,0.6666666666666599,0.8199901663699533,0.838131435585548,1.3039551696599359,-0.8199901663699533,1.0346010517997072e-16,5.551115123125783e-16,0.3333333333333333,1.1506732374722655,0.2920345057700646,0.7910927233944711
centered,0.0,0.0,diagonal,18,6.363961030678928,6.363961030678928,9.0,6.363961030678928,6.363961030678928,9.0,exact_distance_plus_5cm,6.363961030678928,6.363961030678928,0.7910927233944708,2.2737367544323206e-13,1.6342482922482304e-13,0.0,2.2737367544323206e-13,0.0,1.7777777777777561,1.3333333333333308,1.3333333333333197,0.8199901663699535,0.8381314355855485,1.3039551696599374,0.8199901663699534,2.0249516915530815e-16,9.992007221626409e-16,0.33333333333333337,1.150673237472266,0.2920345057700646,0.7910927233944708
centered,0.0,0.0,diagonal,18,6.363961030678928,6.363961030678928,9.0,6.363961030678928,6.363961030678928,9.0,planar_no_correction,6.363961030678928,6.363961030678928,0.018581299456880068,0.7476279605431984,0.3529179547305077,0.7039194577623675,0.5334153108647683,0.0,0.9695654992044395,0.9914766460287222,0.9779004912399641,0.024786215525600418,0.02233103530076032,0.08122145909532312,-0.023215209913556287,0.008499931729838093,0.031558317327199506,0.009009895050417433,0.05647536238004913,0.0009465025406899042,0.018581299456880068
centered,0.0,0.0,diagonal,19,6.717514421272201,6.717514421272201,9.499999999999998,6.717514421272201,6.717514421272201,9.499999999999998,exact_true_distance,6.717514421272201,6.717514421272201,3.1401849173675503e-16,3.979039320256561e-13,1.5631940186722204e-13,3.410605131648481e-13,0.0,0.0,1.0000000000000073,1.0000000000000075,0.9999999999999998,2.463019727433137e-16,2.220446049250313e-16,1.6011864169946884e-15,1.1486124539466916e-16,1.3820852709820615e-16,9.324652853005623e-16,9.45046676747272e-17,6.280369834735101e-16,2.482534153247273e-16,3.1401849173675503e-16
centered,0.0,0.0,diagonal,19,6.717514421272201,6.717514421272201,9.499999999999998,6.717514421272201,6.717514421272201,9.499999999999998,exact_distance_minus_5cm,6.717514421272201,6.717514421272201,0.8357344862021715,2.5579538487363607e-13,1.6342482922482304e-13,0.0,2.4158453015843406e-13,0.0,0.4444444444444465,0.6666666666666708,0.6666666666666655,0.8633565682957239,0.8810603112369607,1.3502633772839352,-0.8633565682957239,1.0012481292871727e-16,6.661338147750939e-16,0.3333333333333333,1.1963082146764752,0.3358184312703911,0.8357344862021715
centered,0.0,0.0,diagonal,19,6.717514421272201,6.717514421272201,9.499999999999998,6.717514421272201,6.717514421272201,9.499999999999998,exact_distance_plus_5cm,6.717514421272201,6.717514421272201,0.8357344862021721,2.5579538487363607e-13,1.6342482922482304e-13,0.0,2.4158453015843406e-13,0.0,1.7777777777777857,1.3333333333333417,1.333333333333331,0.8633565682957243,0.8810603112369605,1.3502633772839352,0.8633565682957242,1.9628690239059877e-16,1.3322676295501878e-15,0.33333333333333337,1.196308214676477,0.33581843127039074,0.8357344862021721
centered,0.0,0.0,diagonal,19,6.717514421272201,6.717514421272201,9.499999999999998,6.717514421272201,6.717514421272201,9.499999999999998,planar_no_correction,6.717514421272201,6.717514421272201,0.02187142777698676,0.8329683843872147,0.3931576040221927,0.7839272934089649,0.5947467013813537,0.0,0.9661416996532854,0.9905036164545123,0.9754045150401066,0.028430803097323196,0.026001761310282603,0.08994108970130014,-0.02659807020514205,0.00985841390272855,0.034912554300525755,0.00990574463533394,0.06327264173036025,0.001438317110431666,0.02187142777698676
centered,0.0,0.0,diagonal,20,7.071067811865475,7.071067811865475,10.0,7.071067811865475,7.071067811865475,10.0,exact_true_distance,7.071067811865475,7.071067811865475,2.220446049250313e-16,6.821210263296962e-13,3.126388037344441e-13,3.126388037344441e-13,3.126388037344441e-13,0.0,1.0000000000000073,1.0000000000000124,0.9999999999999949,2.2653248707599727e-16,2.220446049250313e-16,1.4043333874306805e-15,8.35484851909097e-17,1.2089394444971569e-16,9.25484748047451e-16,8.322532123858427e-17,4.965068306494546e-16,1.1102230246251565e-16,2.220446049250313e-16
centered,0.0,0.0,diagonal,20,7.071067811865475,7.071067811865475,10.0,7.071067811865475,7.071067811865475,10.0,exact_distance_minus_5cm,7.071067811865475,7.071067811865475,0.8804898430354438,9.947598300641403e-13,4.831690603168681e-13,4.831690603168681e-13,4.831690603168681e-13,0.0,0.44444444444445386,0.6666666666666825,0.666666666666665,0.9069751550959053,0.9233476051502949,1.396760791713108,-0.9069751550959053,9.90680866708944e-17,6.661338147750939e-16,0.3333333333333333,1.2421151737948428,0.3796472571432452,0.8804898430354438
centered,0.0,0.0,diagonal,20,7.071067811865475,7.071067811865475,10.0,7.071067811865475,7.071067811865475,10.0,exact_distance_plus_5cm,7.071067811865475,7.071067811865475,0.8804898430354431,9.947598300641403e-13,4.831690603168681e-13,4.831690603168681e-13,4.831690603168681e-13,0.0,1.7777777777778154,1.333333333333365,1.33333333333333,0.9069751550959055,0.923347605150296,1.396760791713108,0.9069751550959055,1.9496599456832017e-16,1.1102230246251565e-15,0.33333333333333337,1.2421151737948442,0.3796472571432451,0.8804898430354431
centered,0.0,0.0,diagonal,20,7.071067811865475,7.071067811865475,10.0,7.071067811865475,7.071067811865475,10.0,planar_no_correction,7.071067811865475,7.071067811865475,0.025531932516299816,0.9229119444615179,0.4355590054535057,0.8681749580047153,0.6594858290848862,0.0,0.9625441746408823,0.9894780486270046,0.9727797155040524,0.032448773089294634,0.0297826793787413,0.09927664868943044,-0.030325532962905823,0.011360030890261623,0.03849782142194105,0.010849754525886279,0.07060751643809053,0.002076657152468305,0.025531932516299816
mild_horizontal,2.5,0.0,horizontal,0,0.0,0.0,0.0,2.5,0.0,2.5,exact_true_distance,2.5,0.0,0.0,1.1368683772161603e-13,7.105427357601002e-14,0.0,1.1368683772161603e-13,0.0,1.0000000000000036,1.0000000000000036,1.0,5.943430759832467e-17,2.7755575615628914e-17,2.482534153247273e-16,-3.5797002777581415e-18,3.0747840829073954e-17,2.3915410848715594e-16,6.492382335408473e-17,2.220446049250313e-16,2.220446049250313e-16,0.0
mild_horizontal,2.5,0.0,horizontal,0,0.0,0.0,0.0,2.5,0.0,2.5,exact_distance_minus_5cm,2.5,0.0,0.21830471454256029,8.526512829121202e-14,4.263256414560601e-14,0.0,5.684341886080802e-14,0.0,0.44444444444444553,0.6666666666666682,0.6666666666666667,0.33229195974866155,0.32756536092721905,0.6695998321423838,-0.33229195974866155,2.4573529310944507e-17,1.942890293094024e-16,0.33333333333333337,0.5815392141587254,0.37345730803347493,0.21830471454256029
mild_horizontal,2.5,0.0,horizontal,0,0.0,0.0,0.0,2.5,0.0,2.5,exact_distance_plus_5cm,2.5,0.0,0.21830471454256029,8.526512829121202e-14,4.263256414560601e-14,0.0,5.684341886080802e-14,0.0,1.7777777777777821,1.3333333333333364,1.3333333333333335,0.33229195974866155,0.32756536092721883,0.6695998321423835,0.33229195974866144,4.9739403223442074e-17,3.885780586188048e-16,0.3333333333333333,0.5815392141587251,0.37345730803347504,0.21830471454256029
mild_horizontal,2.5,0.0,horizontal,0,0.0,0.0,0.0,2.5,0.0,2.5,planar_no_correction,2.5,0.0,0.00041567412980725305,0.02727929416298025,0.019215974857445417,0.0,0.027279294162951828,0.0,0.9971462064642567,0.9990476306803348,0.9980967631995852,0.0023088705084215555,0.0013587897125048132,0.011222322089767277,-0.002231643769774446,0.0005241819033680474,0.0033672957851503017,0.0017163270732193057,0.0075193587120790835,0.0020661336205418496,0.00041567412980725305
mild_horizontal,2.5,0.0,horizontal,1,0.5,0.0,0.5,3.0,0.0,3.0,exact_true_distance,3.0,0.0,1.1102230246251565e-16,1.1368683772161603e-13,7.105427357601002e-14,0.0,9.947598300641403e-14,0.0,1.0000000000000038,1.0000000000000036,1.0000000000000002,9.045637923641838e-17,5.551115123125783e-17,4.002966042486721e-16,-8.175853757373335e-19,3.3550519314213186e-17,3.121465642018263e-16,7.498834460134244e-17,2.482534153247273e-16,0.0,1.1102230246251565e-16
mild_horizontal,2.5,0.0,horizontal,1,0.5,0.0,0.5,3.0,0.0,3.0,exact_distance_minus_5cm,3.0,0.0,0.26203889641520606,8.526512829121202e-14,4.263256414560601e-14,0.0,5.684341886080802e-14,0.0,0.44444444444444553,0.6666666666666682,0.6666666666666667,0.3573403625938947,0.34956838275128416,0.7078051580142383,-0.3573403625938947,2.6955807207608673e-17,2.7755575615628914e-16,0.33313503866745986,0.6220340201660349,0.3604139331570203,0.26203889641520606
mild_horizontal,2.5,0.0,horizontal,1,0.5,0.0,0.5,3.0,0.0,3.0,exact_distance_plus_5cm,3.0,0.0,0.26203889641520606,8.526512829121202e-14,4.263256414560601e-14,0.0,5.684341886080802e-14,0.0,1.7777777777777821,1.3333333333333364,1.3333333333333335,0.3573403625938947,0.3495683827512839,0.7078051580142386,0.3573403625938946,5.178061859255696e-17,4.718447854656915e-16,0.3331350386674598,0.6220340201660344,0.3604139331570202,0.26203889641520606
mild_horizontal,2.5,0.0,horizontal,1,0.5,0.0,0.5,3.0,0.0,3.0,planar_no_correction,3.0,0.0,0.000718525848169671,0.03928766694261299,0.027674870778483296,0.0,0.03928766694261299,0.0,0.9958930655783551,0.9986289445956543,0.9972603647910416,0.0028761004172704113,0.0016507339603228162,0.013264516033452033,-0.0027907691401255763,0.0006088326499917836,0.003745736539436267,0.0019873064688893266,0.00930818827055516,0.0018645947205953688,0.000718525848169671
mild_horizontal,2.5,0.0,horizontal,2,1.0,0.0,1.0,3.5,0.0,3.5,exact_true_distance,3.5,0.0,1.1102230246251565e-16,4.263256414560601e-14,1.4210854715202004e-14,0.0,2.842170943040401e-14,0.0,1.0000000000000009,1.0000000000000009,1.0,6.038144132923011e-17,1.3877787807814457e-17,3.1401849173675503e-16,4.5427685064041425e-18,3.406131365336601e-17,2.39154108487156e-16,5.631842897436394e-17,2.220446049250313e-16,0.0,1.1102230246251565e-16
mild_horizontal,2.5,0.0,horizontal,2,1.0,0.0,1.0,3.5,0.0,3.5,exact_distance_minus_5cm,3.5,0.0,0.3058131007524214,8.526512829121202e-14,4.263256414560601e-14,0.0,5.684341886080802e-14,0.0,0.44444444444444553,0.6666666666666682,0.6666666666666667,0.3864056909703337,0.3763590899086846,0.7467745695952331,-0.3864056909703337,2.6938263900594035e-17,1.942890293094024e-16,0.33333333333333337,0.6641223575130076,0.35235953390575836,0.3058131007524214
mild_horizontal,2.5,0.0,horizontal,2,1.0,0.0,1.0,3.5,0.0,3.5,exact_distance_plus_5cm,3.5,0.0,0.30581310075242185,8.526512829121202e-14,4.263256414560601e-14,0.0,5.684341886080802e-14,0.0,1.7777777777777821,1.3333333333333364,1.3333333333333335,0.3864056909703337,0.3763590899086847,0.7467745695952331,0.3864056909703337,5.440179505239104e-17,3.885780586188048e-16,0.3333333333333333,0.6641223575130076,0.35235953390575814,0.30581310075242185
mild_horizontal,2.5,0.0,horizontal,2,1.0,0.0,1.0,3.5,0.0,3.5,planar_no_correction,3.5,0.0,0.001141444960241489,0.053483700703822024,0.037674797483880695,0.0,0.053483700703822024,0.0,0.9944136602877661,0.9981342091396336,0.9962724964059949,0.0035781462151402094,0.002052809073712775,0.015594635608396986,-0.0034831080388968445,0.0007105636572071319,0.004148278599047284,0.002308277008162313,0.011328289869791912,0.0017445716225349245,0.001141444960241489
mild_horizontal,2.5,0.0,horizontal,3,1.5,0.0,1.5,4.0,0.0,4.0,exact_true_distance,4.0,0.0,0.0,3.410605131648481e-13,2.4158453015843406e-13,0.0,3.410605131648481e-13,0.0,1.0000000000000122,1.000000000000012,1.0000000000000002,9.123654041895167e-17,5.551115123125783e-17,4.002966042486721e-16,1.6393396444008389e-18,3.7684192623821105e-17,3.121465642018263e-16,6.915318300450748e-17,2.482534153247273e-16,0.0,0.0
mild_horizontal,2.5,0.0,horizontal,3,1.5,0.0,1.5,4.0,0.0,4.0,exact_distance_minus_5cm,4.0,0.0,0.3496340597175521,3.126388037344441e-13,2.1316282072803006e-13,0.0,3.126388037344441e-13,0.0,0.4444444444444492,0.6666666666666737,0.6666666666666667,0.419060402845533,0.4097469442083923,0.7864169763718971,-0.419060402845533,2.934892067625247e-17,2.7755575615628914e-16,0.33313503866745986,0.7067626449912824,0.3496340597175521,0.3496340597175521
mild_horizontal,2.5,0.0,horizontal,3,1.5,0.0,1.5,4.0,0.0,4.0,exact_distance_plus_5cm,4.0,0.0,0.349634059717552,3.126388037344441e-13,2.1316282072803006e-13,0.0,3.126388037344441e-13,0.0,1.7777777777777966,1.3333333333333475,1.3333333333333335,0.419060402845533,0.4097469442083922,0.786416976371897,0.419060402845533,5.634187841636272e-17,4.718447854656915e-16,0.3331350386674598,0.706762644991282,0.349634059717552,0.349634059717552
mild_horizontal,2.5,0.0,horizontal,3,1.5,0.0,1.5,4.0,0.0,4.0,planar_no_correction,4.0,0.0,0.0017046279560586353,0.06986955596165956,0.04921728303953188,0.0,0.06986955596165956,0.0,0.9927087784541286,0.997563461987893,0.9951334589539895,0.004430269803650561,0.0026444687501302423,0.01823388846540213,-0.004324254648864513,0.0008293468255113222,0.004575470168077969,0.0026795872767982187,0.013717418142676241,0.0017046279560586353,0.0017046279560586353
mild_horizontal,2.5,0.0,horizontal,4,2.0,0.0,2.0,4.5,0.0,4.5,exact_true_distance,4.5,0.0,0.0,4.263256414560601e-14,1.4210854715202004e-14,0.0,2.842170943040401e-14,0.0,1.0000000000000009,1.0000000000000009,1.0,8.146112692616375e-17,2.7755575615628914e-17,4.965068306494546e-16,4.713104237427703e-18,4.2137898476386376e-17,2.815036482596467e-16,6.053092527038591e-17,2.482534153247273e-16,0.0,0.0
mild_horizontal,2.5,0.0,horizontal,4,2.0,0.0,2.0,4.5,0.0,4.5,exact_distance_minus_5cm,4.5,0.0,0.39350853412309217,5.684341886080802e-14,4.263256414560601e-14,0.0,5.684341886080802e-14,0.0,0.44444444444444364,0.6666666666666667,0.6666666666666654,0.45454729235170144,0.4476121840544286,0.8266585834463535,-0.45454729235170144,3.3334347246283657e-17,2.7755575615628914e-16,0.33333333333333337,0.7490112025603173,0.35235953390575836,0.39350853412309217
mild_horizontal,2.5,0.0,horizontal,4,2.0,0.0,2.0,4.5,0.0,4.5,exact_distance_plus_5cm,4.5,0.0,0.3935085341230924,5.684341886080802e-14,4.263256414560601e-14,0.0,5.684341886080802e-14,0.0,1.7777777777777746,1.3333333333333335,1.3333333333333308,0.4545472923517014,0.4476121840544284,0.8266585834463537,0.4545472923517014,6.745298351204522e-17,3.885780586188048e-16,0.3333333333333333,0.7490112025603172,0.35235953390575814,0.3935085341230924
mild_horizontal,2.5,0.0,horizontal,4,2.0,0.0,2.0,4.5,0.0,4.5,planar_no_correction,4.5,0.0,0.002428357273104309,0.08844772582756377,0.06230409307717366,0.0,0.08844772582753535,0.0,0.9907793277390599,0.9969167466045769,0.993843599391403,0.005449469971140194,0.003484972884008728,0.021203634406797293,-0.005331852595070298,0.0009637897017984514,0.005027758240632797,0.0031014782418687407,0.016322895219899814,0.0017445716225349245,0.002428357273104309
mild_horizontal,2.5,0.0,horizontal,5,2.5,0.0,2.5,5.0,0.0,5.0,exact_true_distance,5.0,0.0,2.220446049250313e-16,4.263256414560601e-14,1.4210854715202004e-14,0.0,2.842170943040401e-14,0.0,1.0000000000000009,1.0000000000000009,1.0,9.630641865103639e-17,1.1102230246251565e-16,4.002966042486721e-16,8.339624818870238e-18,4.227106870990588e-17,3.121465642018263e-16,6.668652298594944e-17,2.482534153247273e-16,0.0,2.220446049250313e-16
mild_horizontal,2.5,0.0,horizontal,5,2.5,0.0,2.5,5.0,0.0,5.0,exact_distance_minus_5cm,5.0,0.0,0.4374433176296201,1.9895196601282805e-13,1.3500311979441904e-13,0.0,1.9895196601282805e-13,0.0,0.4444444444444473,0.666666666666671,0.6666666666666666,0.491913607294367,0.48631856526696726,0.8674395174284654,-0.491913607294367,3.291949963334928e-17,2.7755575615628914e-16,0.33333333333333337,0.7927104450984527,0.3604139331570203,0.4374433176296201
mild_horizontal,2.5,0.0,horizontal,5,2.5,0.0,2.5,5.0,0.0,5.0,exact_distance_plus_5cm,5.0,0.0,0.43744331762961974,1.9895196601282805e-13,1.3500311979441904e-13,0.0,1.9895196601282805e-13,0.0,1.7777777777777892,1.333333333333342,1.3333333333333333,0.491913607294367,0.4863185652669673,0.8674395174284653,0.491913607294367,6.365330960452196e-17,4.718447854656915e-16,0.3333333333333333,0.7927104450984525,0.3604139331570202,0.43744331762961974
mild_horizontal,2.5,0.0,horizontal,5,2.5,0.0,2.5,5.0,0.0,5.0,planar_no_correction,5.0,0.0,0.0033330138931129127,0.10922103609269129,0.07693723186263668,0.0,0.10922103609269129,0.0,0.9886263350020031,0.996194112239044,0.9924033106158081,0.0066541338322842775,0.004367099634035951,0.024525418178760035,-0.006525015828534744,0.0011081637501056754,0.005505511566598483,0.003574137035358158,0.01925598800117473,0.0018645947205953688,0.0033330138931129127
mild_horizontal,2.5,0.0,horizontal,6,3.0,0.0,3.0,5.5,0.0,5.5,exact_true_distance,5.5,0.0,0.0,1.9895196601282805e-13,1.2789769243681803e-13,0.0,1.8474111129762605e-13,0.0,1.0000000000000064,1.0000000000000064,1.0,9.031196996751886e-17,2.7755575615628914e-17,4.965068306494546e-16,-6.257193853213154e-18,4.64876594019409e-17,2.815036482596467e-16,5.679665030415498e-17,4.440892098500626e-16,2.220446049250313e-16,0.0
mild_horizontal,2.5,0.0,horizontal,6,3.0,0.0,3.0,5.5,0.0,5.5,exact_distance_minus_5cm,5.5,0.0,0.48144524098769303,1.9895196601282805e-13,1.2789769243681803e-13,0.0,1.8474111129762605e-13,0.0,0.44444444444444736,0.666666666666671,0.6666666666666667,0.5306420193861069,0.5254645211267526,0.9087111538933365,-0.5306420193861069,3.75117182342397e-17,2.7755575615628914e-16,0.33333333333333337,0.8369001557454446,0.37345730803347493,0.48144524098769303
mild_horizontal,2.5,0.0,horizontal,6,3.0,0.0,3.0,5.5,0.0,5.5,exact_distance_plus_5cm,5.5,0.0,0.4814452409876928,1.9895196601282805e-13,1.2789769243681803e-13,0.0,1.8474111129762605e-13,0.0,1.7777777777777892,1.333333333333342,1.3333333333333335,0.5306420193861069,0.5254645211267522,0.9087111538933367,0.5306420193861069,7.594394410712979e-17,4.163336342344337e-16,0.3333333333333333,0.836900155745445,0.37345730803347504,0.4814452409876928
mild_horizontal,2.5,0.0,horizontal,6,3.0,0.0,3.0,5.5,0.0,5.5,planar_no_correction,5.5,0.0,0.004439090067757334,0.13219264531980457,0.09311894351171901,0.0,0.13219264531980457,0.0,0.9862509456190174,0.995395613922118,0.9908130313463326,0.008063677817855514,0.005547142257486688,0.028220996957205563,-0.007923617720670817,0.0012632238783741063,0.006009038429472141,0.004097876165091267,0.022543700488920303,0.0020661336205418496,0.004439090067757334
mild_horizontal,2.5,0.0,horizontal,7,3.5,0.0,3.5,6.0,0.0,6.0,exact_true_distance,6.0,0.0,2.220446049250313e-16,1.4210854715202004e-13,8.526512829121202e-14,0.0,1.2789769243681803e-13,0.0,0.9999999999999951,0.9999999999999998,0.9999999999999953,1.1676218271168466e-16,1.1102230246251565e-16,4.965068306494546e-16,3.0845127673487936e-17,4.762346043820424e-17,3.121465642018263e-16,7.027067806740477e-17,3.1401849173675503e-16,0.0,2.220446049250313e-16
mild_horizontal,2.5,0.0,horizontal,7,3.5,0.0,3.5,6.0,0.0,6.0,exact_distance_minus_5cm,6.0,0.0,0.525521176328382,5.684341886080802e-14,2.842170943040401e-14,0.0,5.684341886080802e-14,0.0,0.44444444444444353,0.6666666666666666,0.6666666666666654,0.5704075439771836,0.5652231335161632,0.9504340015281165,-0.5704075439771836,3.8816114708739813e-17,2.7755575615628914e-16,0.33333333333333337,0.8813041044751202,0.390998146949499,0.525521176328382
mild_horizontal,2.5,0.0,horizontal,7,3.5,0.0,3.5,6.0,0.0,6.0,exact_distance_plus_5cm,6.0,0.0,0.5255211763283829,5.684341886080802e-14,2.842170943040401e-14,0.0,5.684341886080802e-14,0.0,1.7777777777777741,1.3333333333333333,1.3333333333333308,0.5704075439771836,0.5652231335161636,0.9504340015281167,0.5704075439771836,7.316590984340014e-17,4.718447854656915e-16,0.33333333333333337,0.8813041044751196,0.3909981469494991,0.5255211763283829
mild_horizontal,2.5,0.0,horizontal,7,3.5,0.0,3.5,6.0,0.0,6.0,planar_no_correction,6.0,0.0,0.005767202190249954,0.15736604494486528,0.11085171335750488,0.0,0.15736604494486528,0.0,0.9836544227228686,0.9945213124618951,0.9890732459899467,0.009698232768169451,0.007011202500431899,0.03231236364949013,-0.00954794813975905,0.0014296258921162684,0.00653860036271579,0.00467303436635352,0.026207873760237456,0.002353617077113386,0.005767202190249954
mild_horizontal,2.5,0.0,horizontal,8,4.0,0.0,4.0,6.5,0.0,6.5,exact_true_distance,6.5,0.0,0.0,4.263256414560601e-14,1.4210854715202004e-14,0.0,2.842170943040401e-14,0.0,1.000000000000001,1.0000000000000009,1.0000000000000002,1.0233931083519839e-16,2.7755575615628914e-17,4.965068306494546e-16,-1.4887414722401558e-18,4.9163002633962315e-17,3.6853988242309197e-16,5.198969632107643e-17,4.440892098500626e-16,0.0,0.0
mild_horizontal,2.5,0.0,horizontal,8,4.0,0.0,4.0,6.5,0.0,6.5,exact_distance_minus_5cm,6.5,0.0,0.5696780415082277,5.684341886080802e-14,4.263256414560601e-14,0.0,5.684341886080802e-14,0.0,0.44444444444444364,0.6666666666666667,0.6666666666666654,0.6109880622034782,0.6073609782988947,0.9925760244600937,-0.6109880622034782,4.086352183327163e-17,2.7755575615628914e-16,0.33333333333333337,0.924623967361623,0.41247297499322017,0.5696780415082277
mild_horizontal,2.5,0.0,horizontal,8,4.0,0.0,4.0,6.5,0.0,6.5,exact_distance_plus_5cm,6.5,0.0,0.5696780415082272,5.684341886080802e-14,4.263256414560601e-14,0.0,5.684341886080802e-14,0.0,1.7777777777777746,1.3333333333333335,1.3333333333333308,0.6109880622034782,0.6073609782988945,0.992576024460094,0.6109880622034782,8.14752456129214e-17,4.163336342344337e-16,0.33333333333333337,0.9246239673616236,0.41247297499322005,0.5696780415082272
mild_horizontal,2.5,0.0,horizontal,8,4.0,0.0,4.0,6.5,0.0,6.5,planar_no_correction,6.5,0.0,0.007338103830211162,0.18474505937973618,0.13013826946538387,0.0,0.18474505937972197,0.0,0.9808381463652233,0.993571274439117,0.987184484493997,0.011578407395643912,0.008648995783319941,0.036821767220737336,-0.011418582356617536,0.0016079121875470159,0.007094422730702368,0.00529988646969916,0.03027059910675363,0.002735665970730624,0.007338103830211162
mild_horizontal,2.5,0.0,horizontal,9,4.5,0.0,4.5,7.0,0.0,7.0,exact_true_distance,7.0,0.0,2.220446049250313e-16,4.263256414560601e-14,2.842170943040401e-14,0.0,2.842170943040401e-14,0.0,1.0000000000000007,1.0000000000000009,0.9999999999999998,1.3442151732437666e-16,1.1102230246251565e-16,4.965068306494546e-16,3.4334303844792414e-17,5.050917720923218e-17,3.253556323348892e-16,7.127021005586427e-17,4.440892098500626e-16,1.1102230246251565e-16,2.220446049250313e-16
mild_horizontal,2.5,0.0,horizontal,9,4.5,0.0,4.5,7.0,0.0,7.0,exact_distance_minus_5cm,7.0,0.0,0.6139228045145229,1.9895196601282805e-13,1.3500311979441904e-13,0.0,1.9895196601282805e-13,0.0,0.4444444444444473,0.666666666666671,0.6666666666666666,0.6522266953257257,0.6496250754517428,1.035111308261867,-0.6522266953257257,4.0064785384487544e-17,2.7755575615628914e-16,0.33333333333333337,0.9672420854377213,0.4373146592980149,0.6139228045145229
mild_horizontal,2.5,0.0,horizontal,9,4.5,0.0,4.5,7.0,0.0,7.0,exact_distance_plus_5cm,7.0,0.0,0.6139228045145233,1.9895196601282805e-13,1.3500311979441904e-13,0.0,1.9895196601282805e-13,0.0,1.7777777777777892,1.333333333333342,1.3333333333333333,0.6522266953257257,0.6496250754517428,1.0351113082618677,0.6522266953257257,7.499247769139475e-17,4.718447854656915e-16,0.33333333333333337,0.9672420854377216,0.4373146592980149,0.6139228045145233
mild_horizontal,2.5,0.0,horizontal,9,4.5,0.0,4.5,7.0,0.0,7.0,planar_no_correction,7.0,0.0,0.009172698949522662,0.21433384612009831,0.1509815843027127,0.0,0.21433384612009831,0.0,0.9778036126012849,0.9925455722020965,0.9851473221848095,0.013725135408178017,0.010497287013893443,0.041771731070356075,-0.01355633048265515,0.0017985174685103496,0.0076767029067959895,0.005978612697598106,0.034754231559227994,0.003225143061604345,0.009172698949522662
mild_horizontal,2.5,0.0,horizontal,10,5.0,0.0,5.0,7.5,0.0,7.5,exact_true_distance,7.5,0.0,0.0,4.263256414560601e-14,1.4210854715202004e-14,0.0,2.842170943040401e-14,0.0,1.0000000000000009,1.0000000000000009,1.0,1.1612950987729706e-16,2.7755575615628914e-17,4.965068306494546e-16,1.4070220338211285e-17,5.3193907718911656e-17,3.6853988242309197e-16,5.3509697108227403e-17,4.441434166503682e-16,1.1102230246251565e-16,0.0
mild_horizontal,2.5,0.0,horizontal,10,5.0,0.0,5.0,7.5,0.0,7.5,exact_distance_minus_5cm,7.5,0.0,0.6582624879369792,1.9895196601282805e-13,1.2789769243681803e-13,0.0,1.8474111129762605e-13,0.0,0.44444444444444736,0.666666666666671,0.6666666666666667,0.6940105347121772,0.691383200339703,1.0780189953497026,-0.694010534712177,4.3336096163099365e-17,2.7755575615628914e-16,0.33333333333333337,1.0118666290496345,0.4649977705876839,0.6582624879369792
mild_horizontal,2.5,0.0,horizontal,10,5.0,0.0,5.0,7.5,0.0,7.5,exact_distance_plus_5cm,7.5,0.0,0.6582624879369792,1.9895196601282805e-13,1.2789769243681803e-13,0.0,1.8474111129762605e-13,0.0,1.7777777777777892,1.333333333333342,1.3333333333333335,0.6940105347121772,0.6913832003397027,1.0780189953497035,0.6940105347121772,8.592711775769471e-17,4.440892098500626e-16,0.33333333333333337,1.0118666290496352,0.4649977705876841,0.6582624879369792
mild_horizontal,2.5,0.0,horizontal,10,5.0,0.0,5.0,7.5,0.0,7.5,planar_no_correction,7.5,0.0,0.011292055317317029,0.24613689585805787,0.1733848765659758,0.0,0.24613689585805787,0.0,0.9745524324974907,0.9914442838612135,0.9829623795923892,0.016159591587752015,0.012691150264438605,0.04718507024446264,-0.015982221757043807,0.002001784162004673,0.008285616615527331,0.0067093060805931744,0.03968140384452575,0.0038383469305792615,0.011292055317317029
mild_horizontal,2.5,0.0,horizontal,11,5.5,0.0,5.5,8.0,0.0,8.0,exact_true_distance,8.0,0.0,0.0,4.263256414560601e-14,1.4210854715202004e-14,0.0,2.842170943040401e-14,0.0,1.000000000000001,1.0000000000000009,1.0000000000000002,1.3535539989232101e-16,1.1102230246251565e-16,4.965068306494546e-16,5.000331106206483e-17,5.0083288917030534e-17,3.253556323348892e-16,6.429040384953091e-17,4.449557262054371e-16,2.220446049250313e-16,0.0
mild_horizontal,2.5,0.0,horizontal,11,5.5,0.0,5.5,8.0,0.0,8.0,exact_distance_minus_5cm,8.0,0.0,0.7027041735119572,5.684341886080802e-14,4.263256414560601e-14,0.0,5.684341886080802e-14,0.0,0.44444444444444364,0.6666666666666667,0.6666666666666654,0.736257269321695,0.734198072069378,1.1212824318368781,-0.736257269321695,4.2415588524448976e-17,2.7755575615628914e-16,0.33333333333333337,1.0562762916994002,0.49506130429785533,0.7027041735119572
mild_horizontal,2.5,0.0,horizontal,11,5.5,0.0,5.5,8.0,0.0,8.0,exact_distance_plus_5cm,8.0,0.0,0.702704173511957,5.684341886080802e-14,4.263256414560601e-14,0.0,5.684341886080802e-14,0.0,1.7777777777777746,1.3333333333333335,1.3333333333333308,0.7362572693216951,0.734198072069378,1.1212824318368788,0.7362572693216951,8.030500383912145e-17,4.996003610813204e-16,0.3333333333333334,1.056276291699401,0.4950613042978556,0.702704173511957
mild_horizontal,2.5,0.0,horizontal,11,5.5,0.0,5.5,8.0,0.0,8.0,planar_no_correction,8.0,0.0,0.013717418142676241,0.28015903259120023,0.19735161316369698,0.0,0.28015903259120023,0.0,0.9710863310631376,0.9902674932829629,0.9806303222614776,0.018903155591850972,0.015178245664666414,0.05308490805457208,-0.01871750383035723,0.0022179804558242647,0.008921322872333404,0.007491996195408219,0.04514271449227528,0.004593909233150734,0.013717418142676241
mild_horizontal,2.5,0.0,horizontal,12,6.0,0.0,6.0,8.5,0.0,8.5,exact_true_distance,8.5,0.0,0.0,4.263256414560601e-14,1.4210854715202004e-14,0.0,2.842170943040401e-14,0.0,1.0000000000000009,1.0000000000000009,1.0,1.147134156172161e-16,2.7755575615628914e-17,4.965068306494546e-16,1.1550395392508087e-17,5.384597900208398e-17,3.6853988242309197e-16,4.939574289650725e-17,4.441434166503682e-16,2.220446049250313e-16,0.0
mild_horizontal,2.5,0.0,horizontal,12,6.0,0.0,6.0,8.5,0.0,8.5,exact_distance_minus_5cm,8.5,0.0,0.7472550067456389,5.684341886080802e-14,4.263256414560601e-14,0.0,5.684341886080802e-14,0.0,0.44444444444444364,0.6666666666666667,0.6666666666666654,0.7789063453279174,0.7767156565106156,1.1648884808126874,-0.7789063453279174,4.4029572769795626e-17,2.7755575615628914e-16,0.33333333333333337,1.100696806171064,0.5271148985505326,0.7472550067456389
mild_horizontal,2.5,0.0,horizontal,12,6.0,0.0,6.0,8.5,0.0,8.5,exact_distance_plus_5cm,8.5,0.0,0.7472550067456392,5.684341886080802e-14,4.263256414560601e-14,0.0,5.684341886080802e-14,0.0,1.7777777777777746,1.3333333333333335,1.3333333333333308,0.7789063453279176,0.7767156565106158,1.1648884808126874,0.7789063453279176,8.701067495565762e-17,4.996003610813204e-16,0.33333333333333337,1.100696806171064,0.5271148985505327,0.7472550067456392
mild_horizontal,2.5,0.0,horizontal,12,6.0,0.0,6.0,8.5,0.0,8.5,planar_no_correction,8.5,0.0,0.016470223944146767,0.31640541373195674,0.2228855113625272,0.0,0.31640541373195674,0.0,0.9674071461064814,0.9890152900835706,0.978151860548826,0.021977404463839043,0.018035823346746208,0.059494692504358446,-0.021783648488412133,0.0024473171244723036,0.009583967850149658,0.008326674743341754,0.05113941662852726,0.00551180873608695,0.016470223944146767
mild_horizontal,2.5,0.0,horizontal,13,6.5,0.0,6.5,9.0,0.0,9.0,exact_true_distance,9.0,0.0,0.0,4.263256414560601e-14,1.4210854715202004e-14,0.0,2.842170943040401e-14,0.0,1.0000000000000009,1.0000000000000009,1.0,1.5011877556007143e-16,1.1102230246251565e-16,4.965068306494546e-16,4.270885935162963e-17,5.094743475747268e-17,3.253556323348892e-16,6.390166235213475e-17,4.577566798522237e-16,3.1401849173675503e-16,0.0
mild_horizontal,2.5,0.0,horizontal,13,6.5,0.0,6.5,9.0,0.0,9.0,exact_distance_minus_5cm,9.0,0.0,0.7919222016226815,5.684341886080802e-14,4.263256414560601e-14,0.0,5.684341886080802e-14,0.0,0.44444444444444364,0.6666666666666667,0.6666666666666654,0.8219129529860674,0.819229923978947,1.2088269670774914,-0.8219129529860674,4.181292433053437e-17,2.7755575615628914e-16,0.3333333333333333,1.145377788294527,0.5608353767286972,0.7919222016226815
mild_horizontal,2.5,0.0,horizontal,13,6.5,0.0,6.5,9.0,0.0,9.0,exact_distance_plus_5cm,9.0,0.0,0.7919222016226812,5.684341886080802e-14,4.263256414560601e-14,0.0,5.684341886080802e-14,0.0,1.7777777777777746,1.3333333333333335,1.3333333333333308,0.8219129529860674,0.8192299239789483,1.2088269670774903,0.8219129529860674,8.000160782369184e-17,4.996003610813204e-16,0.3333333333333334,1.1453777882945266,0.5608353767286969,0.7919222016226812
mild_horizontal,2.5,0.0,horizontal,13,6.5,0.0,6.5,9.0,0.0,9.0,planar_no_correction,9.0,0.0,0.019572114675699304,0.354881530212964,0.24999054109774477,0.0,0.354881530212964,0.0,0.9635168270161605,0.9876877696221693,0.975527749406824,0.02540412025728922,0.021222152174728965,0.0664382128031436,-0.025202360336739355,0.0026899616122265,0.010273687922406485,0.00921331621950314,0.057496334712330406,0.006612678482317543,0.019572114675699304
mild_horizontal,2.5,0.0,horizontal,14,7.0,0.0,7.0,9.5,0.0,9.5,exact_true_distance,9.5,0.0,0.0,4.263256414560601e-14,1.4210854715202004e-14,0.0,2.842170943040401e-14,0.0,1.0000000000000009,1.0000000000000009,1.0,1.1135221474767606e-16,2.7755575615628914e-17,4.965068306494546e-16,6.7926285556854975e-18,5.442492344331638e-17,3.6853988242309197e-16,4.4527568690489775e-17,4.441434166503682e-16,0.0,0.0
mild_horizontal,2.5,0.0,horizontal,14,7.0,0.0,7.0,9.5,0.0,9.5,exact_distance_minus_5cm,9.5,0.0,0.8367130454070977,5.684341886080802e-14,2.842170943040401e-14,0.0,5.684341886080802e-14,0.0,0.44444444444444353,0.6666666666666666,0.6666666666666654,0.8652438560397474,0.8619096990781486,1.2530902261470647,-0.8652438560397476,4.436186364383759e-17,2.7755575615628914e-16,0.33333333333333337,1.1903174400444885,0.5959587994842985,0.8367130454070977
mild_horizontal,2.5,0.0,horizontal,14,7.0,0.0,7.0,9.5,0.0,9.5,exact_distance_plus_5cm,9.5,0.0,0.8367130454070981,5.684341886080802e-14,2.842170943040401e-14,0.0,5.684341886080802e-14,0.0,1.7777777777777741,1.3333333333333333,1.3333333333333308,0.8652438560397476,0.861909699078148,1.2530902261470647,0.8652438560397476,8.717166059649783e-17,4.996003610813204e-16,0.33333333333333337,1.1903174400444885,0.5959587994842983,0.8367130454070981
mild_horizontal,2.5,0.0,horizontal,14,7.0,0.0,7.0,9.5,0.0,9.5,planar_no_correction,9.5,0.0,0.02304495212937363,0.395593206583726,0.27867092745041333,0.0,0.395593206583726,0.0,0.9594174334688423,0.9862850329935372,0.9727587881536159,0.02920530448835903,0.024738662854487174,0.07393961615865685,-0.028995587115652824,0.0029460491354485765,0.010990612071512994,0.010151892061316725,0.06450800536473136,0.00791740759379576,0.02304495212937363
mild_horizontal,2.5,0.0,horizontal,15,7.5,0.0,7.5,10.0,0.0,10.0,exact_true_distance,10.0,0.0,0.0,4.263256414560601e-14,1.4210854715202004e-14,0.0,2.842170943040401e-14,0.0,1.0000000000000009,1.0000000000000009,1.0,1.5012050899411483e-16,1.1102230246251565e-16,4.965068306494546e-16,5.262475183506677e-17,5.105860805486055e-17,3.253556323348892e-16,5.82700894702588e-17,4.577566798522237e-16,3.1401849173675503e-16,0.0
mild_horizontal,2.5,0.0,horizontal,15,7.5,0.0,7.5,10.0,0.0,10.0,exact_distance_minus_5cm,10.0,0.0,0.8816349035423248,5.684341886080802e-14,2.842170943040401e-14,0.0,5.684341886080802e-14,0.0,0.44444444444444353,0.6666666666666666,0.6666666666666654,0.9088744533256334,0.9059140596467992,1.2976727363406626,-0.9088744533256334,4.312557647892372e-17,2.7755575615628914e-16,0.3333333333333333,1.2355154389651777,0.6322712230463806,0.8816349035423248
mild_horizontal,2.5,0.0,horizontal,15,7.5,0.0,7.5,10.0,0.0,10.0,exact_distance_plus_5cm,10.0,0.0,0.881634903542325,5.684341886080802e-14,2.842170943040401e-14,0.0,5.684341886080802e-14,0.0,1.7777777777777741,1.3333333333333333,1.3333333333333308,0.9088744533256335,0.9059140596467996,1.2976727363406633,0.9088744533256334,8.492611729862423e-17,4.996003610813204e-16,0.33333333333333337,1.235515438965178,0.6322712230463815,0.881634903542325
mild_horizontal,2.5,0.0,horizontal,15,7.5,0.0,7.5,10.0,0.0,10.0,planar_no_correction,10.0,0.0,0.02691083263548011,0.43854660110329746,0.30893115329963905,0.0,0.43854660110326904,0.0,0.9551111340637473,0.984807187020399,0.9698458202295424,0.033403195049458816,0.028731900050439973,0.08202342498301125,-0.03318553115562162,0.0032156911423536047,0.011734863806385484,0.011142379131954115,0.0721349787980033,0.009446959892184343,0.02691083263548011
mild_horizontal,2.5,0.0,horizontal,16,8.0,0.0,8.0,10.5,0.0,10.5,exact_true_distance,10.5,0.0,0.0,3.410605131648481e-13,2.4158453015843406e-13,0.0,3.410605131648481e-13,0.0,1.000000000000012,1.000000000000012,1.0,1.2279999086700965e-16,5.551115123125783e-17,4.965068306494546e-16,1.817584893166399e-17,5.744278721468515e-17,3.6853988242309197e-16,4.599358282181664e-17,4.449557262054371e-16,0.0,0.0
mild_horizontal,2.5,0.0,horizontal,16,8.0,0.0,8.0,10.5,0.0,10.5,exact_distance_minus_5cm,10.5,0.0,0.9266952246576718,1.9895196601282805e-13,1.3500311979441904e-13,0.0,1.9895196601282805e-13,0.0,0.4444444444444473,0.666666666666671,0.6666666666666666,0.9527866793436623,0.9507534746094581,1.3425708173910396,-0.9527866793436623,4.62874995785031e-17,2.7755575615628914e-16,0.33333333333333337,1.2809727184905355,0.6695998321423838,0.9266952246576718
mild_horizontal,2.5,0.0,horizontal,16,8.0,0.0,8.0,10.5,0.0,10.5,exact_distance_plus_5cm,10.5,0.0,0.9266952246576721,1.9895196601282805e-13,1.3500311979441904e-13,0.0,1.9895196601282805e-13,0.0,1.7777777777777892,1.333333333333342,1.3333333333333333,0.9527866793436623,0.9507534746094584,1.3425708173910404,0.9527866793436623,9.19145452458669e-17,4.996003610813204e-16,0.33333333333333337,1.280972718490535,0.6695998321423835,0.9266952246576721
mild_horizontal,2.5,0.0,horizontal,16,8.0,0.0,8.0,10.5,0.0,10.5,planar_no_correction,10.5,0.0,0.031192102081946782,0.48374820581477707,0.3407759621462034,0.0,0.48374820581477707,0.0,0.9506002048853497,0.9832543442452929,0.9667897329403541,0.03802028363515673,0.0331432216082323,0.09071455460704003,-0.037794661783297316,0.0034989816409607298,0.012506562698286837,0.012184764122236194,0.080357135906896,0.011222322089767277,0.031192102081946782
mild_horizontal,2.5,0.0,horizontal,17,8.5,0.0,8.5,11.0,0.0,11.0,exact_true_distance,11.0,0.0,4.440892098500626e-16,4.263256414560601e-14,1.4210854715202004e-14,0.0,2.842170943040401e-14,0.0,1.000000000000001,1.0000000000000009,1.0000000000000002,1.4783902737169772e-16,2.7755575615628914e-17,9.155133597044475e-16,6.825824924703783e-17,5.092678089970409e-17,4.1512623450582695e-16,4.880177601607194e-17,4.577566798522237e-16,2.220446049250313e-16,4.440892098500626e-16
mild_horizontal,2.5,0.0,horizontal,17,8.5,0.0,8.5,11.0,0.0,11.0,exact_distance_minus_5cm,11.0,0.0,0.9719015456885922,1.9895196601282805e-13,1.2789769243681803e-13,0.0,1.8474111129762605e-13,0.0,0.44444444444444736,0.666666666666671,0.6666666666666667,0.9969674844764287,0.9948534298010346,1.3877823825807243,-0.9969674844764288,4.4254539883277454e-17,2.7755575615628914e-16,0.3333333333333333,1.3270893463097213,0.7078051580142383,0.9719015456885922
mild_horizontal,2.5,0.0,horizontal,17,8.5,0.0,8.5,11.0,0.0,11.0,exact_distance_plus_5cm,11.0,0.0,0.9719015456885929,1.9895196601282805e-13,1.2789769243681803e-13,0.0,1.8474111129762605e-13,0.0,1.7777777777777892,1.333333333333342,1.3333333333333335,0.9969674844764289,0.9948534298010352,1.3877823825807256,0.9969674844764289,8.684968931481742e-17,4.996003610813204e-16,0.33333333333333337,1.3270893463097218,0.7078051580142386,0.9719015456885929
mild_horizontal,2.5,0.0,horizontal,17,8.5,0.0,8.5,11.0,0.0,11.0,planar_no_correction,11.0,0.0,0.03591137127513333,0.5312048466118142,0.37421036112058914,0.0,0.5312048466118142,0.0,0.9458870279948189,0.9816266229220004,0.963591457186852,0.04307933301407814,0.037981383114242546,0.10003833157297584,-0.04284572858753325,0.0037960018914136974,0.013305825618495047,0.013279045346400295,0.08899738650060658,0.013264516033452033,0.03591137127513333
mild_horizontal,2.5,0.0,horizontal,18,9.0,0.0,9.0,11.5,0.0,11.5,exact_true_distance,11.5,0.0,0.0,4.263256414560601e-14,1.4210854715202004e-14,0.0,2.842170943040401e-14,0.0,1.000000000000001,1.0000000000000009,1.0000000000000002,1.5910861526697263e-16,5.551115123125783e-17,9.155133597044475e-16,5.558792783536758e-17,6.039599732221068e-17,4.1629228265941034e-16,5.2240626684436366e-17,4.965068306494546e-16,2.220446049250313e-16,0.0
mild_horizontal,2.5,0.0,horizontal,18,9.0,0.0,9.0,11.5,0.0,11.5,exact_distance_minus_5cm,11.5,0.0,1.0172614971184966,1.9895196601282805e-13,1.2789769243681803e-13,0.0,1.8474111129762605e-13,0.0,0.44444444444444736,0.666666666666671,0.6666666666666667,1.0414077210365633,1.0389719193868088,1.4333067341651078,-1.0414077210365633,4.786639720982048e-17,2.7755575615628914e-16,0.33333333333333337,1.3736994780420755,0.7467745695952331,1.0172614971184966
mild_horizontal,2.5,0.0,horizontal,18,9.0,0.0,9.0,11.5,0.0,11.5,exact_distance_plus_5cm,11.5,0.0,1.0172614971184974,1.9895196601282805e-13,1.2789769243681803e-13,0.0,1.8474111129762605e-13,0.0,1.7777777777777892,1.333333333333342,1.3333333333333335,1.0414077210365633,1.0389719193868094,1.4333067341651076,1.0414077210365635,9.484737339501984e-17,4.996003610813204e-16,0.33333333333333337,1.373699478042076,0.7467745695952331,1.0172614971184974
mild_horizontal,2.5,0.0,horizontal,18,9.0,0.0,9.0,11.5,0.0,11.5,planar_no_correction,11.5,0.0,0.04109153166527202,0.5809236832787974,0.40923962416968607,0.0,0.5809236832787832,0.0,0.9409740898517087,0.9799241470065412,0.9602519671815246,0.048603394063157716,0.04331208557206507,0.11002051255966176,-0.04836177548666454,0.004106823877315756,0.014132767741858461,0.014425233031401363,0.09845599469118164,0.015594635608396986,0.04109153166527202
mild_horizontal,2.5,0.0,horizontal,19,9.5,0.0,9.5,12.0,0.0,12.0,exact_true_distance,12.0,0.0,0.0,2.8421709430404007e-13,2.0605739337042905e-13,0.0,2.8421709430404007e-13,0.0,0.9999999999999898,1.0,0.9999999999999898,1.8472443820126294e-16,5.551115123125783e-17,9.155133597044475e-16,1.0530842983810055e-16,5.4419997757275064e-17,4.1512623450582695e-16,5.4851858932341117e-17,8.881784197001252e-16,0.0,0.0
mild_horizontal,2.5,0.0,horizontal,19,9.5,0.0,9.5,12.0,0.0,12.0,exact_distance_minus_5cm,12.0,0.0,1.0627828083501103,1.9895196601282805e-13,1.3500311979441904e-13,0.0,1.9895196601282805e-13,0.0,0.4444444444444473,0.666666666666671,0.6666666666666666,1.0861013170556209,1.0833956363114938,1.4791443939796745,-1.0861013170556209,4.6498019262678745e-17,2.7755575615628914e-16,0.3333333333333333,1.4196545001001748,0.7864169763718971,1.0627828083501103
mild_horizontal,2.5,0.0,horizontal,19,9.5,0.0,9.5,12.0,0.0,12.0,exact_distance_plus_5cm,12.0,0.0,1.0627828083501112,1.9895196601282805e-13,1.3500311979441904e-13,0.0,1.9895196601282805e-13,0.0,1.7777777777777892,1.333333333333342,1.3333333333333333,1.086101317055621,1.0833956363114938,1.4791443939796736,1.086101317055621,9.027992181579713e-17,4.996003610813204e-16,0.33333333333333337,1.4196545001001766,0.786416976371897,1.0627828083501112
mild_horizontal,2.5,0.0,horizontal,19,9.5,0.0,9.5,12.0,0.0,12.0,planar_no_correction,12.0,0.0,0.04675577146053822,0.6329122095225443,0.44586929544153264,0.0,0.6329122095225301,0.0,0.9358639796662958,0.9781470461477352,0.9567722801515743,0.05461582269385036,0.04917715228533861,0.12068730398496193,-0.05436615555148981,0.00443151287849645,0.014987503365654447,0.015623348824253211,0.1084651587406166,0.01823388846540213,0.04675577146053822
mild_horizontal,2.5,0.0,horizontal,20,10.0,0.0,10.0,12.5,0.0,12.5,exact_true_distance,12.5,0.0,0.0,3.694822225952521e-13,2.4158453015843406e-13,0.0,3.410605131648481e-13,0.0,1.0000000000000118,1.000000000000012,0.9999999999999998,1.8019669870548325e-16,5.551115123125783e-17,9.155133597044475e-16,9.725017331314221e-17,6.103372285103644e-17,4.1629228265941034e-16,5.095392009810375e-17,8.881784197001252e-16,0.0,0.0
mild_horizontal,2.5,0.0,horizontal,20,10.0,0.0,10.0,12.5,0.0,12.5,exact_distance_minus_5cm,12.5,0.0,1.1084733132146996,1.9895196601282805e-13,1.3500311979441904e-13,0.0,1.9895196601282805e-13,0.0,0.4444444444444472,0.666666666666671,0.6666666666666665,1.1310446566033705,1.1290650005948877,1.525296962791157,-1.1310446566033705,4.852478720248746e-17,2.220446049250313e-16,0.3333333333333333,1.4661686886998488,0.8266585834463535,1.1084733132146996
mild_horizontal,2.5,0.0,horizontal,20,10.0,0.0,10.0,12.5,0.0,12.5,exact_distance_plus_5cm,12.5,0.0,1.1084733132146996,1.9895196601282805e-13,1.3500311979441904e-13,0.0,1.9895196601282805e-13,0.0,1.7777777777777888,1.333333333333342,1.333333333333333,1.1310446566033707,1.1290650005948877,1.5252969627911577,1.131044656603371,9.65831288302328e-17,4.996003610813204e-16,0.33333333333333337,1.466168688699848,0.8266585834463537,1.1084733132146996
mild_horizontal,2.5,0.0,horizontal,20,10.0,0.0,10.0,12.5,0.0,12.5,planar_no_correction,12.5,0.0,0.052927592154730974,0.6871782529653387,0.4841051928544644,0.0,0.6871782529653387,0.0,0.9305593876845671,0.9762954556773293,0.9531534560293209,0.06114029684548067,0.05555929508606376,0.13206538232478895,-0.060882546547908506,0.0047701293865232,0.015870146581992216,0.016873424955375207,0.11930083843185971,0.021203634406797293,0.052927592154730974
mild_horizontal,2.5,0.0,vertical,0,0.0,0.0,0.0,2.5,0.0,2.5,exact_true_distance,2.5,0.0,0.0,1.1368683772161603e-13,7.105427357601002e-14,0.0,1.1368683772161603e-13,0.0,1.0000000000000036,1.0000000000000036,1.0,5.943430759832467e-17,2.7755575615628914e-17,2.482534153247273e-16,-3.5797002777581415e-18,3.0747840829073954e-17,2.3915410848715594e-16,6.492382335408473e-17,2.220446049250313e-16,2.220446049250313e-16,0.0
mild_horizontal,2.5,0.0,vertical,0,0.0,0.0,0.0,2.5,0.0,2.5,exact_distance_minus_5cm,2.5,0.0,0.21830471454256029,8.526512829121202e-14,4.263256414560601e-14,0.0,5.684341886080802e-14,0.0,0.44444444444444553,0.6666666666666682,0.6666666666666667,0.33229195974866155,0.32756536092721905,0.6695998321423838,-0.33229195974866155,2.4573529310944507e-17,1.942890293094024e-16,0.33333333333333337,0.5815392141587254,0.37345730803347493,0.21830471454256029
mild_horizontal,2.5,0.0,vertical,0,0.0,0.0,0.0,2.5,0.0,2.5,exact_distance_plus_5cm,2.5,0.0,0.21830471454256029,8.526512829121202e-14,4.263256414560601e-14,0.0,5.684341886080802e-14,0.0,1.7777777777777821,1.3333333333333364,1.3333333333333335,0.33229195974866155,0.32756536092721883,0.6695998321423835,0.33229195974866144,4.9739403223442074e-17,3.885780586188048e-16,0.3333333333333333,0.5815392141587251,0.37345730803347504,0.21830471454256029
mild_horizontal,2.5,0.0,vertical,0,0.0,0.0,0.0,2.5,0.0,2.5,planar_no_correction,2.5,0.0,0.00041567412980725305,0.02727929416298025,0.019215974857445417,0.0,0.027279294162951828,0.0,0.9971462064642567,0.9990476306803348,0.9980967631995852,0.0023088705084215555,0.0013587897125048132,0.011222322089767277,-0.002231643769774446,0.0005241819033680474,0.0033672957851503017,0.0017163270732193057,0.0075193587120790835,0.0020661336205418496,0.00041567412980725305
mild_horizontal,2.5,0.0,vertical,1,0.0,0.5,0.5,2.5,0.5,2.5495097567963922,exact_true_distance,2.5,0.5,0.0,1.4210854715202004e-13,7.105427357601002e-14,0.0,1.4210854715202004e-13,0.0,1.0000000000000033,1.0000000000000036,0.9999999999999998,5.818374539586588e-17,5.551115123125783e-17,4.577566798522237e-16,8.403993881859685e-18,3.135271915302844e-17,3.751967237598433e-16,6.524983924152275e-17,2.220446049250313e-16,1.1102230246251565e-16,0.0
mild_horizontal,2.5,0.0,vertical,1,0.0,0.5,0.5,2.5,0.5,2.5495097567963922,exact_distance_minus_5cm,2.5,0.5,0.22263093539728915,1.1368683772161603e-13,5.684341886080802e-14,5.684341886080802e-14,1.1368683772161603e-13,0.0,0.4444444444444453,0.6666666666666682,0.6666666666666664,0.33448251745331403,0.32716992791476984,0.6938243162565351,-0.33448251745331403,2.842015736371283e-17,3.885780586188048e-16,0.33333333333333337,0.5846018326654491,0.33275868558522254,0.22263093539728915
mild_horizontal,2.5,0.0,vertical,1,0.0,0.5,0.5,2.5,0.5,2.5495097567963922,exact_distance_plus_5cm,2.5,0.5,0.22263093539728915,1.1368683772161603e-13,5.684341886080802e-14,5.684341886080802e-14,1.1368683772161603e-13,0.0,1.777777777777781,1.3333333333333364,1.3333333333333328,0.3344825174533141,0.32716992791477,0.693824316256535,0.3344825174533141,5.652040736421757e-17,8.326672684688674e-16,0.3333333333333333,0.5846018326654489,0.3327586855852228,0.22263093539728915
mild_horizontal,2.5,0.0,vertical,1,0.0,0.5,0.5,2.5,0.5,2.5495097567963922,planar_no_correction,2.5,0.5,0.0004349451208254569,0.038224200122982666,0.015991013853948743,0.02182931699070423,0.014190437623483376,0.0,0.9970702715902753,0.9990111075208313,0.9980572428915505,0.002360355971108637,0.0013788839651036856,0.01245684457278601,-0.0022793347586371345,0.0005426150011592362,0.004076125195158772,0.0017414889333151075,0.007580079405851232,0.001458699421460526,0.0004349451208254569
mild_horizontal,2.5,0.0,vertical,2,0.0,1.0,1.0,2.5,1.0,2.692582403567252,exact_true_distance,2.5,1.0,0.0,1.1368683772161603e-13,4.263256414560601e-14,1.1368683772161603e-13,8.526512829121202e-14,0.0,1.0000000000000058,1.0000000000000038,1.000000000000002,6.014308483655934e-17,2.7755575615628914e-17,4.440892098500626e-16,-7.90379258517748e-18,3.15054348690219e-17,3.332384924189699e-16,6.378792794605159e-17,2.220446049250313e-16,1.1102230246251565e-16,0.0
mild_horizontal,2.5,0.0,vertical,2,0.0,1.0,1.0,2.5,1.0,2.692582403567252,exact_distance_minus_5cm,2.5,1.0,0.2351349628787562,4.263256414560601e-14,2.842170943040401e-14,0.0,2.842170943040401e-14,0.0,0.44444444444444603,0.6666666666666682,0.6666666666666675,0.3410395636337729,0.3408658034815817,0.7199817981353421,-0.34103956363377286,2.518135330103989e-17,1.6653345369377348e-16,0.33333333333333337,0.5912223254264305,0.29300858141638025,0.2351349628787562
mild_horizontal,2.5,0.0,vertical,2,0.0,1.0,1.0,2.5,1.0,2.692582403567252,exact_distance_plus_5cm,2.5,1.0,0.2351349628787562,4.263256414560601e-14,2.842170943040401e-14,0.0,2.842170943040401e-14,0.0,1.777777777777784,1.3333333333333364,1.333333333333335,0.34103956363377286,0.34086580348158146,0.7199817981353418,0.34103956363377286,5.0908613038005856e-17,3.3306690738754696e-16,0.3333333333333333,0.59122232542643,0.2930085814163803,0.2351349628787562
mild_horizontal,2.5,0.0,vertical,2,0.0,1.0,1.0,2.5,1.0,2.692582403567252,planar_no_correction,2.5,1.0,0.0004989730905698837,0.050458491025040075,0.021818837115247902,0.04365197824375855,0.0032679365157832763,0.0,0.9968424900984605,0.9989191945220721,0.997921048634364,0.002515952412805266,0.0015356138347956214,0.01391551118803629,-0.00242361189562132,0.0005971825680719835,0.004867873883616867,0.0018169447616814144,0.007883376355678436,0.000992068078385455,0.0004989730905698837
mild_horizontal,2.5,0.0,vertical,3,0.0,1.5,1.5,2.5,1.5,2.9154759474226504,exact_true_distance,2.5,1.5,0.0,1.2789769243681803e-13,5.684341886080802e-14,1.1368683772161603e-13,1.1368683772161603e-13,0.0,1.0000000000000044,1.0000000000000038,1.0000000000000007,5.95600342493673e-17,5.551115123125783e-17,4.577566798522237e-16,1.3779623104661927e-18,3.16740740602579e-17,3.751967237598433e-16,6.455750558917397e-17,2.220446049250313e-16,0.0,0.0
mild_horizontal,2.5,0.0,vertical,3,0.0,1.5,1.5,2.5,1.5,2.9154759474226504,exact_distance_minus_5cm,2.5,1.5,0.25462165872192,4.263256414560601e-14,2.842170943040401e-14,0.0,2.842170943040401e-14,0.0,0.44444444444444603,0.6666666666666682,0.6666666666666675,0.35192541460419446,0.3592899825008268,0.7478847007641517,-0.35192541460419446,2.828703462224881e-17,3.885780586188048e-16,0.33333333333333337,0.6079860018672657,0.25462165872192005,0.25462165872192
mild_horizontal,2.5,0.0,vertical,3,0.0,1.5,1.5,2.5,1.5,2.9154759474226504,exact_distance_plus_5cm,2.5,1.5,0.25462165872192,4.263256414560601e-14,2.842170943040401e-14,0.0,2.842170943040401e-14,0.0,1.777777777777784,1.3333333333333364,1.333333333333335,0.35192541460419446,0.3592899825008268,0.7478847007641514,0.35192541460419446,5.645642589157594e-17,8.326672684688674e-16,0.33333333333333337,0.6079860018672657,0.2546216587219199,0.25462165872192
mild_horizontal,2.5,0.0,vertical,3,0.0,1.5,1.5,2.5,1.5,2.9154759474226504,planar_no_correction,2.5,1.5,0.0006229211845807082,0.06628459076492277,0.03272524176794889,0.06546133006645505,0.02509848899228473,0.0,0.99646293137215,0.9988155811087132,0.9976445604363203,0.002779083995189656,0.0017932460603399785,0.015615190911889643,-0.0026680850863397164,0.0006887705013862252,0.005744785524269801,0.0019426099244613303,0.008505339637480458,0.0006464333428906427,0.0006229211845807082
mild_horizontal,2.5,0.0,vertical,4,0.0,2.0,2.0,2.5,2.0,3.2015621187164243,exact_true_distance,2.5,2.0,0.0,1.4210854715202004e-14,0.0,0.0,0.0,0.0,1.000000000000007,1.0000000000000036,1.0000000000000036,6.28920624349575e-17,3.469446951953614e-18,4.440892098500626e-16,-4.337580622438881e-19,3.1153956702059615e-17,3.332384924189699e-16,5.93852457798188e-17,2.220446049250313e-16,0.0,0.0
mild_horizontal,2.5,0.0,vertical,4,0.0,2.0,2.0,2.5,2.0,3.2015621187164243,exact_distance_minus_5cm,2.5,2.0,0.2796454320884771,1.4210854715202004e-14,0.0,0.0,0.0,0.0,0.4444444444444465,0.6666666666666682,0.6666666666666682,0.36706887980889347,0.37876466969886713,0.777361345974873,-0.3670688798088934,2.714775162553353e-17,3.885780586188048e-16,0.33333333333333337,0.6353676117530224,0.21828873179674352,0.2796454320884771
mild_horizontal,2.5,0.0,vertical,4,0.0,2.0,2.0,2.5,2.0,3.2015621187164243,exact_distance_plus_5cm,2.5,2.0,0.27964543208847703,1.4210854715202004e-14,0.0,0.0,0.0,0.0,1.7777777777777857,1.3333333333333364,1.3333333333333364,0.3670688798088934,0.3787646696988672,0.7773613459748734,0.3670688798088934,5.458341987795435e-17,6.106226635438361e-16,0.3333333333333333,0.635367611753022,0.21828873179674343,0.27964543208847703
mild_horizontal,2.5,0.0,vertical,4,0.0,2.0,2.0,2.5,2.0,3.2015621187164243,planar_no_correction,2.5,2.0,0.0008242791120880223,0.08792525794937944,0.043631180597039076,0.0872507228546624,0.0513045377592789,0.0,0.9959317110267724,0.9987355838163099,0.9971925774599684,0.0031554699969408182,0.002123462925762461,0.017572636254611942,-0.0030187614698248414,0.0008168297850287304,0.006708404750648245,0.0021183691771881627,0.009670104791633397,0.0004024585066214653,0.0008242791120880223
mild_horizontal,2.5,0.0,vertical,5,0.0,2.5,2.5,2.5,2.5,3.5355339059327378,exact_true_distance,2.5,2.5,0.0,8.526512829121202e-14,5.684341886080802e-14,0.0,8.526512829121202e-14,0.0,1.0000000000000044,1.0000000000000036,1.0000000000000009,6.459383218040467e-17,5.551115123125783e-17,4.577566798522237e-16,-5.8183353026120645e-18,3.271534460877572e-17,3.751967237598433e-16,6.276165691995438e-17,2.220446049250313e-16,5.551115123125783e-17,0.0
mild_horizontal,2.5,0.0,vertical,5,0.0,2.5,2.5,2.5,2.5,3.5355339059327378,exact_distance_minus_5cm,2.5,2.5,0.3088765840464717,1.1368683772161603e-13,5.684341886080802e-14,1.1368683772161603e-13,5.684341886080802e-14,0.0,0.4444444444444465,0.666666666666669,0.6666666666666674,0.38636601821134264,0.4013186984618008,0.8082567726407253,-0.38636601821134264,3.062339033290408e-17,3.885780586188048e-16,0.33333333333333337,0.6649383353840974,0.18519416599597935,0.3088765840464717
mild_horizontal,2.5,0.0,vertical,5,0.0,2.5,2.5,2.5,2.5,3.5355339059327378,exact_distance_plus_5cm,2.5,2.5,0.3088765840464716,1.1368683772161603e-13,5.684341886080802e-14,1.1368683772161603e-13,5.684341886080802e-14,0.0,1.7777777777777857,1.333333333333338,1.3333333333333348,0.3863660182113426,0.401318698461801,0.808256772640725,0.3863660182113426,6.133243328240903e-17,8.326672684688674e-16,0.33333333333333337,0.6649383353840974,0.18519416599597938,0.3088765840464716
mild_horizontal,2.5,0.0,vertical,5,0.0,2.5,2.5,2.5,2.5,3.5355339059327378,planar_no_correction,2.5,2.5,0.001119622912454363,0.11540641718050892,0.05452895003590186,0.10901351313555097,0.0818900523709658,0.0,0.995248990874609,0.9986839211534385,0.9965605431247334,0.0036531376154040228,0.002532169632839711,0.019804731517968747,-0.0034840275374228295,0.0009824886691974927,0.007759762845106552,0.0023441116362832915,0.011081386416259857,0.0002416672874087622,0.001119622912454363
mild_horizontal,2.5,0.0,vertical,6,0.0,3.0,3.0,2.5,3.0,3.905124837953327,exact_true_distance,2.5,3.0,1.1102230246251565e-16,1.4210854715202004e-14,0.0,0.0,0.0,0.0,1.000000000000007,1.0000000000000036,1.0000000000000036,7.727453193668984e-17,2.7755575615628914e-17,4.440892098500626e-16,1.73143139499251e-18,3.5971837220950776e-17,3.332384924189699e-16,6.260021372366906e-17,2.2887833992611187e-16,0.0,1.1102230246251565e-16
mild_horizontal,2.5,0.0,vertical,6,0.0,3.0,3.0,2.5,3.0,3.905124837953327,exact_distance_minus_5cm,2.5,3.0,0.3412509707308295,2.4158453015843406e-13,1.1368683772161603e-13,2.2737367544323206e-13,1.1368683772161603e-13,0.0,0.4444444444444465,0.6666666666666695,0.6666666666666669,0.409660932787759,0.4288834992138406,0.8404326012023879,-0.409660932787759,3.108674002993774e-17,3.885780586188048e-16,0.33333333333333337,0.6968858897846907,0.15736825437682442,0.3412509707308295
mild_horizontal,2.5,0.0,vertical,6,0.0,3.0,3.0,2.5,3.0,3.905124837953327,exact_distance_plus_5cm,2.5,3.0,0.3412509707308295,2.4158453015843406e-13,1.1368683772161603e-13,2.2737367544323206e-13,1.1368683772161603e-13,0.0,1.7777777777777857,1.333333333333339,1.3333333333333337,0.409660932787759,0.4288834992138408,0.8404326012023883,0.409660932787759,6.184944485972276e-17,6.106226635438361e-16,0.33333333333333337,0.6968858897846911,0.15736825437682436,0.3412509707308295
mild_horizontal,2.5,0.0,vertical,6,0.0,3.0,3.0,2.5,3.0,3.905124837953327,planar_no_correction,2.5,3.0,0.0015251843520851774,0.1485319744551532,0.06542627524179778,0.13074306560974946,0.11685964721286268,0.0,0.994414978875545,0.998651654200313,0.9957576044590238,0.004282426863974631,0.003055415874691647,0.02232869048147625,-0.004074616076604183,0.0011855362961946858,0.008899524226585558,0.002619785650418666,0.012967835293010101,0.00014692907007344768,0.0015251843520851774
mild_horizontal,2.5,0.0,vertical,7,0.0,3.5,3.5,2.5,3.5,4.301162633521313,exact_true_distance,2.5,3.5,0.0,3.410605131648481e-13,1.5631940186722204e-13,3.410605131648481e-13,1.7053025658242404e-13,0.0,1.000000000000007,1.0000000000000062,1.0000000000000009,6.855623367993198e-17,1.3877787807814457e-17,4.577566798522237e-16,-4.270758739160982e-18,3.436610463360498e-17,3.751967237598433e-16,5.838080628418614e-17,2.2887833992611187e-16,2.7755575615628914e-17,0.0
mild_horizontal,2.5,0.0,vertical,7,0.0,3.5,3.5,2.5,3.5,4.301162633521313,exact_distance_minus_5cm,2.5,3.5,0.3759745726058635,2.8421709430404007e-13,1.2789769243681803e-13,2.2737367544323206e-13,2.4158453015843406e-13,0.0,0.44444444444444464,0.6666666666666687,0.6666666666666649,0.43672910144570304,0.4565290881826401,0.8737662756994197,-0.4367291014457031,3.455309110418289e-17,3.885780586188048e-16,0.33333333333333337,0.7326720546098656,0.13801385181811882,0.3759745726058635
mild_horizontal,2.5,0.0,vertical,7,0.0,3.5,3.5,2.5,3.5,4.301162633521313,exact_distance_plus_5cm,2.5,3.5,0.3759745726058636,2.8421709430404007e-13,1.2789769243681803e-13,2.2737367544323206e-13,2.4158453015843406e-13,0.0,1.7777777777777786,1.3333333333333375,1.3333333333333297,0.43672910144570304,0.4565290881826398,0.8737662756994193,0.43672910144570304,6.849423038132577e-17,8.326672684688674e-16,0.3333333333333333,0.732672054609866,0.13801385181811876,0.3759745726058636
mild_horizontal,2.5,0.0,vertical,7,0.0,3.5,3.5,2.5,3.5,4.301162633521313,planar_no_correction,2.5,3.5,0.002057893964395845,0.18644945426630954,0.07630887640107886,0.15243275518696464,0.15621857356259738,0.0,0.993429929073692,0.9986308956964272,0.9947919029491792,0.0050559695577773464,0.0036681863459230176,0.02516218907969145,-0.004803547000471603,0.001427579072854959,0.010128097965591311,0.002945460450996358,0.014872098160716399,0.00010186465080886624,0.002057893964395845
mild_horizontal,2.5,0.0,vertical,8,0.0,4.0,4.0,2.5,4.0,4.716990566028302,exact_true_distance,2.5,4.0,0.0,6.536993168992922e-13,2.984279490192421e-13,6.252776074688882e-13,2.4158453015843406e-13,0.0,1.00000000000001,1.0000000000000107,0.9999999999999993,9.022492060950764e-17,5.551115123125783e-17,4.965068306494546e-16,-1.5203974405509494e-18,4.0876236956796665e-17,4.476440688140249e-16,6.444316794331826e-17,2.482534153247273e-16,0.0,0.0
mild_horizontal,2.5,0.0,vertical,8,0.0,4.0,4.0,2.5,4.0,4.716990566028302,exact_distance_minus_5cm,2.5,4.0,0.41247297499322017,4.831690603168681e-13,2.3447910280083306e-13,4.547473508864641e-13,2.4158453015843406e-13,0.0,0.4444444444444465,0.666666666666671,0.6666666666666654,0.4672138319845406,0.48546044315151426,0.9081499407117003,-0.4672138319845406,3.557163487026802e-17,3.885780586188048e-16,0.33333333333333337,0.7653921327530132,0.13092960784593466,0.41247297499322017
mild_horizontal,2.5,0.0,vertical,8,0.0,4.0,4.0,2.5,4.0,4.716990566028302,exact_distance_plus_5cm,2.5,4.0,0.41247297499322005,4.831690603168681e-13,2.3447910280083306e-13,4.547473508864641e-13,2.4158453015843406e-13,0.0,1.7777777777777857,1.333333333333342,1.3333333333333308,0.4672138319845406,0.4854604431515143,0.9081499407116997,0.4672138319845406,7.032389410702885e-17,6.106226635438361e-16,0.33333333333333337,0.7653921327530123,0.1309296078459346,0.41247297499322005
mild_horizontal,2.5,0.0,vertical,8,0.0,4.0,4.0,2.5,4.0,4.716990566028302,planar_no_correction,2.5,4.0,0.002735665970730624,0.22939224055252794,0.08722316579265055,0.1740759690227378,0.19997271046274534,0.0,0.9922941415200331,0.9986169205478647,0.9936684639547639,0.005988616556182287,0.004445702437911535,0.028323439956993754,-0.005686021920965911,0.0017090833651671274,0.011445720325534127,0.0033214188218980423,0.017223945868226224,8.974183907972666e-05,0.002735665970730624
mild_horizontal,2.5,0.0,vertical,9,0.0,4.5,4.5,2.5,4.5,5.1478150704935,exact_true_distance,2.5,4.5,0.0,8.526512829121202e-14,5.684341886080802e-14,0.0,8.526512829121202e-14,0.0,1.0000000000000044,1.0000000000000036,1.0000000000000009,8.28721293837829e-17,5.551115123125783e-17,4.965068306494546e-16,-2.7184317368346892e-18,4.0105837656650936e-17,4.489959990664674e-16,6.062441565661713e-17,2.482534153247273e-16,2.7755575615628914e-17,0.0
mild_horizontal,2.5,0.0,vertical,9,0.0,4.5,4.5,2.5,4.5,5.1478150704935,exact_distance_minus_5cm,2.5,4.5,0.45033443127000006,2.8421709430404007e-13,1.2789769243681803e-13,2.2737367544323206e-13,2.4158453015843406e-13,0.0,0.44444444444444464,0.6666666666666687,0.6666666666666649,0.5004258210212961,0.5167742117470088,0.9434891401223024,-0.5004258210212961,4.053948663311891e-17,3.885780586188048e-16,0.33333333333333337,0.8020987043931239,0.13801385181811882,0.45033443127000006
mild_horizontal,2.5,0.0,vertical,9,0.0,4.5,4.5,2.5,4.5,5.1478150704935,exact_distance_plus_5cm,2.5,4.5,0.45033443127000045,2.8421709430404007e-13,1.2789769243681803e-13,2.2737367544323206e-13,2.4158453015843406e-13,0.0,1.7777777777777786,1.3333333333333375,1.3333333333333297,0.5004258210212961,0.5167742117470088,0.943489140122303,0.5004258210212961,8.098816085345617e-17,6.106226635438361e-16,0.3333333333333333,0.8020987043931243,0.13801385181811876,0.45033443127000045
mild_horizontal,2.5,0.0,vertical,9,0.0,4.5,4.5,2.5,4.5,5.1478150704935,planar_no_correction,2.5,4.5,0.003577259046761279,0.2767517921620595,0.09805815269479723,0.19566610854758437,0.2481285543815943,0.0,0.9910079621810457,0.9986070785800435,0.9923902838643971,0.007097245712848939,0.00534755814213227,0.031831223738184644,-0.00673921042968284,0.0020295235558288904,0.012852514474970034,0.0037483371813805347,0.019804731517968747,0.00010186465080886624,0.003577259046761279
mild_horizontal,2.5,0.0,vertical,10,0.0,5.0,5.0,2.5,5.0,5.5901699437494745,exact_true_distance,2.5,5.0,0.0,8.526512829121202e-14,5.684341886080802e-14,0.0,8.526512829121202e-14,0.0,1.0000000000000044,1.0000000000000036,1.0000000000000009,1.076443219979611e-16,5.551115123125783e-17,4.965068306494546e-16,-3.477450206457083e-18,4.7065090818766803e-17,4.476440688140249e-16,6.739652266466157e-17,4.440892098500626e-16,0.0,0.0
mild_horizontal,2.5,0.0,vertical,10,0.0,5.0,5.0,2.5,5.0,5.5901699437494745,exact_distance_minus_5cm,2.5,5.0,0.4892631025345734,2.8421709430404007e-13,1.2789769243681803e-13,2.2737367544323206e-13,2.4158453015843406e-13,0.0,0.44444444444444464,0.6666666666666687,0.6666666666666649,0.5354990338129108,0.5482957486545956,0.9797014653683587,-0.5354990338129108,4.056012581784201e-17,3.885780586188048e-16,0.33333333333333337,0.8403515049589876,0.15736825437682442,0.4892631025345734
mild_horizontal,2.5,0.0,vertical,10,0.0,5.0,5.0,2.5,5.0,5.5901699437494745,exact_distance_plus_5cm,2.5,5.0,0.48926310253457334,2.8421709430404007e-13,1.2789769243681803e-13,2.2737367544323206e-13,2.4158453015843406e-13,0.0,1.7777777777777786,1.3333333333333375,1.3333333333333297,0.5354990338129108,0.5482957486545955,0.9797014653683583,0.5354990338129108,8.018839244543593e-17,6.106226635438361e-16,0.3333333333333333,0.8403515049589869,0.15736825437682436,0.48926310253457334
mild_horizontal,2.5,0.0,vertical,10,0.0,5.0,5.0,2.5,5.0,5.5901699437494745,planar_no_correction,2.5,5.0,0.004602062174369141,0.3289831053300247,0.11083888712474277,0.21719659149505333,0.3006932076426665,0.0,0.9895717828332918,0.9985998587012445,0.9909592658267604,0.008400188917067397,0.006387598417908116,0.035704892127083554,-0.007981731451582484,0.002383939999047662,0.014348532847807006,0.0042270429476575725,0.022870956376191402,0.00014692907007344768,0.004602062174369141
mild_horizontal,2.5,0.0,vertical,11,0.0,5.5,5.5,2.5,5.5,6.041522986797286,exact_true_distance,2.5,5.5,0.0,8.526512829121202e-14,5.684341886080802e-14,0.0,8.526512829121202e-14,0.0,1.0000000000000044,1.0000000000000036,1.0000000000000009,1.009659457224967e-16,5.551115123125783e-17,8.95090418262362e-16,-4.0143458564787605e-19,4.4724618648127985e-17,4.873927312121511e-16,6.139038529877065e-17,4.440892098500626e-16,5.551115123125783e-17,0.0
mild_horizontal,2.5,0.0,vertical,11,0.0,5.5,5.5,2.5,5.5,6.041522986797286,exact_distance_minus_5cm,2.5,5.5,0.5290447275127431,2.4158453015843406e-13,1.1368683772161603e-13,2.4158453015843406e-13,1.1368683772161603e-13,0.0,0.4444444444444465,0.6666666666666695,0.6666666666666669,0.5719807039808305,0.5820082014809669,1.01671523497289,-0.5719807039808305,4.5879875680221813e-17,3.885780586188048e-16,0.33333333333333337,0.8788582523671654,0.18519416599597935,0.5290447275127431
mild_horizontal,2.5,0.0,vertical,11,0.0,5.5,5.5,2.5,5.5,6.041522986797286,exact_distance_plus_5cm,2.5,5.5,0.5290447275127431,2.4158453015843406e-13,1.1368683772161603e-13,2.4158453015843406e-13,1.1368683772161603e-13,0.0,1.7777777777777857,1.333333333333339,1.3333333333333337,0.5719807039808305,0.5820082014809669,1.0167152349728905,0.5719807039808305,9.076700657526237e-17,6.661338147750939e-16,0.3333333333333333,0.8788582523671655,0.18519416599597938,0.5290447275127431
mild_horizontal,2.5,0.0,vertical,11,0.0,5.5,5.5,2.5,5.5,6.041522986797286,planar_no_correction,2.5,5.5,0.005829924963328499,0.38497215614245306,0.1446747901517611,0.2386608539189865,0.3576743655877408,0.0,0.9879860409441413,0.9985943661749748,0.9893767423588943,0.00991649896169009,0.007580079405851232,0.039964355026643285,-0.009433012698722446,0.0027737708091541036,0.01593378666383279,0.004757943236057392,0.026271683158505685,0.0002416672874087622,0.005829924963328499
mild_horizontal,2.5,0.0,vertical,12,0.0,6.0,6.0,2.5,6.0,6.5,exact_true_distance,2.5,6.0,2.220446049250313e-16,4.547473508864641e-13,1.7053025658242404e-13,3.410605131648481e-13,3.979039320256561e-13,0.0,0.9999999999999989,1.0000000000000044,0.9999999999999944,1.3491206745589487e-16,1.1102230246251565e-16,9.155133597044475e-16,1.3167880167738597e-17,5.3395052561470204e-17,6.666385670063389e-16,7.406684253369496e-17,4.440892098500626e-16,0.0,2.220446049250313e-16
mild_horizontal,2.5,0.0,vertical,12,0.0,6.0,6.0,2.5,6.0,6.5,exact_distance_minus_5cm,2.5,6.0,0.5695225339854131,1.4210854715202004e-13,8.526512829121202e-14,0.0,1.1368683772161603e-13,0.0,0.44444444444444464,0.6666666666666682,0.6666666666666654,0.6095932864316573,0.6154948168463451,1.0544682537070662,-0.6095932864316573,4.7349385632506746e-17,4.996003610813204e-16,0.33333333333333337,0.918832956979772,0.21828873179674352,0.5695225339854131
mild_horizontal,2.5,0.0,vertical,12,0.0,6.0,6.0,2.5,6.0,6.5,exact_distance_plus_5cm,2.5,6.0,0.5695225339854137,1.4210854715202004e-13,8.526512829121202e-14,0.0,1.1368683772161603e-13,0.0,1.7777777777777786,1.3333333333333364,1.3333333333333308,0.6095932864316573,0.6154948168463444,1.0544682537070669,0.6095932864316573,9.22571557122704e-17,8.881784197001252e-16,0.3333333333333333,0.9188329569797726,0.21828873179674343,0.5695225339854137
mild_horizontal,2.5,0.0,vertical,12,0.0,6.0,6.0,2.5,6.0,6.5,planar_no_correction,2.5,6.0,0.007281045952889239,0.4456728732374131,0.17927806680538083,0.2600523522143021,0.41908030245697603,0.0,0.9862512195384807,0.9985900492755714,0.9876437485572364,0.0116656440089791,0.009088288596561175,0.0446300603233898,-0.011112984463488785,0.003199996137683607,0.01760826614364995,0.0053411643237084635,0.02999153698545908,0.0004024585066214653,0.007281045952889239
mild_horizontal,2.5,0.0,vertical,13,0.0,6.5,6.5,2.5,6.5,6.96419413859206,exact_true_distance,2.5,6.5,0.0,8.526512829121202e-14,5.684341886080802e-14,0.0,8.526512829121202e-14,0.0,1.0000000000000044,1.0000000000000036,1.0000000000000009,1.1794400312991238e-16,0.0,8.95090418262362e-16,4.9335356317543485e-18,4.630077235075628e-17,4.873927312121511e-16,5.857632926715923e-17,4.440892098500626e-16,0.0,0.0
mild_horizontal,2.5,0.0,vertical,13,0.0,6.5,6.5,2.5,6.5,6.96419413859206,exact_distance_minus_5cm,2.5,6.5,0.6105806004130442,1.4210854715202004e-13,8.526512829121202e-14,0.0,1.1368683772161603e-13,0.0,0.4444444444444483,0.666666666666671,0.6666666666666682,0.6481428605392924,0.6507543615704651,1.0929066765365,-0.6481428605392924,4.8565033612697515e-17,3.885780586188048e-16,0.3333333333333333,0.958938908161469,0.25462165872192005,0.6105806004130442
mild_horizontal,2.5,0.0,vertical,13,0.0,6.5,6.5,2.5,6.5,6.96419413859206,exact_distance_plus_5cm,2.5,6.5,0.6105806004130437,1.4210854715202004e-13,8.526512829121202e-14,0.0,1.1368683772161603e-13,0.0,1.777777777777793,1.333333333333342,1.3333333333333364,0.6481428605392924,0.6507543615704655,1.0929066765365003,0.6481428605392924,9.636641739064022e-17,6.661338147750939e-16,0.3333333333333333,0.9589389081614693,0.2546216587219199,0.6105806004130437
mild_horizontal,2.5,0.0,vertical,13,0.0,6.5,6.5,2.5,6.5,6.96419413859206,planar_no_correction,2.5,6.5,0.008975905383592277,0.5116285852150497,0.2199190462624614,0.281364565116462,0.4849198559360701,0.0,0.9843678470516549,0.998586554642842,0.9857611665958467,0.013667401248046817,0.010732351394912614,0.04972297190972399,-0.01304194691995221,0.003663275812479726,0.019371954091071474,0.005976670484010492,0.03405496547360301,0.0006464333428906427,0.008975905383592277
mild_horizontal,2.5,0.0,vertical,14,0.0,7.0,7.0,2.5,7.0,7.433034373659253,exact_true_distance,2.5,7.0,2.220446049250313e-16,6.394884621840902e-13,3.268496584496461e-13,6.252776074688882e-13,3.979039320256561e-13,0.0,1.0000000000000044,1.000000000000008,0.9999999999999964,1.5826593350474132e-16,1.1102230246251565e-16,9.155133597044475e-16,2.162393663885892e-17,5.757840516635746e-17,6.666385670063389e-16,7.6396289553634e-17,4.47545209131181e-16,1.1102230246251565e-16,2.220446049250313e-16
mild_horizontal,2.5,0.0,vertical,14,0.0,7.0,7.0,2.5,7.0,7.433034373659253,exact_distance_minus_5cm,2.5,7.0,0.6521323767110843,1.4210854715202004e-13,8.526512829121202e-14,0.0,1.1368683772161603e-13,0.0,0.44444444444444464,0.6666666666666682,0.6666666666666654,0.6874857985243781,0.689487905679279,1.1319839871521598,-0.6874857985243781,4.883334301409785e-17,4.996003610813204e-16,0.3333333333333333,0.9995229269792493,0.29300858141638025,0.6521323767110843
mild_horizontal,2.5,0.0,vertical,14,0.0,7.0,7.0,2.5,7.0,7.433034373659253,exact_distance_plus_5cm,2.5,7.0,0.6521323767110847,1.4210854715202004e-13,8.526512829121202e-14,0.0,1.1368683772161603e-13,0.0,1.7777777777777786,1.3333333333333364,1.3333333333333308,0.6874857985243781,0.6894879056792794,1.13198398715216,0.6874857985243782,9.486491670203447e-17,8.881784197001252e-16,0.3333333333333333,0.9995229269792504,0.2930085814163803,0.6521323767110847
mild_horizontal,2.5,0.0,vertical,14,0.0,7.0,7.0,2.5,7.0,7.433034373659253,planar_no_correction,2.5,7.0,0.010935227630761685,0.5816856924275129,0.2613446112012525,0.3025909957098065,0.5552024103584472,0.0,0.9823364971684487,0.9985836481594289,0.983729804687943,0.01594181814053886,0.012759479521770433,0.055264549234704224,-0.015240500394516162,0.004164045704631862,0.021224834814696048,0.006664330210325889,0.03864820938602008,0.000992068078385455,0.010935227630761685
mild_horizontal,2.5,0.0,vertical,15,0.0,7.5,7.5,2.5,7.5,7.905694150420948,exact_true_distance,2.5,7.5,0.0,7.105427357601002e-13,3.268496584496461e-13,6.252776074688882e-13,8.526512829121202e-14,0.0,1.0000000000000155,1.0000000000000147,1.0000000000000009,1.4215583633750778e-16,5.551115123125783e-17,8.95090418262362e-16,2.5197616314172395e-17,5.098154932383715e-17,4.873927312121511e-16,6.32282636687824e-17,4.47545209131181e-16,1.1102230246251565e-16,0.0
mild_horizontal,2.5,0.0,vertical,15,0.0,7.5,7.5,2.5,7.5,7.905694150420948,exact_distance_minus_5cm,2.5,7.5,0.6941127140179891,9.663381206337363e-13,4.760636329592671e-13,9.663381206337363e-13,3.694822225952521e-13,0.0,0.4444444444444483,0.6666666666666754,0.6666666666666637,0.7275122160572486,0.7299007826450654,1.1716600912272659,-0.7275122160572486,5.16990938129007e-17,3.885780586188048e-16,0.3333333333333333,1.0406470452562986,0.33275868558522254,0.6941127140179891
mild_horizontal,2.5,0.0,vertical,15,0.0,7.5,7.5,2.5,7.5,7.905694150420948,exact_distance_plus_5cm,2.5,7.5,0.6941127140179891,9.663381206337363e-13,4.760636329592671e-13,9.663381206337363e-13,3.694822225952521e-13,0.0,1.777777777777793,1.3333333333333508,1.3333333333333275,0.7275122160572486,0.7299007826450647,1.1716600912272666,0.7275122160572486,1.0220937058575067e-16,7.216449660063518e-16,0.33333333333333337,1.0406470452562977,0.3327586855852228,0.6941127140179891
mild_horizontal,2.5,0.0,vertical,15,0.0,7.5,7.5,2.5,7.5,7.905694150420948,planar_no_correction,2.5,7.5,0.013179962501460049,0.6558429879460732,0.3112835077349061,0.3237251734160509,0.6299378785048191,0.0,0.9801577886483981,0.9985811700065723,0.9815504418553646,0.018509209063753772,0.015025733327950676,0.06127673012434459,-0.01772950923513698,0.00470258784615146,0.02316689981610607,0.0074039692477751995,0.04355324886836831,0.001458699421460526,0.013179962501460049
mild_horizontal,2.5,0.0,vertical,16,0.0,8.0,8.0,2.5,8.0,8.381527307120106,exact_true_distance,2.5,8.0,0.0,9.663381206337363e-13,3.339550858072471e-13,6.394884621840902e-13,8.810729923425242e-13,0.0,1.0000000000000266,1.0000000000000246,1.000000000000002,1.7690984543370693e-16,1.1102230246251565e-16,9.155133597044475e-16,4.562252940508692e-17,5.969211807082251e-17,6.666385670063389e-16,7.601695871532746e-17,4.47545209131181e-16,2.220446049250313e-16,0.0
mild_horizontal,2.5,0.0,vertical,16,0.0,8.0,8.0,2.5,8.0,8.381527307120106,exact_distance_minus_5cm,2.5,8.0,0.7364722743319576,8.810729923425242e-13,3.907985046680551e-13,4.831690603168681e-13,8.242295734817162e-13,0.0,0.4444444444444557,0.6666666666666825,0.6666666666666677,0.7681364325223733,0.7684766209537895,1.2119005188471703,-0.7681364325223733,5.3202658419978755e-17,4.996003610813204e-16,0.3333333333333333,1.082431680979602,0.37345730803347493,0.7364722743319576
mild_horizontal,2.5,0.0,vertical,16,0.0,8.0,8.0,2.5,8.0,8.381527307120106,exact_distance_plus_5cm,2.5,8.0,0.7364722743319576,8.810729923425242e-13,3.907985046680551e-13,4.831690603168681e-13,8.242295734817162e-13,0.0,1.7777777777778228,1.333333333333365,1.3333333333333355,0.7681364325223733,0.7684766209537892,1.2119005188471712,0.7681364325223733,1.0344256187295608e-16,8.881784197001252e-16,0.33333333333333337,1.0824316809796033,0.37345730803347504,0.7364722743319576
mild_horizontal,2.5,0.0,vertical,16,0.0,8.0,8.0,2.5,8.0,8.381527307120106,planar_no_correction,2.5,8.0,0.015731278387965474,0.7340990658395583,0.35269897163544783,0.34476065598084915,0.7091366819744565,0.0,0.9778323851373452,0.9985790081797575,0.9792238542243843,0.021390167136109462,0.0176461261933983,0.06778191763067012,-0.020530085658834307,0.005279081145683858,0.025198151263290204,0.00819540976708055,0.04902920277286045,0.0020661336205418496,0.015731278387965474
mild_horizontal,2.5,0.0,vertical,17,0.0,8.5,8.5,2.5,8.5,8.860022573334675,exact_true_distance,2.5,8.5,0.0,5.684341886080801e-13,3.979039320256561e-13,0.0,5.542233338928781e-13,0.0,1.0000000000000266,1.000000000000023,1.0000000000000036,1.4767910014733879e-16,3.469446951953614e-18,8.95090418262362e-16,2.7515284612116122e-17,5.0918187129451716e-17,4.873927312121511e-16,6.064476769269676e-17,4.47545209131181e-16,0.0,0.0
mild_horizontal,2.5,0.0,vertical,17,0.0,8.5,8.5,2.5,8.5,8.860022573334675,exact_distance_minus_5cm,2.5,8.5,0.7791735622570957,6.679101716144942e-13,2.3447910280083306e-13,4.831690603168681e-13,5.968558980384842e-13,0.0,0.444444444444452,0.6666666666666774,0.6666666666666673,0.8092908720226266,0.8089339946041394,1.2526757275261586,-0.8092908720226266,5.2439008585223943e-17,3.885780586188048e-16,0.3333333333333333,1.1248545266215393,0.414846608953243,0.7791735622570957
mild_horizontal,2.5,0.0,vertical,17,0.0,8.5,8.5,2.5,8.5,8.860022573334675,exact_distance_plus_5cm,2.5,8.5,0.7791735622570962,6.679101716144942e-13,2.3447910280083306e-13,4.831690603168681e-13,5.968558980384842e-13,0.0,1.777777777777808,1.3333333333333548,1.3333333333333346,0.8092908720226267,0.8089339946041394,1.2526757275261593,0.8092908720226267,1.0314122977599878e-16,7.216449660063518e-16,0.33333333333333337,1.1248545266215393,0.41484660895324327,0.7791735622570962
mild_horizontal,2.5,0.0,vertical,17,0.0,8.5,8.5,2.5,8.5,8.860022573334675,planar_no_correction,2.5,8.5,0.018610562919003978,0.8164522991864658,0.4094774540021149,0.3656910314471702,0.7928097300816717,0.0,0.9753609949652806,0.9985770823436078,0.9767508309685615,0.024605579391024653,0.020621343571879627,0.07480297108547625,-0.02366358562707381,0.0058936373501054075,0.027318603967769556,0.00903849487907253,0.05519500697204755,0.0028344536024846106,0.018610562919003978
mild_horizontal,2.5,0.0,vertical,18,0.0,9.0,9.0,2.5,9.0,9.340770846134703,exact_true_distance,2.5,9.0,0.0,1.1084466677857563e-12,4.547473508864641e-13,6.394884621840902e-13,3.979039320256561e-13,0.0,0.9999999999999822,1.0000000000000047,0.9999999999999776,1.9613619816955917e-16,1.1102230246251565e-16,1.3322676295501878e-15,4.343827596048621e-17,6.070073035753695e-17,6.666385670063389e-16,7.638803374275358e-17,4.47545209131181e-16,2.220446049250313e-16,0.0
mild_horizontal,2.5,0.0,vertical,18,0.0,9.0,9.0,2.5,9.0,9.340770846134703,exact_distance_minus_5cm,2.5,9.0,0.8221880724222123,6.821210263296962e-13,2.4868995751603507e-13,4.831690603168681e-13,1.1368683772161603e-13,0.0,0.44444444444444087,0.6666666666666691,0.666666666666659,0.8509218762639281,0.8502053202402303,1.2939604959142097,-0.8509218762639283,5.494666952908096e-17,4.996003610813204e-16,0.3333333333333333,1.1695763556613545,0.45676080401539537,0.8221880724222123
mild_horizontal,2.5,0.0,vertical,18,0.0,9.0,9.0,2.5,9.0,9.340770846134703,exact_distance_plus_5cm,2.5,9.0,0.8221880724222116,6.821210263296962e-13,2.4868995751603507e-13,4.831690603168681e-13,1.1368683772161603e-13,0.0,1.7777777777777635,1.3333333333333381,1.333333333333318,0.8509218762639281,0.8502053202402302,1.2939604959142101,0.8509218762639281,1.0635165495967744e-16,8.881784197001252e-16,0.33333333333333337,1.1695763556613543,0.4567608040153952,0.8221880724222116
mild_horizontal,2.5,0.0,vertical,18,0.0,9.0,9.0,2.5,9.0,9.340770846134703,planar_no_correction,2.5,9.0,0.021839428433660636,0.9029008168606936,0.4702377036291381,0.38650992012100005,0.8809683972373534,0.0,0.9727443709305388,0.9985753336823753,0.974132184242343,0.028176639962585896,0.02397533093003037,0.08236320121365077,-0.027151611926732926,0.006546325994600074,0.029528286367216293,0.009933100980783982,0.061536057942077144,0.0037839350790464872,0.021839428433660636
mild_horizontal,2.5,0.0,vertical,19,0.0,9.5,9.5,2.5,9.5,9.82344135219425,exact_true_distance,2.5,9.5,4.440892098500626e-16,8.242295734817162e-13,3.197442310920451e-13,6.394884621840902e-13,8.526512829121202e-14,0.0,0.9999999999999933,1.0000000000000056,0.9999999999999878,1.5383858695726555e-16,0.0,8.95090418262362e-16,2.7521902887835678e-17,4.9623825608754594e-17,4.873927312121511e-16,5.773183034819845e-17,4.47545209131181e-16,0.0,4.440892098500626e-16
mild_horizontal,2.5,0.0,vertical,19,0.0,9.5,9.5,2.5,9.5,9.82344135219425,exact_distance_minus_5cm,2.5,9.5,0.8654942128209437,3.694822225952521e-13,2.4868995751603507e-13,0.0,3.694822225952521e-13,0.0,0.44444444444444087,0.6666666666666682,0.6666666666666599,0.8929866890891678,0.8924590918798392,1.335733398054693,-0.8929866890891678,5.273518088600047e-17,4.440892098500626e-16,0.3333333333333333,1.2124532478927206,0.4990901931826464,0.8654942128209437
mild_horizontal,2.5,0.0,vertical,19,0.0,9.5,9.5,2.5,9.5,9.82344135219425,exact_distance_plus_5cm,2.5,9.5,0.8654942128209442,3.694822225952521e-13,2.4868995751603507e-13,0.0,3.694822225952521e-13,0.0,1.7777777777777635,1.3333333333333364,1.3333333333333197,0.8929866890891681,0.8924590918798386,1.335733398054693,0.8929866890891681,1.0486356974114172e-16,8.881784197001252e-16,0.33333333333333337,1.212453247892721,0.49909019318264614,0.8654942128209442
mild_horizontal,2.5,0.0,vertical,19,0.0,9.5,9.5,2.5,9.5,9.82344135219425,planar_no_correction,2.5,9.5,0.02543972063756133,0.9955599894633593,0.5249479914078634,0.4072109765268692,0.9736244987591078,0.0,0.969983310070729,0.9985737183405685,0.9713687555112595,0.03212485991655397,0.02776976212783773,0.09048636900406658,-0.031016021567424678,0.0072371913537836305,0.03182724086088055,0.010879141536735186,0.06847549703255712,0.004935013540453988,0.02543972063756133
mild_horizontal,2.5,0.0,vertical,20,0.0,10.0,10.0,2.5,10.0,10.307764064044152,exact_true_distance,2.5,10.0,0.0,9.663381206337363e-13,3.268496584496461e-13,6.252776074688882e-13,2.2737367544323206e-13,0.0,1.0000000000000266,1.0000000000000246,1.000000000000002,2.1102857099001495e-16,1.1102230246251565e-16,1.3322676295501878e-15,4.939610135813484e-17,6.184329747867246e-17,6.666385670063389e-16,7.605901379003748e-17,4.577566798522237e-16,2.220446049250313e-16,0.0
mild_horizontal,2.5,0.0,vertical,20,0.0,10.0,10.0,2.5,10.0,10.307764064044152,exact_distance_minus_5cm,2.5,10.0,0.9090757743147948,8.810729923425242e-13,3.836930773104541e-13,4.547473508864641e-13,3.552713678800501e-13,0.0,0.4444444444444557,0.6666666666666825,0.6666666666666677,0.935451213920735,0.9361035574410373,1.3779763484396694,-0.935451213920735,5.719737262313535e-17,4.996003610813204e-16,0.33333333333333337,1.2559863905784043,0.5417605016567597,0.9090757743147948
mild_horizontal,2.5,0.0,vertical,20,0.0,10.0,10.0,2.5,10.0,10.307764064044152,exact_distance_plus_5cm,2.5,10.0,0.9090757743147957,8.810729923425242e-13,3.836930773104541e-13,4.547473508864641e-13,3.552713678800501e-13,0.0,1.7777777777778228,1.333333333333365,1.3333333333333355,0.9354512139207352,0.936103557441037,1.3779763484396703,0.9354512139207352,1.1035978463290404e-16,8.881784197001252e-16,0.33333333333333337,1.2559863905784048,0.5417605016567602,0.9090757743147957
mild_horizontal,2.5,0.0,vertical,20,0.0,10.0,10.0,2.5,10.0,10.307764064044152,planar_no_correction,2.5,10.0,0.02943352943072218,1.0927717747484564,0.5778441367668634,0.4277878913467248,1.0707902650822803,0.0,0.9670786534197168,0.998572203077074,0.9684614196546723,0.036472074344597254,0.03187377676812152,0.09919668797723023,-0.035278935806840384,0.00796626372849283,0.03421552373603409,0.0118765656570353,0.07627112911422484,0.006308274697662862,0.02943352943072218
mild_horizontal,2.5,0.0,diagonal,0,0.0,0.0,0.0,2.5,0.0,2.5,exact_true_distance,2.5,0.0,0.0,1.1368683772161603e-13,7.105427357601002e-14,0.0,1.1368683772161603e-13,0.0,1.0000000000000036,1.0000000000000036,1.0,5.943430759832467e-17,2.7755575615628914e-17,2.482534153247273e-16,-3.5797002777581415e-18,3.0747840829073954e-17,2.3915410848715594e-16,6.492382335408473e-17,2.220446049250313e-16,2.220446049250313e-16,0.0
mild_horizontal,2.5,0.0,diagonal,0,0.0,0.0,0.0,2.5,0.0,2.5,exact_distance_minus_5cm,2.5,0.0,0.21830471454256029,8.526512829121202e-14,4.263256414560601e-14,0.0,5.684341886080802e-14,0.0,0.44444444444444553,0.6666666666666682,0.6666666666666667,0.33229195974866155,0.32756536092721905,0.6695998321423838,-0.33229195974866155,2.4573529310944507e-17,1.942890293094024e-16,0.33333333333333337,0.5815392141587254,0.37345730803347493,0.21830471454256029
mild_horizontal,2.5,0.0,diagonal,0,0.0,0.0,0.0,2.5,0.0,2.5,exact_distance_plus_5cm,2.5,0.0,0.21830471454256029,8.526512829121202e-14,4.263256414560601e-14,0.0,5.684341886080802e-14,0.0,1.7777777777777821,1.3333333333333364,1.3333333333333335,0.33229195974866155,0.32756536092721883,0.6695998321423835,0.33229195974866144,4.9739403223442074e-17,3.885780586188048e-16,0.3333333333333333,0.5815392141587251,0.37345730803347504,0.21830471454256029
mild_horizontal,2.5,0.0,diagonal,0,0.0,0.0,0.0,2.5,0.0,2.5,planar_no_correction,2.5,0.0,0.00041567412980725305,0.02727929416298025,0.019215974857445417,0.0,0.027279294162951828,0.0,0.9971462064642567,0.9990476306803348,0.9980967631995852,0.0023088705084215555,0.0013587897125048132,0.011222322089767277,-0.002231643769774446,0.0005241819033680474,0.0033672957851503017,0.0017163270732193057,0.0075193587120790835,0.0020661336205418496,0.00041567412980725305
mild_horizontal,2.5,0.0,diagonal,1,0.35355339059327373,0.35355339059327373,0.49999999999999994,2.853553390593274,0.35355339059327373,2.8753724894292167,exact_true_distance,2.853553390593274,0.35355339059327373,1.1188630228279524e-16,1.9895196601282805e-13,1.1368683772161603e-13,1.4210854715202004e-14,1.7053025658242404e-13,0.0,1.0000000000000067,1.0000000000000064,1.0000000000000002,9.108852483109583e-17,5.551115123125783e-17,4.965068306494546e-16,2.6847522332941817e-17,4.2491622115110726e-17,4.730350743034453e-16,9.29697781842487e-17,2.482534153247273e-16,1.1102230246251565e-16,1.1188630228279524e-16
mild_horizontal,2.5,0.0,diagonal,1,0.35355339059327373,0.35355339059327373,0.49999999999999994,2.853553390593274,0.35355339059327373,2.8753724894292167,exact_distance_minus_5cm,2.853553390593274,0.35355339059327373,0.25113287651401217,8.526512829121202e-14,4.263256414560601e-14,2.842170943040401e-14,5.684341886080802e-14,0.0,0.44444444444444553,0.6666666666666682,0.6666666666666667,0.3506469697498704,0.34318313134307726,0.7128360274215496,-0.3506469697498704,3.0862546885883034e-17,3.3306690738754696e-16,0.33333333333333337,0.6115290325409362,0.3340446837919215,0.25113287651401217
mild_horizontal,2.5,0.0,diagonal,1,0.35355339059327373,0.35355339059327373,0.49999999999999994,2.853553390593274,0.35355339059327373,2.8753724894292167,exact_distance_plus_5cm,2.853553390593274,0.35355339059327373,0.2511328765140123,8.526512829121202e-14,4.263256414560601e-14,2.842170943040401e-14,5.684341886080802e-14,0.0,1.7777777777777821,1.3333333333333364,1.3333333333333335,0.3506469697498704,0.3431831313430777,0.7128360274215496,0.3506469697498704,6.021765931755242e-17,5.828670879282072e-16,0.3333333333333334,0.6115290325409358,0.3340446837919211,0.2511328765140123
mild_horizontal,2.5,0.0,diagonal,1,0.35355339059327373,0.35355339059327373,0.49999999999999994,2.853553390593274,0.35355339059327373,2.8753724894292167,planar_no_correction,2.853553390593274,0.35355339059327373,0.0006290926119835407,0.04426275325278084,0.023537421005798365,0.017622427361061455,0.025651239773083034,0.0,0.9962456295065069,0.9987407281743469,0.9975017553630751,0.0027229885328762084,0.0015773844711572907,0.013512815610390116,-0.0026381077483743232,0.0005924393792337605,0.004153137828057863,0.0019153034028933779,0.008768910923240501,0.0014829053336826434,0.0006290926119835407
mild_horizontal,2.5,0.0,diagonal,2,0.7071067811865475,0.7071067811865475,0.9999999999999999,3.2071067811865475,0.7071067811865475,3.2841336613988075,exact_true_distance,3.2071067811865475,0.7071067811865475,1.1443916996305594e-16,9.947598300641403e-14,4.973799150320701e-14,4.263256414560601e-14,8.526512829121202e-14,0.0,0.999999999999999,1.0000000000000009,0.9999999999999981,1.1599312173019195e-16,1.1102230246251565e-16,6.280369834735101e-16,4.869406664969489e-17,4.382388825455736e-17,3.7156585614547504e-16,9.866633449999455e-17,2.482534153247273e-16,0.0,1.1443916996305594e-16
mild_horizontal,2.5,0.0,diagonal,2,0.7071067811865475,0.7071067811865475,0.9999999999999999,3.2071067811865475,0.7071067811865475,3.2841336613988075,exact_distance_minus_5cm,3.2071067811865475,0.7071067811865475,0.28690204334191277,5.684341886080802e-14,2.842170943040401e-14,0.0,2.842170943040401e-14,0.0,0.4444444444444435,0.6666666666666664,0.6666666666666654,0.37308768380333324,0.3703207976840554,0.7562941442963163,-0.37308768380333324,3.033528021366001e-17,3.3306690738754696e-16,0.3333333333333333,0.6426492191713323,0.2959080611167298,0.28690204334191277
mild_horizontal,2.5,0.0,diagonal,2,0.7071067811865475,0.7071067811865475,0.9999999999999999,3.2071067811865475,0.7071067811865475,3.2841336613988075,exact_distance_plus_5cm,3.2071067811865475,0.7071067811865475,0.2869020433419132,5.684341886080802e-14,2.842170943040401e-14,0.0,2.842170943040401e-14,0.0,1.7777777777777737,1.3333333333333328,1.3333333333333308,0.37308768380333324,0.3703207976840554,0.7562941442963155,0.37308768380333324,5.915751469475979e-17,4.440892098500626e-16,0.33333333333333337,0.6426492191713317,0.29590806111673,0.2869020433419132
mild_horizontal,2.5,0.0,diagonal,2,0.7071067811865475,0.7071067811865475,0.9999999999999999,3.2071067811865475,0.7071067811865475,3.2841336613988075,planar_no_correction,3.2071067811865475,0.7071067811865475,0.0009277585737073348,0.06480318637045457,0.024810658323758616,0.03961727763999079,0.020751465186719997,0.0,0.9951560980967714,0.9983608889417173,0.9967899475225407,0.0032582318317092777,0.001994624659863004,0.016107753035386953,-0.0031598392751855586,0.0006918921325130165,0.005052108849492382,0.00216401659862656,0.01022651840931736,0.0010331355612499024,0.0009277585737073348
mild_horizontal,2.5,0.0,diagonal,3,1.0606601717798212,1.0606601717798212,1.4999999999999998,3.560660171779821,1.0606601717798212,3.7152793783104796,exact_true_distance,3.560660171779821,1.0606601717798212,0.0,8.526512829121202e-14,4.973799150320701e-14,8.526512829121202e-14,2.842170943040401e-14,0.0,1.0000000000000018,1.0000000000000016,1.0000000000000002,9.837640061450082e-17,5.551115123125783e-17,4.965068306494546e-16,4.000617269375015e-17,4.3708706469918573e-17,4.870288532320949e-16,8.152772741832661e-17,2.482534153247273e-16,1.1102230246251565e-16,0.0
mild_horizontal,2.5,0.0,diagonal,3,1.0606601717798212,1.0606601717798212,1.4999999999999998,3.560660171779821,1.0606601717798212,3.7152793783104796,exact_distance_minus_5cm,3.560660171779821,1.0606601717798212,0.32465738652108433,1.9895196601282805e-13,6.394884621840902e-14,1.1368683772161603e-13,2.842170943040401e-14,0.0,0.44444444444444503,0.6666666666666685,0.6666666666666657,0.39930587995246136,0.4021910889525806,0.7999597710588568,-0.39930587995246136,3.180472566849268e-17,3.3306690738754696e-16,0.33333333333333337,0.677348863978418,0.25958561815030845,0.32465738652108433
mild_horizontal,2.5,0.0,diagonal,3,1.0606601717798212,1.0606601717798212,1.4999999999999998,3.560660171779821,1.0606601717798212,3.7152793783104796,exact_distance_plus_5cm,3.560660171779821,1.0606601717798212,0.32465738652108433,1.9895196601282805e-13,6.394884621840902e-14,1.1368683772161603e-13,2.842170943040401e-14,0.0,1.7777777777777801,1.333333333333337,1.3333333333333315,0.3993058799524614,0.40219108895258027,0.7999597710588565,0.3993058799524614,6.269771535184229e-17,5.551115123125783e-16,0.33333333333333337,0.6773488639784179,0.25958561815030856,0.32465738652108433
mild_horizontal,2.5,0.0,diagonal,3,1.0606601717798212,1.0606601717798212,1.4999999999999998,3.560660171779821,1.0606601717798212,3.7152793783104796,planar_no_correction,3.560660171779821,1.0606601717798212,0.001329713392868448,0.08904584695059725,0.03296225412381659,0.06598472876771666,0.012577967462760853,0.0,0.9938781510709253,0.9979130243573495,0.9959566884207942,0.003925324211028439,0.0025363907921333723,0.019027286297728457,-0.0038062889638021203,0.0008290765399821407,0.006071823227422205,0.0024621444088382305,0.011939100502229306,0.0006984323701458687,0.001329713392868448
mild_horizontal,2.5,0.0,diagonal,4,1.414213562373095,1.414213562373095,1.9999999999999998,3.914213562373095,1.414213562373095,4.1618586967682445,exact_true_distance,3.914213562373095,1.414213562373095,0.0,1.9895196601282805e-13,1.1368683772161603e-13,1.1368683772161603e-13,1.1368683772161603e-13,0.0,0.9999999999999962,1.0000000000000009,0.9999999999999953,1.303535095982455e-16,1.1102230246251565e-16,7.021666937153402e-16,3.9171258051828916e-17,5.53381811290046e-17,6.572922976980923e-16,9.295931652805211e-17,4.440892098500626e-16,2.220446049250313e-16,0.0
mild_horizontal,2.5,0.0,diagonal,4,1.414213562373095,1.414213562373095,1.9999999999999998,3.914213562373095,1.414213562373095,4.1618586967682445,exact_distance_minus_5cm,3.914213562373095,1.414213562373095,0.3637979992624665,1.1368683772161603e-13,5.684341886080802e-14,0.0,8.526512829121202e-14,0.0,0.44444444444444414,0.6666666666666675,0.6666666666666654,0.42892338668025104,0.4358895563626759,0.8438227061058402,-0.42892338668025104,3.714369577164587e-17,4.440892098500626e-16,0.33333333333333337,0.7145943109817127,0.2259300780826423,0.3637979992624665
mild_horizontal,2.5,0.0,diagonal,4,1.414213562373095,1.414213562373095,1.9999999999999998,3.914213562373095,1.414213562373095,4.1618586967682445,exact_distance_plus_5cm,3.914213562373095,1.414213562373095,0.36379799926246636,1.1368683772161603e-13,5.684341886080802e-14,0.0,8.526512829121202e-14,0.0,1.7777777777777766,1.333333333333335,1.3333333333333308,0.42892338668025115,0.43588955636267573,0.8438227061058403,0.42892338668025115,7.216181350662117e-17,8.881784197001252e-16,0.33333333333333337,0.7145943109817124,0.22593007808264268,0.36379799926246636
mild_horizontal,2.5,0.0,diagonal,4,1.414213562373095,1.414213562373095,1.9999999999999998,3.914213562373095,1.414213562373095,4.1618586967682445,planar_no_correction,3.914213562373095,1.414213562373095,0.001853765903355477,0.1172483476172772,0.0483268042340157,0.09672428675065703,0.0011279926335419077,0.0,0.9924124201673225,0.9974017931357392,0.9949976298390937,0.0047366665087612446,0.0032151965433258284,0.022291712714970116,-0.004588581385629517,0.001011365452536273,0.007219907484500728,0.0028092843293310455,0.013874261150846185,0.0004607341062571465,0.001853765903355477
mild_horizontal,2.5,0.0,diagonal,5,1.7677669529663687,1.7677669529663687,2.5,4.267766952966369,1.7677669529663687,4.619397662556434,exact_true_distance,4.267766952966369,1.7677669529663687,5.551115123125783e-17,1.7053025658242404e-13,1.1368683772161603e-13,0.0,1.5631940186722204e-13,0.0,1.0000000000000073,1.0000000000000064,1.0000000000000009,1.0036240021796416e-16,5.551115123125783e-17,4.965068306494546e-16,-1.0100278652654716e-17,4.332451999136097e-17,4.430476708863427e-16,6.957357915595666e-17,4.440892098500626e-16,0.0,5.551115123125783e-17
mild_horizontal,2.5,0.0,diagonal,5,1.7677669529663687,1.7677669529663687,2.5,4.267766952966369,1.7677669529663687,4.619397662556434,exact_distance_minus_5cm,4.267766952966369,1.7677669529663687,0.40393924369958417,2.2737367544323206e-13,7.105427357601002e-14,1.1368683772161603e-13,5.684341886080802e-14,0.0,0.44444444444444464,0.6666666666666683,0.6666666666666653,0.46145108519120326,0.47158291798479307,0.8878759682419095,-0.46145108519120337,3.4120958174042916e-17,3.3306690738754696e-16,0.33333333333333337,0.7519212977161445,0.1962956233522645,0.40393924369958417
mild_horizontal,2.5,0.0,diagonal,5,1.7677669529663687,1.7677669529663687,2.5,4.267766952966369,1.7677669529663687,4.619397662556434,exact_distance_plus_5cm,4.267766952966369,1.7677669529663687,0.4039392436995843,2.2737367544323206e-13,7.105427357601002e-14,1.1368683772161603e-13,5.684341886080802e-14,0.0,1.7777777777777786,1.3333333333333366,1.3333333333333306,0.4614510851912032,0.47158291798479285,0.8878759682419103,0.46145108519120326,6.754224798597264e-17,6.106226635438361e-16,0.3333333333333333,0.7519212977161444,0.19629562335226444,0.4039392436995843
mild_horizontal,2.5,0.0,diagonal,5,1.7677669529663687,1.7677669529663687,2.5,4.267766952966369,1.7677669529663687,4.619397662556434,planar_no_correction,4.267766952966369,1.7677669529663687,0.002519053166738943,0.14989988536751753,0.06586084292189298,0.13183478168997453,0.013601965610561706,0.0,0.9907596295812924,0.9968308424679652,0.9939094853128326,0.005706147947803263,0.004042008215354857,0.025921485034770805,-0.005519367073905846,0.0012474766699492026,0.008504002115403765,0.003204956250610387,0.016094475377542723,0.00030224435891427646,0.002519053166738943
mild_horizontal,2.5,0.0,diagonal,6,2.1213203435596424,2.1213203435596424,2.9999999999999996,4.621320343559642,2.1213203435596424,5.08493871327848,exact_true_distance,4.621320343559642,2.1213203435596424,4.440892098500626e-16,3.126388037344441e-13,2.2737367544323206e-13,0.0,3.126388037344441e-13,0.0,1.0000000000000129,1.000000000000012,1.0000000000000009,9.341978643072563e-17,2.7755575615628914e-17,4.965068306494546e-16,-3.352485045005682e-18,4.38591616867546e-17,4.85219544832566e-16,6.962204310419728e-17,4.440892098500626e-16,0.0,4.440892098500626e-16
mild_horizontal,2.5,0.0,diagonal,6,2.1213203435596424,2.1213203435596424,2.9999999999999996,4.621320343559642,2.1213203435596424,5.08493871327848,exact_distance_minus_5cm,4.621320343559642,2.1213203435596424,0.44482887799880205,2.5579538487363607e-13,1.2079226507921703e-13,1.1368683772161603e-13,1.2789769243681803e-13,0.0,0.4444444444444511,0.6666666666666738,0.6666666666666694,0.4962571132004705,0.5085604629345619,0.9321150760409961,-0.49625711320047045,3.499270573878498e-17,3.3306690738754696e-16,0.33333333333333337,0.7940392335238273,0.1727446875139716,0.44482887799880205
mild_horizontal,2.5,0.0,diagonal,6,2.1213203435596424,2.1213203435596424,2.9999999999999996,4.621320343559642,2.1213203435596424,5.08493871327848,exact_distance_plus_5cm,4.621320343559642,2.1213203435596424,0.44482887799880266,2.5579538487363607e-13,1.2079226507921703e-13,1.1368683772161603e-13,1.2789769243681803e-13,0.0,1.777777777777804,1.3333333333333477,1.3333333333333388,0.4962571132004704,0.5085604629345624,0.9321150760409963,0.4962571132004704,7.05596967924903e-17,7.216449660063518e-16,0.3333333333333333,0.7940392335238273,0.17274468751397154,0.44482887799880266
mild_horizontal,2.5,0.0,diagonal,6,2.1213203435596424,2.1213203435596424,2.9999999999999996,4.621320343559642,2.1213203435596424,5.08493871327848,planar_no_correction,4.621320343559642,2.1213203435596424,0.0033448675489692286,0.18670448065572032,0.08556986704874703,0.17131436315446535,0.03161616729346406,0.0,0.9889205954545003,0.996202775389847,0.9926900625904229,0.006848946603502305,0.005078427725859562,0.029937221480537585,-0.006612609233789123,0.001541463492616082,0.009931763157926292,0.0036486353598058187,0.01879193391736331,0.00020536788376962877,0.0033448675489692286
mild_horizontal,2.5,0.0,diagonal,7,2.4748737341529163,2.4748737341529163,3.5,4.974873734152917,2.4748737341529163,5.556470882742444,exact_true_distance,4.974873734152917,2.4748737341529163,0.0,5.968558980384842e-13,2.4868995751603507e-13,3.126388037344441e-13,2.4158453015843406e-13,0.0,1.00000000000001,1.0000000000000127,0.9999999999999974,1.067174184521752e-16,5.551115123125783e-17,4.965068306494546e-16,1.9839535164946436e-17,4.9614378468001295e-17,4.172672512100987e-16,6.624192639510663e-17,4.440892098500626e-16,5.551115123125783e-17,0.0
mild_horizontal,2.5,0.0,diagonal,7,2.4748737341529163,2.4748737341529163,3.5,4.974873734152917,2.4748737341529163,5.556470882742444,exact_distance_minus_5cm,4.974873734152917,2.4748737341529163,0.4862973129314138,5.115907697472721e-13,2.4158453015843406e-13,2.4158453015843406e-13,2.4158453015843406e-13,0.0,0.4444444444444483,0.6666666666666741,0.6666666666666651,0.5328419062820595,0.5456412584661692,0.9765375155119049,-0.5328419062820595,4.2328903948611944e-17,3.885780586188048e-16,0.33333333333333337,0.8372576486040244,0.15800641666920195,0.4862973129314138
mild_horizontal,2.5,0.0,diagonal,7,2.4748737341529163,2.4748737341529163,3.5,4.974873734152917,2.4748737341529163,5.556470882742444,exact_distance_plus_5cm,4.974873734152917,2.4748737341529163,0.4862973129314139,5.115907697472721e-13,2.4158453015843406e-13,2.4158453015843406e-13,2.4158453015843406e-13,0.0,1.777777777777793,1.3333333333333481,1.3333333333333302,0.5328419062820595,0.5456412584661695,0.9765375155119054,0.5328419062820595,8.369550590950921e-17,7.771561172376096e-16,0.33333333333333337,0.8372576486040241,0.1580064166692021,0.4862973129314139
mild_horizontal,2.5,0.0,diagonal,7,2.4748737341529163,2.4748737341529163,3.5,4.974873734152917,2.4748737341529163,5.556470882742444,planar_no_correction,4.974873734152917,2.4748737341529163,0.00435059687638672,0.22785911928838232,0.10749193103170995,0.21516049490912792,0.05291962758266777,0.0,0.9868962252998041,0.9955193547212176,0.9913380594957613,0.008181319565496316,0.006307607753352258,0.03435971584272586,-0.007883311610681967,0.0019006347103053284,0.011510863587966914,0.004139844840751426,0.02191239902509265,0.00015412583365870055,0.00435059687638672
mild_horizontal,2.5,0.0,diagonal,8,2.82842712474619,2.82842712474619,3.9999999999999996,5.32842712474619,2.82842712474619,6.0325894625551095,exact_true_distance,5.32842712474619,2.82842712474619,2.482534153247273e-16,4.263256414560601e-13,1.5631940186722204e-13,3.410605131648481e-13,7.105427357601002e-14,0.0,0.9999999999999989,1.0000000000000044,0.9999999999999944,9.762910759233567e-17,1.3877787807814457e-17,6.280369834735101e-16,2.3715505276095538e-17,5.18299489819109e-17,5.938904848951036e-16,5.56802117939187e-17,4.440892098500626e-16,0.0,2.482534153247273e-16
mild_horizontal,2.5,0.0,diagonal,8,2.82842712474619,2.82842712474619,3.9999999999999996,5.32842712474619,2.82842712474619,6.0325894625551095,exact_distance_minus_5cm,5.32842712474619,2.82842712474619,0.5282279037803818,3.126388037344441e-13,1.6342482922482304e-13,1.1368683772161603e-13,1.7053025658242404e-13,0.0,0.4444444444444465,0.666666666666671,0.6666666666666654,0.5708225515428877,0.583454390009253,1.0211423416867047,-0.5708225515428877,4.686978257750364e-17,4.440892098500626e-16,0.33333333333333337,0.8807955860015971,0.15461330104669208,0.5282279037803818
mild_horizontal,2.5,0.0,diagonal,8,2.82842712474619,2.82842712474619,3.9999999999999996,5.32842712474619,2.82842712474619,6.0325894625551095,exact_distance_plus_5cm,5.32842712474619,2.82842712474619,0.528227903780382,3.126388037344441e-13,1.6342482922482304e-13,1.1368683772161603e-13,1.7053025658242404e-13,0.0,1.7777777777777857,1.333333333333342,1.3333333333333308,0.5708225515428877,0.583454390009253,1.0211423416867051,0.5708225515428877,9.09700445549759e-17,7.216449660063518e-16,0.33333333333333337,0.8807955860015968,0.1546133010466921,0.528227903780382
mild_horizontal,2.5,0.0,diagonal,8,2.82842712474619,2.82842712474619,3.9999999999999996,5.32842712474619,2.82842712474619,6.0325894625551095,planar_no_correction,5.32842712474619,2.82842712474619,0.005555709574829043,0.2737595299830673,0.131547084828064,0.26336994901259914,0.07751811826821609,0.0,0.9846875173618755,0.9947817393560731,0.9898528274144522,0.009720394459801149,0.0076666711110825615,0.03920994765253365,-0.009347306432195548,0.002333878669178481,0.01324899459121189,0.004678167387854248,0.025450181838622604,0.00013988005824998052,0.005555709574829043
mild_horizontal,2.5,0.0,diagonal,9,3.181980515339464,3.181980515339464,4.5,5.681980515339464,3.181980515339464,6.512288582111308,exact_true_distance,5.681980515339464,3.181980515339464,1.1102230246251565e-16,5.258016244624741e-13,2.4158453015843406e-13,4.831690603168681e-13,3.979039320256561e-13,0.0,1.0000000000000073,1.0000000000000087,0.9999999999999987,1.3394221709747675e-16,1.1102230246251565e-16,6.661338147750939e-16,2.1124118338718957e-17,6.640136697453268e-17,5.511845965171287e-16,7.365166038424399e-17,4.440900568822021e-16,0.0,1.1102230246251565e-16
mild_horizontal,2.5,0.0,diagonal,9,3.181980515339464,3.181980515339464,4.5,5.681980515339464,3.181980515339464,6.512288582111308,exact_distance_minus_5cm,5.681980515339464,3.181980515339464,0.5705388468580568,4.831690603168681e-13,2.2737367544323206e-13,4.831690603168681e-13,2.2737367544323206e-13,0.0,0.4444444444444502,0.6666666666666737,0.6666666666666682,0.6098963808414584,0.623480424419588,1.0659298768807905,-0.6098963808414584,5.30492834785052e-17,4.996003610813204e-16,0.33333333333333337,0.9232320136296126,0.16327246137298382,0.5705388468580568
mild_horizontal,2.5,0.0,diagonal,9,3.181980515339464,3.181980515339464,4.5,5.681980515339464,3.181980515339464,6.512288582111308,exact_distance_plus_5cm,5.681980515339464,3.181980515339464,0.5705388468580566,4.831690603168681e-13,2.2737367544323206e-13,4.831690603168681e-13,2.2737367544323206e-13,0.0,1.7777777777778005,1.3333333333333475,1.3333333333333364,0.6098963808414585,0.6234804244195882,1.0659298768807903,0.6098963808414585,1.028294490917754e-16,8.881784197001252e-16,0.33333333333333337,0.9232320136296124,0.16327246137298373,0.5705388468580566
mild_horizontal,2.5,0.0,diagonal,9,3.181980515339464,3.181980515339464,4.5,5.681980515339464,3.181980515339464,6.512288582111308,planar_no_correction,5.681980515339464,3.181980515339464,0.006979756811382503,0.32412838090792206,0.15783958368910334,0.3159387992895972,0.10541816929679726,0.0,0.9822955599142849,0.9939906798422303,0.9882341754655066,0.011483998579270686,0.009405274263654267,0.04450909246756369,-0.011021109857671936,0.0028512025590450916,0.015153866746945525,0.005263258184473588,0.02927457428923623,0.00016562775653995346,0.006979756811382503
mild_horizontal,2.5,0.0,diagonal,10,3.5355339059327373,3.5355339059327373,5.0,6.035533905932738,3.5355339059327373,6.994831629829534,exact_true_distance,6.035533905932738,3.5355339059327373,2.220446049250313e-16,1.4210854715202004e-14,0.0,0.0,0.0,0.0,0.9999999999999907,0.9999999999999953,0.9999999999999953,1.296779840356867e-16,1.1102230246251565e-16,6.280369834735101e-16,8.757796165717285e-18,7.229852087357702e-17,6.242843754924145e-16,6.806173566409675e-17,4.440892098500626e-16,0.0,2.220446049250313e-16
mild_horizontal,2.5,0.0,diagonal,10,3.5355339059327373,3.5355339059327373,5.0,6.035533905932738,3.5355339059327373,6.994831629829534,exact_distance_minus_5cm,6.035533905932738,3.5355339059327373,0.613171871528391,2.4158453015843406e-13,1.1368683772161603e-13,2.2737367544323206e-13,1.1368683772161603e-13,0.0,0.44444444444444275,0.6666666666666667,0.6666666666666641,0.6498330924793324,0.6633683676666942,1.110901479701065,-0.6498330924793324,5.892126052713252e-17,4.440892098500626e-16,0.33333333333333337,0.9661042689912732,0.18227826952581927,0.613171871528391
mild_horizontal,2.5,0.0,diagonal,10,3.5355339059327373,3.5355339059327373,5.0,6.035533905932738,3.5355339059327373,6.994831629829534,exact_distance_plus_5cm,6.035533905932738,3.5355339059327373,0.6131718715283913,2.4158453015843406e-13,1.1368683772161603e-13,2.2737367544323206e-13,1.1368683772161603e-13,0.0,1.777777777777771,1.3333333333333335,1.3333333333333282,0.6498330924793324,0.6633683676666942,1.1109014797010648,0.6498330924793324,1.1689673041432884e-16,8.881784197001252e-16,0.3333333333333333,0.9661042689912731,0.18227826952581921,0.6131718715283913
mild_horizontal,2.5,0.0,diagonal,10,3.5355339059327373,3.5355339059327373,5.0,6.035533905932738,3.5355339059327373,6.994831629829534,planar_no_correction,6.035533905932738,3.5355339059327373,0.008642380662287345,0.37851616393555787,0.18621533704804705,0.37286241420031274,0.1366270703499879,0.0,0.9797215304934835,0.9931466598405497,0.9864822287684866,0.013490556837944125,0.01122620969238604,0.050278532293682635,-0.012921804932583646,0.0034634178134047853,0.01723321114810245,0.005894937539590977,0.03357246614914633,0.0002379661882866573,0.008642380662287345
mild_horizontal,2.5,0.0,diagonal,11,3.8890872965260113,3.8890872965260113,5.5,6.389087296526011,3.8890872965260113,7.479668206720807,exact_true_distance,6.389087296526011,3.8890872965260113,2.220446049250313e-16,1.7053025658242404e-13,1.1368683772161603e-13,0.0,1.5631940186722204e-13,0.0,1.0000000000000073,1.0000000000000064,1.0000000000000009,1.178820001022273e-16,5.551115123125783e-17,4.965068306494546e-16,2.3499674162496498e-17,7.305747291759255e-17,4.670226841295527e-16,6.062277333683466e-17,4.440892098500626e-16,1.1102230246251565e-16,2.220446049250313e-16
mild_horizontal,2.5,0.0,diagonal,11,3.8890872965260113,3.8890872965260113,5.5,6.389087296526011,3.8890872965260113,7.479668206720807,exact_distance_minus_5cm,6.389087296526011,3.8890872965260113,0.6560849942599566,2.4158453015843406e-13,1.1368683772161603e-13,2.2737367544323206e-13,1.1368683772161603e-13,0.0,0.4444444444444502,0.6666666666666723,0.6666666666666696,0.6904641539718188,0.7032754253988324,1.1560593664950125,-0.6904641539718188,6.523891497087434e-17,4.996003610813204e-16,0.33333333333333337,1.010903638595583,0.2088329234307261,0.6560849942599566
mild_horizontal,2.5,0.0,diagonal,11,3.8890872965260113,3.8890872965260113,5.5,6.389087296526011,3.8890872965260113,7.479668206720807,exact_distance_plus_5cm,6.389087296526011,3.8890872965260113,0.6560849942599561,2.4158453015843406e-13,1.1368683772161603e-13,2.2737367544323206e-13,1.1368683772161603e-13,0.0,1.7777777777778005,1.3333333333333446,1.3333333333333393,0.6904641539718188,0.7032754253988327,1.1560593664950125,0.6904641539718188,1.29921087933843e-16,1.0547118733938987e-15,0.33333333333333337,1.010903638595583,0.20883292343072632,0.6560849942599561
mild_horizontal,2.5,0.0,diagonal,11,3.8890872965260113,3.8890872965260113,5.5,6.389087296526011,3.8890872965260113,7.479668206720807,planar_no_correction,6.389087296526011,3.8890872965260113,0.010563324167052397,0.438605601753153,0.21686729372217428,0.43413544910379187,0.17115287246825517,0.0,0.9769666950705653,0.9922499917179558,0.9845973325523245,0.015759016773450853,0.013408884890738536,0.0565398661634509,-0.01506693275076199,0.004181234873607264,0.019494780474231956,0.006573243811169607,0.038120245124957555,0.0003636251033885156,0.010563324167052397
mild_horizontal,2.5,0.0,diagonal,12,4.242640687119285,4.242640687119285,5.999999999999999,6.742640687119285,4.242640687119285,7.966379568888016,exact_true_distance,6.742640687119285,4.242640687119285,3.1401849173675503e-16,3.836930773104541e-13,1.5631940186722204e-13,3.126388037344441e-13,3.126388037344441e-13,0.0,1.0000000000000073,1.0000000000000075,0.9999999999999998,1.8619654404504483e-16,1.2412670766236366e-16,9.930136612989092e-16,2.483886689319056e-17,8.870300749285929e-17,7.02958260669931e-16,8.304483169462495e-17,4.965068306494546e-16,1.1102230246251565e-16,3.1401849173675503e-16
mild_horizontal,2.5,0.0,diagonal,12,4.242640687119285,4.242640687119285,5.999999999999999,6.742640687119285,4.242640687119285,7.966379568888016,exact_distance_minus_5cm,6.742640687119285,4.242640687119285,0.6992477595206911,2.4158453015843406e-13,1.1368683772161603e-13,2.4158453015843406e-13,1.1368683772161603e-13,0.0,0.4444444444444502,0.6666666666666723,0.6666666666666696,0.7316683952168459,0.7449835756298898,1.2014064721346411,-0.7316683952168459,6.699685752966465e-17,4.440892098500626e-16,0.33333333333333337,1.055866996823353,0.240459783647661,0.6992477595206911
mild_horizontal,2.5,0.0,diagonal,12,4.242640687119285,4.242640687119285,5.999999999999999,6.742640687119285,4.242640687119285,7.966379568888016,exact_distance_plus_5cm,6.742640687119285,4.242640687119285,0.6992477595206903,2.4158453015843406e-13,1.1368683772161603e-13,2.4158453015843406e-13,1.1368683772161603e-13,0.0,1.7777777777778005,1.3333333333333446,1.3333333333333393,0.7316683952168459,0.7449835756298895,1.2014064721346405,0.7316683952168459,1.3400403465169084e-16,9.992007221626409e-16,0.33333333333333337,1.0558669968233532,0.24045978364766077,0.6992477595206903
mild_horizontal,2.5,0.0,diagonal,12,4.242640687119285,4.242640687119285,5.999999999999999,6.742640687119285,4.242640687119285,7.966379568888016,planar_no_correction,6.742640687119285,4.242640687119285,0.012762441793250659,0.5027991048525848,0.24971463212428802,0.49975183795282874,0.209004389713499,0.0,0.9740324071611292,0.9913008788859147,0.9825799894940143,0.018308752706758892,0.015804256290116277,0.06331492088881405,-0.01747439767504319,0.005015576442950221,0.021946350029044253,0.00729835734958045,0.043324673814820865,0.0005537802871528125,0.012762441793250659
mild_horizontal,2.5,0.0,diagonal,13,4.596194077712559,4.596194077712559,6.5,7.096194077712559,4.596194077712559,8.454641943250039,exact_true_distance,7.096194077712559,4.596194077712559,3.1401849173675503e-16,3.410605131648481e-13,2.2737367544323206e-13,0.0,3.268496584496461e-13,0.0,0.9999999999999907,1.0000000000000009,0.9999999999999898,2.406353355979631e-16,2.220446049250313e-16,9.930136612989092e-16,4.5824083523940114e-17,1.1428427158486103e-16,9.696614002749064e-16,9.799080945994239e-17,4.965068306494546e-16,1.1443916996305594e-16,3.1401849173675503e-16
mild_horizontal,2.5,0.0,diagonal,13,4.596194077712559,4.596194077712559,6.5,7.096194077712559,4.596194077712559,8.454641943250039,exact_distance_minus_5cm,7.096194077712559,4.596194077712559,0.7426380408154278,3.979039320256561e-13,1.4210854715202004e-13,2.4158453015843406e-13,1.1368683772161603e-13,0.0,0.4444444444444391,0.6666666666666657,0.6666666666666595,0.7733584083009905,0.7870065661581579,1.2469463406331365,-0.7733584083009905,8.317591443410508e-17,6.661338147750939e-16,0.3333333333333333,1.1003911753391826,0.27543077063409604,0.7426380408154278
mild_horizontal,2.5,0.0,diagonal,13,4.596194077712559,4.596194077712559,6.5,7.096194077712559,4.596194077712559,8.454641943250039,exact_distance_plus_5cm,7.096194077712559,4.596194077712559,0.742638040815428,3.979039320256561e-13,1.4210854715202004e-13,2.4158453015843406e-13,1.1368683772161603e-13,0.0,1.7777777777777561,1.3333333333333315,1.333333333333319,0.7733584083009906,0.787006566158158,1.246946340633137,0.7733584083009905,1.6286793448695038e-16,1.2212453270876722e-15,0.33333333333333337,1.1003911753391833,0.2754307706340962,0.742638040815428
mild_horizontal,2.5,0.0,diagonal,13,4.596194077712559,4.596194077712559,6.5,7.096194077712559,4.596194077712559,8.454641943250039,planar_no_correction,7.096194077712559,4.596194077712559,0.015259709846704576,0.5710875781551579,0.28476011164565307,0.5697047844203098,0.25019120086534485,0.0,0.9709201068744097,0.990299455744114,0.9804308194281065,0.021159474617099945,0.01854894108710245,0.07062576200392716,-0.020162398718942907,0.005962572659060845,0.02459571875080123,0.008070502620314909,0.04902305375380015,0.000823817559196458,0.015259709846704576
mild_horizontal,2.5,0.0,diagonal,14,4.949747468305833,4.949747468305833,7.0,7.449747468305833,4.949747468305833,8.944201324966313,exact_true_distance,7.449747468305833,4.949747468305833,2.220446049250313e-16,1.4210854715202004e-14,0.0,0.0,0.0,0.0,1.0000000000000129,1.0000000000000064,1.0000000000000064,2.1069420893681694e-16,2.220446049250313e-16,9.930136612989092e-16,5.3111496879660513e-17,1.1872752021950068e-16,9.520214205761248e-16,8.435707043352979e-17,4.965068306494546e-16,0.0,2.220446049250313e-16
mild_horizontal,2.5,0.0,diagonal,14,4.949747468305833,4.949747468305833,7.0,7.449747468305833,4.949747468305833,8.944201324966313,exact_distance_minus_5cm,7.449747468305833,4.949747468305833,0.7862398439421387,2.2737367544323206e-13,1.6342482922482304e-13,0.0,2.2737367544323206e-13,0.0,0.4444444444444465,0.6666666666666708,0.6666666666666655,0.8154702786552328,0.8283813992453859,1.2926830386231718,-0.8154702786552328,9.153891208390642e-17,5.551115123125783e-16,0.33333333333333337,1.143858881347624,0.3126410679088639,0.7862398439421387
mild_horizontal,2.5,0.0,diagonal,14,4.949747468305833,4.949747468305833,7.0,7.449747468305833,4.949747468305833,8.944201324966313,exact_distance_plus_5cm,7.449747468305833,4.949747468305833,0.7862398439421395,2.2737367544323206e-13,1.6342482922482304e-13,0.0,2.2737367544323206e-13,0.0,1.7777777777777857,1.3333333333333417,1.333333333333331,0.8154702786552329,0.8283813992453862,1.2926830386231727,0.8154702786552329,1.7742268755368262e-16,1.1102230246251565e-15,0.3333333333333334,1.1438588813476231,0.3126410679088637,0.7862398439421395
mild_horizontal,2.5,0.0,diagonal,14,4.949747468305833,4.949747468305833,7.0,7.449747468305833,4.949747468305833,8.944201324966313,planar_no_correction,7.449747468305833,4.949747468305833,0.018075236729017827,0.6439867524837268,0.32169028607371786,0.6439867524837268,0.2947236511433573,0.0,0.9676313199021535,0.9892458130953848,0.9781505335609166,0.024331165595847665,0.02168383168809908,0.07849470491277043,-0.02314938694671691,0.007026720038009686,0.027450710201454273,0.008889895983339233,0.055139792935987336,0.0011913688832467678,0.018075236729017827
mild_horizontal,2.5,0.0,diagonal,15,5.303300858899106,5.303300858899106,7.499999999999999,7.803300858899106,5.303300858899106,9.434855817366556,exact_true_distance,7.803300858899106,5.303300858899106,0.0,1.0231815394945443e-12,3.979039320256561e-13,6.252776074688882e-13,3.126388037344441e-13,0.0,0.9999999999999796,1.0000000000000022,0.9999999999999774,1.7771960160858038e-16,1.1102230246251565e-16,1.3322676295501878e-15,-2.383781887799117e-17,1.0146151796409041e-16,9.199569853575516e-16,6.851923661107962e-17,4.965068306494546e-16,5.551115123125783e-17,0.0
mild_horizontal,2.5,0.0,diagonal,15,5.303300858899106,5.303300858899106,7.499999999999999,7.803300858899106,5.303300858899106,9.434855817366556,exact_distance_minus_5cm,7.803300858899106,5.303300858899106,0.83004176862212,9.663381206337363e-13,3.623767952376511e-13,6.821210263296962e-13,1.1368683772161603e-13,0.0,0.44444444444443537,0.6666666666666667,0.666666666666653,0.8579565607660891,0.8707278266508648,1.338621086526189,-0.8579565607660891,8.665155314147564e-17,5.551115123125783e-16,0.33333333333333337,1.1890822293603285,0.3513966363014517,0.83004176862212
mild_horizontal,2.5,0.0,diagonal,15,5.303300858899106,5.303300858899106,7.499999999999999,7.803300858899106,5.303300858899106,9.434855817366556,exact_distance_plus_5cm,7.803300858899106,5.303300858899106,0.8300417686221201,9.663381206337363e-13,3.623767952376511e-13,6.821210263296962e-13,1.1368683772161603e-13,0.0,1.7777777777777413,1.3333333333333335,1.333333333333306,0.8579565607660891,0.8707278266508643,1.338621086526188,0.857956560766089,1.7046315446505228e-16,1.1102230246251565e-15,0.3333333333333333,1.1890822293603285,0.35139663630145174,0.8300417686221201
mild_horizontal,2.5,0.0,diagonal,15,5.303300858899106,5.303300858899106,7.499999999999999,7.803300858899106,5.303300858899106,9.434855817366556,planar_no_correction,7.803300858899106,5.303300858899106,0.021229273066582607,0.7225894564908231,0.3610620610518751,0.7225894564908231,0.3426128539523887,0.0,0.9641676564481185,0.988140014303489,0.9757399179181426,0.027844044765262106,0.02501618650323885,0.08694432625547298,-0.026454041538230222,0.008215840649997985,0.03051917353879386,0.00975672753048001,0.0615832218449963,0.001675068695969107,0.021229273066582607
mild_horizontal,2.5,0.0,diagonal,16,5.65685424949238,5.65685424949238,7.999999999999999,8.15685424949238,5.65685424949238,9.926443030988587,exact_true_distance,8.15685424949238,5.65685424949238,0.0,8.242295734817162e-13,4.405364961712621e-13,3.410605131648481e-13,4.689582056016661e-13,0.0,0.9999999999999796,1.0000000000000013,0.9999999999999782,1.5773953644171868e-16,1.1102230246251565e-16,8.881784197001252e-16,-1.1795166370641746e-18,9.894121584301093e-17,6.280168312269945e-16,5.799085766471707e-17,4.577566798522237e-16,0.0,0.0
mild_horizontal,2.5,0.0,diagonal,16,5.65685424949238,5.65685424949238,7.999999999999999,8.15685424949238,5.65685424949238,9.926443030988587,exact_distance_minus_5cm,8.15685424949238,5.65685424949238,0.8740359117399832,7.673861546209082e-13,2.8421709430404007e-13,4.547473508864641e-13,2.2737367544323206e-13,0.0,0.44444444444444275,0.6666666666666715,0.6666666666666593,0.9007815957019989,0.9130573519145522,1.3847654035377923,-0.9007815957019989,9.048218582608355e-17,4.440892098500626e-16,0.33333333333333337,1.2334713786490066,0.39125613717730795,0.8740359117399832
mild_horizontal,2.5,0.0,diagonal,16,5.65685424949238,5.65685424949238,7.999999999999999,8.15685424949238,5.65685424949238,9.926443030988587,exact_distance_plus_5cm,8.15685424949238,5.65685424949238,0.8740359117399833,7.673861546209082e-13,2.8421709430404007e-13,4.547473508864641e-13,2.2737367544323206e-13,0.0,1.777777777777771,1.333333333333343,1.3333333333333186,0.9007815957019989,0.9130573519145531,1.3847654035377928,0.9007815957019989,1.792637028309834e-16,8.881784197001252e-16,0.33333333333333337,1.2334713786490064,0.3912561371773079,0.8740359117399833
mild_horizontal,2.5,0.0,diagonal,16,5.65685424949238,5.65685424949238,7.999999999999999,8.15685424949238,5.65685424949238,9.926443030988587,planar_no_correction,8.15685424949238,5.65685424949238,0.024742221766919783,0.8055038507252448,0.40262880184020844,0.8055038507252448,0.3938706926345503,0.0,0.9605308100993558,0.9869821055939508,0.9731998226262907,0.031718547061360916,0.028811387217690762,0.09599747550681638,-0.03009525770356043,0.009537740990391494,0.033808984474690204,0.010671157935388323,0.06866307146586861,0.0022939781239560714,0.024742221766919783
mild_horizontal,2.5,0.0,diagonal,17,6.010407640085654,6.010407640085654,8.5,8.510407640085653,6.010407640085654,10.418830942117653,exact_true_distance,8.510407640085653,6.010407640085654,0.0,7.673861546209082e-13,3.197442310920451e-13,6.252776074688882e-13,6.394884621840902e-13,0.0,1.0000000000000129,1.0000000000000142,0.9999999999999987,2.2209915196111216e-16,2.220446049250313e-16,9.930136612989092e-16,1.0188867807785984e-17,1.3101338293742827e-16,7.382220465987154e-16,8.05076899842671e-17,4.965068306494546e-16,0.0,0.0
mild_horizontal,2.5,0.0,diagonal,17,6.010407640085654,6.010407640085654,8.5,8.510407640085653,6.010407640085654,10.418830942117653,exact_distance_minus_5cm,8.510407640085653,6.010407640085654,0.918217072575331,1.0089706847793423e-12,4.831690603168681e-13,9.663381206337363e-13,7.105427357601002e-13,0.0,0.4444444444444465,0.6666666666666744,0.666666666666662,0.9439183638319509,0.9561694348649837,1.4311212634975536,-0.9439183638319509,1.0235384487881239e-16,5.551115123125783e-16,0.33333333333333337,1.2793584649475687,0.43193241652784503,0.918217072575331
mild_horizontal,2.5,0.0,diagonal,17,6.010407640085654,6.010407640085654,8.5,8.510407640085653,6.010407640085654,10.418830942117653,exact_distance_plus_5cm,8.510407640085653,6.010407640085654,0.9182170725753313,1.0089706847793423e-12,4.831690603168681e-13,9.663381206337363e-13,7.105427357601002e-13,0.0,1.7777777777777857,1.3333333333333488,1.333333333333324,0.943918363831951,0.9561694348649833,1.431121263497554,0.943918363831951,1.9970475138074463e-16,9.992007221626409e-16,0.33333333333333337,1.279358464947569,0.43193241652784503,0.9182170725753313
mild_horizontal,2.5,0.0,diagonal,17,6.010407640085654,6.010407640085654,8.5,8.510407640085653,6.010407640085654,10.418830942117653,planar_no_correction,8.510407640085653,6.010407640085654,0.028634648058938988,0.8927201184961859,0.44639303930802043,0.8927201184961859,0.4485098222305055,0.0,0.9567225566398799,0.9857721226511291,0.970531154874695,0.03597531358896386,0.032851792712598187,0.10567728682019642,-0.034092142000686304,0.011000218107964543,0.03732804622166878,0.011633320646367675,0.07644422604195258,0.0030673506848835227,0.028634648058938988
mild_horizontal,2.5,0.0,diagonal,18,6.363961030678928,6.363961030678928,9.0,8.863961030678928,6.363961030678928,10.911911159526301,exact_true_distance,8.863961030678928,6.363961030678928,0.0,3.836930773104541e-13,1.5631940186722204e-13,3.126388037344441e-13,3.126388037344441e-13,0.0,1.0000000000000073,1.0000000000000075,0.9999999999999998,2.4116917301174776e-16,2.220446049250313e-16,9.930136612989092e-16,6.557667056541129e-17,1.4042972455286878e-16,7.192205965090803e-16,8.172675894116933e-17,6.280369834735101e-16,2.220446049250313e-16,0.0
mild_horizontal,2.5,0.0,diagonal,18,6.363961030678928,6.363961030678928,9.0,8.863961030678928,6.363961030678928,10.911911159526301,exact_distance_minus_5cm,8.863961030678928,6.363961030678928,0.962582168268323,5.968558980384842e-13,2.4158453015843406e-13,4.831690603168681e-13,0.0,0.0,0.4444444444444465,0.6666666666666722,0.6666666666666642,0.9873463245381715,1.0000057916804095,1.4776942594051181,-0.9873463245381715,1.1070858685472449e-16,5.551115123125783e-16,0.33333333333333337,1.3255048405217034,0.47323388776154934,0.962582168268323
mild_horizontal,2.5,0.0,diagonal,18,6.363961030678928,6.363961030678928,9.0,8.863961030678928,6.363961030678928,10.911911159526301,exact_distance_plus_5cm,8.863961030678928,6.363961030678928,0.9625821682683231,5.968558980384842e-13,2.4158453015843406e-13,4.831690603168681e-13,0.0,0.0,1.7777777777777857,1.3333333333333444,1.3333333333333284,0.9873463245381715,1.0000057916804088,1.4776942594051192,0.9873463245381715,2.1770212045929043e-16,9.992007221626409e-16,0.33333333333333337,1.3255048405217038,0.4732338877615489,0.9625821682683231
mild_horizontal,2.5,0.0,diagonal,18,6.363961030678928,6.363961030678928,9.0,8.863961030678928,6.363961030678928,10.911911159526301,planar_no_correction,8.863961030678928,6.363961030678928,0.03292728956557621,0.9842276607868143,0.4923575084906133,0.9842276607868143,0.5065436712310145,0.0,0.9527447528077533,0.9845100948660414,0.9677348742039966,0.040635188662801,0.03742963897942929,0.11600719113031317,-0.03846401239954886,0.012611065055694554,0.041084290429456084,0.012643325550254679,0.08475353263835311,0.004014547183942481,0.03292728956557621
mild_horizontal,2.5,0.0,diagonal,19,6.717514421272201,6.717514421272201,9.499999999999998,9.2175144212722,6.717514421272201,11.40559389538138,exact_true_distance,9.2175144212722,6.717514421272201,4.440892098500626e-16,1.4210854715202004e-14,0.0,0.0,0.0,0.0,1.0000000000000018,1.0000000000000009,1.0000000000000009,2.6152909556133823e-16,2.220446049250313e-16,1.4043333874306805e-15,9.3163027194251e-17,1.5630709318334714e-16,1.2995964644633325e-15,8.588608838071687e-17,8.881784197001252e-16,1.1102230246251565e-16,4.440892098500626e-16
mild_horizontal,2.5,0.0,diagonal,19,6.717514421272201,6.717514421272201,9.499999999999998,9.2175144212722,6.717514421272201,11.40559389538138,exact_distance_minus_5cm,9.2175144212722,6.717514421272201,1.0071297980728757,9.663381206337363e-13,4.831690603168681e-13,9.663381206337363e-13,4.831690603168681e-13,0.0,0.44444444444444275,0.6666666666666711,0.6666666666666597,1.0310498974043272,1.0426949368943008,1.5244902748596791,-1.0310498974043272,1.1472084436489572e-16,8.881784197001252e-16,0.3333333333333333,1.3718403860968995,0.5150296717723405,1.0071297980728757
mild_horizontal,2.5,0.0,diagonal,19,6.717514421272201,6.717514421272201,9.499999999999998,9.2175144212722,6.717514421272201,11.40559389538138,exact_distance_plus_5cm,9.2175144212722,6.717514421272201,1.007129798072876,9.663381206337363e-13,4.831690603168681e-13,9.663381206337363e-13,4.831690603168681e-13,0.0,1.777777777777771,1.3333333333333421,1.3333333333333195,1.0310498974043274,1.0426949368943002,1.5244902748596794,1.0310498974043274,2.220941389683668e-16,1.7763568394002505e-15,0.33333333333333337,1.3718403860968993,0.5150296717723405,1.007129798072876
mild_horizontal,2.5,0.0,diagonal,19,6.717514421272201,6.717514421272201,9.499999999999998,9.2175144212722,6.717514421272201,11.40559389538138,planar_no_correction,9.2175144212722,6.717514421272201,0.03764106644815224,1.0800150844779068,0.5405251518842249,1.0800150844779068,0.5679864433110708,0.0,0.9485993349970379,0.9831960480865978,0.9648119892702084,0.045719221190430925,0.042439837643872026,0.12701092852793738,-0.04323040150553543,0.014378075603136536,0.045085678112664083,0.013701262699722796,0.09368953108674069,0.005155011017692731,0.03764106644815224
mild_horizontal,2.5,0.0,diagonal,20,7.071067811865475,7.071067811865475,10.0,9.571067811865476,7.071067811865475,11.899804160545138,exact_true_distance,9.571067811865476,7.071067811865475,4.965068306494546e-16,5.115907697472721e-13,1.9895196601282805e-13,3.410605131648481e-13,1.4210854715202004e-13,0.0,0.9999999999999907,1.0000000000000016,0.9999999999999891,2.6727924492769455e-16,2.220446049250313e-16,1.3322676295501878e-15,5.045333214054807e-17,1.666847527840212e-16,9.80571527844088e-16,8.394704667080053e-17,6.280369834735101e-16,2.220446049250313e-16,4.965068306494546e-16
mild_horizontal,2.5,0.0,diagonal,20,7.071067811865475,7.071067811865475,10.0,9.571067811865476,7.071067811865475,11.899804160545138,exact_distance_minus_5cm,9.571067811865476,7.071067811865475,1.0518599145256795,1.0231815394945443e-12,4.760636329592671e-13,9.663381206337363e-13,2.4158453015843406e-13,0.0,0.4444444444444391,0.6666666666666689,0.6666666666666564,1.0750173694651561,1.08605068489275,1.5715154610860191,-1.0750173694651561,1.3423725743906191e-16,7.771561172376096e-16,0.33333333333333337,1.4182531192615044,0.5572285039592533,1.0518599145256795
mild_horizontal,2.5,0.0,diagonal,20,7.071067811865475,7.071067811865475,10.0,9.571067811865476,7.071067811865475,11.899804160545138,exact_distance_plus_5cm,9.571067811865476,7.071067811865475,1.0518599145256786,1.0231815394945443e-12,4.760636329592671e-13,9.663381206337363e-13,2.4158453015843406e-13,0.0,1.7777777777777561,1.3333333333333377,1.3333333333333128,1.0750173694651564,1.0860506848927507,1.5715154610860205,1.0750173694651564,2.6495759780130706e-16,1.4432899320127035e-15,0.33333333333333337,1.4182531192615044,0.5572285039592528,1.0518599145256786
mild_horizontal,2.5,0.0,diagonal,20,7.071067811865475,7.071067811865475,10.0,9.571067811865476,7.071067811865475,11.899804160545138,planar_no_correction,9.571067811865476,7.071067811865475,0.042797091654087537,1.180070190182903,0.5908991228232736,1.180070190182903,0.6328531190364686,0.0,0.9442883179050808,0.9818300064073021,0.9617635555470613,0.05124866896318339,0.048051117688567326,0.13871256092033163,-0.048411061968778285,0.01630904828314217,0.0493402005704612,0.014807205645918491,0.10327754145791383,0.006508266680810901,0.042797091654087537
mild_vertical,0.0,2.5,horizontal,0,0.0,0.0,0.0,0.0,2.5,2.5,exact_true_distance,0.0,2.5,0.0,1.1368683772161603e-13,5.684341886080802e-14,0.0,8.526512829121202e-14,0.0,1.0000000000000038,1.0000000000000036,1.0000000000000002,6.644871334985297e-17,2.7755575615628914e-17,4.577566798522237e-16,-1.1598032197674751e-17,2.944234615559933e-17,3.0971724282513527e-16,6.658871234459541e-17,2.220446049250313e-16,5.551115123125783e-17,0.0
mild_vertical,0.0,2.5,horizontal,0,0.0,0.0,0.0,0.0,2.5,2.5,exact_distance_minus_5cm,0.0,2.5,0.21830471454256029,5.684341886080802e-14,4.263256414560601e-14,0.0,5.684341886080802e-14,0.0,0.44444444444444553,0.6666666666666682,0.6666666666666667,0.33229195974866155,0.32756536092721905,0.6695998321423835,-0.33229195974866155,2.6023432037742495e-17,3.0531133177191805e-16,0.33333333333333337,0.5815392141587254,0.37345730803347493,0.21830471454256029
mild_vertical,0.0,2.5,horizontal,0,0.0,0.0,0.0,0.0,2.5,2.5,exact_distance_plus_5cm,0.0,2.5,0.21830471454256029,5.684341886080802e-14,4.263256414560601e-14,0.0,5.684341886080802e-14,0.0,1.7777777777777821,1.3333333333333364,1.3333333333333335,0.33229195974866144,0.32756536092721883,0.669599832142384,0.33229195974866144,5.166607111734374e-17,6.106226635438361e-16,0.3333333333333333,0.5815392141587251,0.3734573080334749,0.21830471454256029
mild_vertical,0.0,2.5,horizontal,0,0.0,0.0,0.0,0.0,2.5,2.5,planar_no_correction,0.0,2.5,0.00041567412980725305,0.05455866024576039,0.03843201753911529,0.0,0.05455866024576039,0.0,0.9980961717354676,0.9999994074080396,0.9980967631995852,0.0023487517561186434,0.0013563800179528698,0.011636918782587474,-0.0022318064971249235,0.0006711630488738828,0.0045569216098163435,0.0017397911169909307,0.007713142309566143,0.002001482234373367,0.00041567412980725305
mild_vertical,0.0,2.5,horizontal,1,0.5,0.0,0.5,0.5,2.5,2.5495097567963922,exact_true_distance,0.5,2.5,0.0,1.9895196601282805e-13,7.815970093361102e-14,1.7053025658242404e-13,2.842170943040401e-14,0.0,1.0000000000000033,1.000000000000004,0.9999999999999993,6.656739992038277e-17,5.551115123125783e-17,4.577566798522237e-16,7.936808293768876e-19,3.214536225551528e-17,3.646303351472978e-16,7.186748332408581e-17,2.220446049250313e-16,1.2412670766236366e-16,0.0
mild_vertical,0.0,2.5,horizontal,1,0.5,0.0,0.5,0.5,2.5,2.5495097567963922,exact_distance_minus_5cm,0.5,2.5,0.22263093539728918,2.8421709430404007e-13,1.1368683772161603e-13,2.2737367544323206e-13,0.0,0.0,0.4444444444444464,0.6666666666666701,0.6666666666666662,0.3344825174533141,0.32716992791476984,0.6938243162565351,-0.3344825174533141,2.8849452405953374e-17,2.7755575615628914e-16,0.33333333333333337,0.5846018326654489,0.3327586855852225,0.22263093539728918
mild_vertical,0.0,2.5,horizontal,1,0.5,0.0,0.5,0.5,2.5,2.5495097567963922,exact_distance_plus_5cm,0.5,2.5,0.22263093539728918,2.8421709430404007e-13,1.1368683772161603e-13,2.2737367544323206e-13,0.0,0.0,1.7777777777777857,1.3333333333333401,1.3333333333333324,0.33448251745331403,0.32716992791476995,0.693824316256535,0.3344825174533141,5.740273251113022e-17,5.828670879282072e-16,0.3333333333333333,0.5846018326654489,0.3327586855852229,0.22263093539728918
mild_vertical,0.0,2.5,horizontal,1,0.5,0.0,0.5,0.5,2.5,2.5495097567963922,planar_no_correction,0.5,2.5,0.00044062473339303736,0.06545567771274818,0.037015431651006736,0.02178944264846905,0.06438495400195166,0.0,0.9979821630148185,0.9999424649592137,0.9980395852630629,0.0023985468782122847,0.0013788839651036856,0.012854236930207558,-0.0022794924818176736,0.000683837861501936,0.005159102540986839,0.0017638845326877187,0.007796103948179908,0.001407638522609604,0.00044062473339303736
mild_vertical,0.0,2.5,horizontal,2,1.0,0.0,1.0,1.0,2.5,2.692582403567252,exact_true_distance,1.0,2.5,1.1102230246251565e-16,3.410605131648481e-13,1.4921397450962104e-13,3.410605131648481e-13,2.1316282072803006e-13,0.0,0.9999999999999983,1.000000000000002,0.9999999999999963,6.622167102256127e-17,1.3877787807814457e-17,4.577566798522237e-16,-1.4198348587590324e-17,2.83686952070754e-17,3.3726323508156357e-16,6.481937638574465e-17,2.220446049250313e-16,1.2412670766236366e-16,1.1102230246251565e-16
mild_vertical,0.0,2.5,horizontal,2,1.0,0.0,1.0,1.0,2.5,2.692582403567252,exact_distance_minus_5cm,1.0,2.5,0.2351349628787563,2.5579538487363607e-13,1.1368683772161603e-13,2.2737367544323206e-13,1.7053025658242404e-13,0.0,0.44444444444444364,0.6666666666666676,0.6666666666666645,0.3410395636337729,0.3408658034815817,0.7199817981353421,-0.3410395636337729,2.610082898045413e-17,3.3306690738754696e-16,0.33333333333333337,0.5912223254264305,0.2930085814163803,0.2351349628787563
mild_vertical,0.0,2.5,horizontal,2,1.0,0.0,1.0,1.0,2.5,2.692582403567252,exact_distance_plus_5cm,1.0,2.5,0.2351349628787561,2.5579538487363607e-13,1.1368683772161603e-13,2.2737367544323206e-13,1.7053025658242404e-13,0.0,1.7777777777777746,1.3333333333333353,1.333333333333329,0.34103956363377286,0.34086580348158146,0.7199817981353417,0.34103956363377286,5.1630984503314465e-17,6.106226635438361e-16,0.3333333333333333,0.5912223254264298,0.29300858141638036,0.2351349628787561
mild_vertical,0.0,2.5,horizontal,2,1.0,0.0,1.0,1.0,2.5,2.692582403567252,planar_no_correction,1.0,2.5,0.0005161211193726759,0.07644213115193565,0.031985698781213046,0.04358219817714826,0.07203273229922047,0.0,0.9976401976242047,0.999773927465972,0.9978657876714434,0.0025491308372452373,0.0015360963654060546,0.01426128573116076,-0.002423753853928591,0.0007203985962855627,0.0057775606929527405,0.0018362060263673783,0.00814146570170934,0.0009548029768361107,0.0005161211193726759
mild_vertical,0.0,2.5,horizontal,3,1.5,0.0,1.5,1.5,2.5,2.9154759474226504,exact_true_distance,1.5,2.5,0.0,1.4210854715202004e-14,0.0,0.0,0.0,0.0,1.0000000000000018,1.0000000000000009,1.0000000000000009,6.096482857971358e-17,5.551115123125783e-17,4.577566798522237e-16,-2.5619068667755413e-18,3.010178761277525e-17,3.646303351472978e-16,6.514889167688683e-17,2.220446049250313e-16,0.0,0.0
mild_vertical,0.0,2.5,horizontal,3,1.5,0.0,1.5,1.5,2.5,2.9154759474226504,exact_distance_minus_5cm,1.5,2.5,0.25462165872192005,2.8421709430404007e-13,1.2789769243681803e-13,2.2737367544323206e-13,2.4158453015843406e-13,0.0,0.44444444444444464,0.6666666666666687,0.6666666666666649,0.35192541460419446,0.3592899825008268,0.7478847007641518,-0.35192541460419446,2.82736191521788e-17,2.498001805406602e-16,0.33333333333333337,0.6079860018672658,0.25462165872192,0.25462165872192005
mild_vertical,0.0,2.5,horizontal,3,1.5,0.0,1.5,1.5,2.5,2.9154759474226504,exact_distance_plus_5cm,1.5,2.5,0.2546216587219199,2.8421709430404007e-13,1.2789769243681803e-13,2.2737367544323206e-13,2.4158453015843406e-13,0.0,1.7777777777777786,1.3333333333333375,1.3333333333333297,0.35192541460419435,0.3592899825008268,0.747884700764151,0.35192541460419446,5.607976077037931e-17,5.273559366969494e-16,0.3333333333333333,0.6079860018672653,0.25462165872192,0.2546216587219199
mild_vertical,0.0,2.5,horizontal,3,1.5,0.0,1.5,1.5,2.5,2.9154759474226504,planar_no_correction,1.5,2.5,0.0006464333428906427,0.08801316720186492,0.03271992639754018,0.06538158147793638,0.07750067022689677,0.0,0.9970704578372915,0.9995005696766506,0.9975686738826519,0.0028040875072303634,0.0018198502490547543,0.015875792985207794,-0.0026681982609772724,0.0007826037451748171,0.0064152991432671735,0.00195687762876446,0.008722026792003491,0.0006229211845807082,0.0006464333428906427
mild_vertical,0.0,2.5,horizontal,4,2.0,0.0,2.0,2.0,2.5,3.2015621187164243,exact_true_distance,2.0,2.5,0.0,1.9895196601282805e-13,8.526512829121202e-14,1.7053025658242404e-13,1.5631940186722204e-13,0.0,1.0000000000000044,1.0000000000000042,1.0000000000000002,7.429587520114216e-17,1.3877787807814457e-17,4.965068306494546e-16,-6.954706605889714e-18,3.054679976355608e-17,3.3726323508156357e-16,6.44892474320177e-17,2.2247786310271853e-16,0.0,0.0
mild_vertical,0.0,2.5,horizontal,4,2.0,0.0,2.0,2.0,2.5,3.2015621187164243,exact_distance_minus_5cm,2.0,2.5,0.2796454320884771,1.4210854715202004e-14,0.0,0.0,0.0,0.0,0.4444444444444465,0.6666666666666682,0.6666666666666682,0.36706887980889347,0.378764669698867,0.7773613459748729,-0.36706887980889347,2.9547056849594254e-17,3.3306690738754696e-16,0.33333333333333337,0.6353676117530223,0.21828873179674352,0.2796454320884771
mild_vertical,0.0,2.5,horizontal,4,2.0,0.0,2.0,2.0,2.5,3.2015621187164243,exact_distance_plus_5cm,2.0,2.5,0.27964543208847703,1.4210854715202004e-14,0.0,0.0,0.0,0.0,1.7777777777777857,1.3333333333333364,1.3333333333333364,0.3670688798088934,0.3787646696988673,0.7773613459748737,0.3670688798088934,5.860599698048712e-17,6.106226635438361e-16,0.3333333333333333,0.635367611753022,0.21828873179674343,0.27964543208847703
mild_vertical,0.0,2.5,horizontal,4,2.0,0.0,2.0,2.0,2.5,3.2015621187164243,planar_no_correction,2.0,2.5,0.0008421925058087577,0.10088931537576684,0.04362413558180123,0.08719091147372637,0.08078710846709214,0.0,0.9962732473091152,0.9991330277472352,0.997137738060198,0.00316934976299267,0.002125169295066757,0.017716889329797456,-0.0030188290781704274,0.000869283726467382,0.007075158099566855,0.0021260944540670017,0.009813703248824874,0.00039194216222200324,0.0008421925058087577
mild_vertical,0.0,2.5,horizontal,5,2.5,0.0,2.5,2.5,2.5,3.5355339059327378,exact_true_distance,2.5,2.5,0.0,8.526512829121202e-14,5.684341886080802e-14,0.0,8.526512829121202e-14,0.0,1.0000000000000044,1.0000000000000036,1.0000000000000009,6.459383218040467e-17,5.551115123125783e-17,4.577566798522237e-16,-5.8183353026120645e-18,3.271534460877572e-17,3.751967237598433e-16,6.276165691995438e-17,2.220446049250313e-16,5.551115123125783e-17,0.0
mild_vertical,0.0,2.5,horizontal,5,2.5,0.0,2.5,2.5,2.5,3.5355339059327378,exact_distance_minus_5cm,2.5,2.5,0.3088765840464717,1.1368683772161603e-13,5.684341886080802e-14,1.1368683772161603e-13,5.684341886080802e-14,0.0,0.4444444444444465,0.666666666666669,0.6666666666666674,0.38636601821134264,0.4013186984618008,0.8082567726407253,-0.38636601821134264,3.062339033290408e-17,3.885780586188048e-16,0.33333333333333337,0.6649383353840974,0.18519416599597935,0.3088765840464717
mild_vertical,0.0,2.5,horizontal,5,2.5,0.0,2.5,2.5,2.5,3.5355339059327378,exact_distance_plus_5cm,2.5,2.5,0.3088765840464716,1.1368683772161603e-13,5.684341886080802e-14,1.1368683772161603e-13,5.684341886080802e-14,0.0,1.7777777777777857,1.333333333333338,1.3333333333333348,0.3863660182113426,0.401318698461801,0.808256772640725,0.3863660182113426,6.133243328240903e-17,8.326672684688674e-16,0.33333333333333337,0.6649383353840974,0.18519416599597938,0.3088765840464716
mild_vertical,0.0,2.5,horizontal,5,2.5,0.0,2.5,2.5,2.5,3.5355339059327378,planar_no_correction,2.5,2.5,0.001119622912454363,0.11540641718050892,0.05452895003590186,0.10901351313555097,0.0818900523709658,0.0,0.995248990874609,0.9986839211534385,0.9965605431247334,0.0036531376154040228,0.002532169632839711,0.019804731517968747,-0.0034840275374228295,0.0009824886691974927,0.007759762845106552,0.0023441116362832915,0.011081386416259857,0.0002416672874087622,0.001119622912454363
mild_vertical,0.0,2.5,horizontal,6,3.0,0.0,3.0,3.0,2.5,3.905124837953327,exact_true_distance,3.0,2.5,1.1102230246251565e-16,1.9895196601282805e-13,7.105427357601002e-14,1.5631940186722204e-13,0.0,0.0,1.0000000000000044,1.0000000000000042,1.0000000000000002,9.769316821460247e-17,5.551115123125783e-17,4.965068306494546e-16,-2.8939227796790744e-18,3.731090986623208e-17,3.3726323508156357e-16,7.342831538490563e-17,2.482534153247273e-16,0.0,1.1102230246251565e-16
mild_vertical,0.0,2.5,horizontal,6,3.0,0.0,3.0,3.0,2.5,3.905124837953327,exact_distance_minus_5cm,3.0,2.5,0.34125097073082955,1.4210854715202004e-14,0.0,0.0,0.0,0.0,0.4444444444444465,0.6666666666666682,0.6666666666666682,0.409660932787759,0.42888349921384067,0.8404326012023879,-0.409660932787759,3.273065109313289e-17,3.3306690738754696e-16,0.33333333333333337,0.6968858897846907,0.15736825437682442,0.34125097073082955
mild_vertical,0.0,2.5,horizontal,6,3.0,0.0,3.0,3.0,2.5,3.905124837953327,exact_distance_plus_5cm,3.0,2.5,0.34125097073082955,1.4210854715202004e-14,0.0,0.0,0.0,0.0,1.7777777777777857,1.3333333333333364,1.3333333333333364,0.409660932787759,0.4288834992138408,0.8404326012023882,0.409660932787759,6.539009699897108e-17,6.106226635438361e-16,0.3333333333333333,0.6968858897846912,0.1573682543768243,0.34125097073082955
mild_vertical,0.0,2.5,horizontal,6,3.0,0.0,3.0,3.0,2.5,3.905124837953327,planar_no_correction,3.0,2.5,0.0014980118893705987,0.13253662991803594,0.06544827631756078,0.1308527195130864,0.0808071710215188,0.0,0.9939982342667045,0.998164657962932,0.9958259154308965,0.004265869371569103,0.003067862805965256,0.02216019600567369,-0.0040745197067437655,0.0011213343424227762,0.008471498259532124,0.002611223981631737,0.012649850088768112,0.00015191899367293023,0.0014980118893705987
mild_vertical,0.0,2.5,horizontal,7,3.5,0.0,3.5,3.5,2.5,4.301162633521313,exact_true_distance,3.5,2.5,1.1102230246251565e-16,2.5579538487363607e-13,1.0658141036401503e-13,1.5631940186722204e-13,2.2737367544323206e-13,0.0,1.0000000000000073,1.0000000000000067,1.0000000000000007,6.604664775950172e-17,2.7755575615628914e-17,4.965068306494546e-16,3.3481060474622887e-18,3.565660955006439e-17,3.892546008740802e-16,5.556732193211354e-17,2.220446049250313e-16,0.0,1.1102230246251565e-16
mild_vertical,0.0,2.5,horizontal,7,3.5,0.0,3.5,3.5,2.5,4.301162633521313,exact_distance_minus_5cm,3.5,2.5,0.3759745726058634,2.8421709430404007e-13,1.1368683772161603e-13,2.4158453015843406e-13,2.2737367544323206e-13,0.0,0.4444444444444483,0.6666666666666715,0.6666666666666676,0.43672910144570304,0.45652908818264004,0.8737662756994194,-0.43672910144570304,3.5424064699497834e-17,3.885780586188048e-16,0.33333333333333337,0.7326720546098656,0.13801385181811884,0.3759745726058634
mild_vertical,0.0,2.5,horizontal,7,3.5,0.0,3.5,3.5,2.5,4.301162633521313,exact_distance_plus_5cm,3.5,2.5,0.3759745726058637,2.8421709430404007e-13,1.1368683772161603e-13,2.4158453015843406e-13,2.2737367544323206e-13,0.0,1.777777777777793,1.333333333333343,1.3333333333333353,0.4367291014457031,0.4565290881826399,0.8737662756994197,0.43672910144570304,7.015981258848018e-17,8.326672684688674e-16,0.33333333333333337,0.732672054609866,0.13801385181811873,0.3759745726058637
mild_vertical,0.0,2.5,horizontal,7,3.5,0.0,3.5,3.5,2.5,4.301162633521313,planar_no_correction,3.5,2.5,0.001997715951259475,0.15271187377334172,0.07635907323233937,0.15271187377334172,0.07753579628007401,0.0,0.9925216437542029,0.9975825194723188,0.9949268600648769,0.005020044046841888,0.003664352709306504,0.024804649413354054,-0.004803317401480406,0.0012881438893251234,0.009212503142826376,0.002927744893494484,0.014681718814088885,0.00010475132281904182,0.001997715951259475
mild_vertical,0.0,2.5,horizontal,8,4.0,0.0,4.0,4.0,2.5,4.716990566028302,exact_true_distance,4.0,2.5,0.0,3.126388037344441e-13,2.2737367544323206e-13,0.0,3.126388037344441e-13,0.0,1.0000000000000129,1.000000000000012,1.0000000000000009,9.684076988553833e-17,5.551115123125783e-17,4.965068306494546e-16,9.35235122380828e-19,4.102212708034215e-17,3.948005709088479e-16,6.756005822968891e-17,2.482534153247273e-16,0.0,0.0
mild_vertical,0.0,2.5,horizontal,8,4.0,0.0,4.0,4.0,2.5,4.716990566028302,exact_distance_minus_5cm,4.0,2.5,0.41247297499322017,3.126388037344441e-13,2.1316282072803006e-13,0.0,3.126388037344441e-13,0.0,0.4444444444444492,0.6666666666666737,0.6666666666666667,0.4672138319845406,0.48546044315151415,0.9081499407117001,-0.4672138319845406,3.741007024947842e-17,3.3306690738754696e-16,0.33333333333333337,0.765392132753013,0.13092960784593466,0.41247297499322017
mild_vertical,0.0,2.5,horizontal,8,4.0,0.0,4.0,4.0,2.5,4.716990566028302,exact_distance_plus_5cm,4.0,2.5,0.41247297499322005,3.126388037344441e-13,2.1316282072803006e-13,0.0,3.126388037344441e-13,0.0,1.7777777777777966,1.3333333333333475,1.3333333333333335,0.4672138319845406,0.4854604431515143,0.9081499407116999,0.4672138319845406,7.492024054486388e-17,7.771561172376096e-16,0.3333333333333333,0.7653921327530127,0.1309296078459346,0.41247297499322005
mild_vertical,0.0,2.5,horizontal,8,4.0,0.0,4.0,4.0,2.5,4.716990566028302,planar_no_correction,4.0,2.5,0.002639244132429373,0.17588025300736376,0.08727436746474382,0.17459433125350188,0.0720729218188012,0.0,0.99082000569971,0.9969399791227607,0.9938612418488466,0.005930085936375151,0.004447889513940427,0.027759790389032216,-0.005685612908732553,0.0014822847885932824,0.009984677995658777,0.003293983593271159,0.016820654972030773,8.974183907972666e-05,0.002639244132429373
mild_vertical,0.0,2.5,horizontal,9,4.5,0.0,4.5,4.5,2.5,5.1478150704935,exact_true_distance,4.5,2.5,1.1102230246251565e-16,3.410605131648481e-13,1.5631940186722204e-13,3.410605131648481e-13,1.7053025658242404e-13,0.0,1.0000000000000018,1.0000000000000036,0.9999999999999982,8.758328815176191e-17,5.551115123125783e-17,4.965068306494546e-16,3.680019185108208e-18,4.572209934298301e-17,4.505044135749197e-16,5.924838267865981e-17,4.440892098500626e-16,0.0,1.1102230246251565e-16
mild_vertical,0.0,2.5,horizontal,9,4.5,0.0,4.5,4.5,2.5,5.1478150704935,exact_distance_minus_5cm,4.5,2.5,0.4503344312700001,2.8421709430404007e-13,1.1368683772161603e-13,2.2737367544323206e-13,0.0,0.0,0.44444444444444464,0.6666666666666687,0.6666666666666649,0.5004258210212961,0.5167742117470087,0.9434891401223024,-0.5004258210212961,4.4362895603073744e-17,3.885780586188048e-16,0.33333333333333337,0.8020987043931239,0.13801385181811884,0.4503344312700001
mild_vertical,0.0,2.5,horizontal,9,4.5,0.0,4.5,4.5,2.5,5.1478150704935,exact_distance_plus_5cm,4.5,2.5,0.4503344312700002,2.8421709430404007e-13,1.1368683772161603e-13,2.2737367544323206e-13,0.0,0.0,1.7777777777777786,1.3333333333333375,1.3333333333333297,0.5004258210212961,0.516774211747009,0.9434891401223028,0.5004258210212961,8.782489079298403e-17,8.326672684688674e-16,0.3333333333333333,0.8020987043931241,0.13801385181811873,0.4503344312700002
mild_vertical,0.0,2.5,horizontal,9,4.5,0.0,4.5,4.5,2.5,5.1478150704935,planar_no_correction,4.5,2.5,0.0034430244119258756,0.20204998958240594,0.09819738073289841,0.19650346152786824,0.06441520213294893,0.0,0.9888942260379191,0.9962361532961755,0.9926303344503564,0.007012121992104279,0.00534755814213227,0.03104755100233838,-0.00673856550939732,0.0017001420021341186,0.010789701047170324,0.003710183466302152,0.01923279239279307,0.00010475132281904182,0.0034430244119258756
mild_vertical,0.0,2.5,horizontal,10,5.0,0.0,5.0,5.0,2.5,5.5901699437494745,exact_true_distance,5.0,2.5,2.482534153247273e-16,3.410605131648481e-13,1.7053025658242404e-13,3.126388037344441e-13,2.2737367544323206e-13,0.0,1.0000000000000044,1.0000000000000053,0.9999999999999991,1.0067568112370763e-16,5.551115123125783e-17,4.965068306494546e-16,8.122144953183947e-18,4.576084605518821e-17,4.037237054320749e-16,6.49441345558575e-17,2.482534153247273e-16,0.0,2.482534153247273e-16
mild_vertical,0.0,2.5,horizontal,10,5.0,0.0,5.0,5.0,2.5,5.5901699437494745,exact_distance_minus_5cm,5.0,2.5,0.4892631025345735,2.8421709430404007e-13,1.2079226507921703e-13,2.4158453015843406e-13,0.0,0.0,0.4444444444444483,0.6666666666666715,0.6666666666666676,0.5354990338129108,0.5482957486545956,0.9797014653683586,-0.5354990338129108,4.247750607861828e-17,3.3306690738754696e-16,0.33333333333333337,0.8403515049589874,0.15736825437682442,0.4892631025345735
mild_vertical,0.0,2.5,horizontal,10,5.0,0.0,5.0,5.0,2.5,5.5901699437494745,exact_distance_plus_5cm,5.0,2.5,0.4892631025345731,2.8421709430404007e-13,1.2079226507921703e-13,2.4158453015843406e-13,0.0,0.0,1.777777777777793,1.333333333333343,1.3333333333333353,0.5354990338129108,0.5482957486545956,0.9797014653683583,0.5354990338129108,8.398703439372304e-17,7.771561172376096e-16,0.33333333333333337,0.8403515049589872,0.1573682543768243,0.4892631025345731
mild_vertical,0.0,2.5,horizontal,10,5.0,0.0,5.0,5.0,2.5,5.5901699437494745,planar_no_correction,5.0,2.5,0.004429430313962211,0.230917258331516,0.1091333631436271,0.21844265049446676,0.05455895154462098,0.0,0.9867453296745279,0.9954687121295512,0.9912369094591008,0.008283668874776341,0.006400072574845998,0.034690043783299374,-0.007980783163653972,0.0019289109788443572,0.011629048625458998,0.00417655172036588,0.02216019600567369,0.00015191899367293023,0.004429430313962211
mild_vertical,0.0,2.5,horizontal,11,5.5,0.0,5.5,5.5,2.5,6.041522986797286,exact_true_distance,5.5,2.5,0.0,3.410605131648481e-13,1.5631940186722204e-13,1.5631940186722204e-13,1.5631940186722204e-13,0.0,1.0000000000000044,1.0000000000000067,0.9999999999999979,9.758749574023815e-17,5.551115123125783e-17,6.280369834735101e-16,-5.743481239388669e-18,5.2130592122939914e-17,5.878072089519971e-16,5.668316559220635e-17,4.440892098500626e-16,5.551115123125783e-17,0.0
mild_vertical,0.0,2.5,horizontal,11,5.5,0.0,5.5,5.5,2.5,6.041522986797286,exact_distance_minus_5cm,5.5,2.5,0.5290447275127432,3.694822225952521e-13,1.9895196601282805e-13,1.1368683772161603e-13,2.4158453015843406e-13,0.0,0.44444444444444553,0.6666666666666711,0.6666666666666639,0.5719807039808305,0.5820082014809669,1.01671523497289,-0.5719807039808305,5.0954019244396686e-17,3.885780586188048e-16,0.33333333333333337,0.8788582523671655,0.18519416599597935,0.5290447275127432
mild_vertical,0.0,2.5,horizontal,11,5.5,0.0,5.5,5.5,2.5,6.041522986797286,exact_distance_plus_5cm,5.5,2.5,0.529044727512743,3.694822225952521e-13,1.9895196601282805e-13,1.1368683772161603e-13,2.4158453015843406e-13,0.0,1.7777777777777821,1.3333333333333421,1.3333333333333277,0.5719807039808303,0.5820082014809669,1.0167152349728903,0.5719807039808303,1.0054998013401319e-16,8.326672684688674e-16,0.3333333333333333,0.8788582523671652,0.18519416599597938,0.529044727512743
mild_vertical,0.0,2.5,horizontal,11,5.5,0.0,5.5,5.5,2.5,6.041522986797286,planar_no_correction,5.5,2.5,0.00561885890506285,0.2628563327202471,0.1200280767762294,0.24041530248541676,0.042500143190522977,0.0,0.9843744598063603,0.9946351395905491,0.9896839761880796,0.009763297689046381,0.007579780820518335,0.03870954131674923,-0.00943168231650459,0.0021695918987649524,0.012504017150774666,0.004693383118608523,0.0254068453488965,0.0002416672874087622,0.00561885890506285
mild_vertical,0.0,2.5,horizontal,12,6.0,0.0,6.0,6.0,2.5,6.5,exact_true_distance,6.0,2.5,2.482534153247273e-16,2.5579538487363607e-13,1.0658141036401503e-13,1.5631940186722204e-13,2.2737367544323206e-13,0.0,0.9999999999999962,1.000000000000001,0.9999999999999951,1.1961195451102987e-16,1.1102230246251565e-16,4.965068306494546e-16,2.899959797333114e-17,5.192911744330076e-17,4.32657085474405e-16,6.767283156513888e-17,4.440892098500626e-16,0.0,2.482534153247273e-16
mild_vertical,0.0,2.5,horizontal,12,6.0,0.0,6.0,6.0,2.5,6.5,exact_distance_minus_5cm,6.0,2.5,0.5695225339854131,2.5579538487363607e-13,1.2789769243681803e-13,2.4158453015843406e-13,1.7053025658242404e-13,0.0,0.44444444444444364,0.6666666666666676,0.6666666666666645,0.6095932864316573,0.6154948168463448,1.0544682537070662,-0.6095932864316573,4.9617632033575766e-17,4.440892098500626e-16,0.3333333333333333,0.9188329569797719,0.21828873179674352,0.5695225339854131
mild_vertical,0.0,2.5,horizontal,12,6.0,0.0,6.0,6.0,2.5,6.5,exact_distance_plus_5cm,6.0,2.5,0.5695225339854139,2.5579538487363607e-13,1.2789769243681803e-13,2.4158453015843406e-13,1.7053025658242404e-13,0.0,1.7777777777777746,1.3333333333333353,1.333333333333329,0.6095932864316573,0.6154948168463452,1.0544682537070666,0.6095932864316573,9.874611538921399e-17,8.881784197001252e-16,0.3333333333333333,0.9188329569797727,0.21828873179674343,0.5695225339854139
mild_vertical,0.0,2.5,horizontal,12,6.0,0.0,6.0,6.0,2.5,6.5,planar_no_correction,6.0,2.5,0.007031795675474006,0.2973656364119961,0.13099456065259574,0.2624248423946369,0.028234407990140653,0.0,0.9817828771629086,0.9937332717310989,0.9879742432822315,0.011470376971187683,0.009023215489529224,0.04312847751048391,-0.011111181965588062,0.002423117005362533,0.013415744985314513,0.005260996055507251,0.028987403227883457,0.00039194216222200324,0.007031795675474006
mild_vertical,0.0,2.5,horizontal,13,6.5,0.0,6.5,6.5,2.5,6.96419413859206,exact_true_distance,6.5,2.5,0.0,8.526512829121202e-14,5.684341886080802e-14,0.0,7.105427357601002e-14,0.0,1.0000000000000044,1.0000000000000036,1.0000000000000009,1.0893242533406238e-16,2.7755575615628914e-17,6.280369834735101e-16,-8.891209532636713e-19,5.387865160813492e-17,5.878072089519971e-16,5.2394830033063766e-17,4.440892098500626e-16,0.0,0.0
mild_vertical,0.0,2.5,horizontal,13,6.5,0.0,6.5,6.5,2.5,6.96419413859206,exact_distance_minus_5cm,6.5,2.5,0.6105806004130442,2.5579538487363607e-13,1.1368683772161603e-13,1.1368683772161603e-13,1.1368683772161603e-13,0.0,0.44444444444444553,0.6666666666666696,0.6666666666666653,0.6481428605392924,0.6507543615704651,1.0929066765365,-0.6481428605392924,5.4083951607655254e-17,3.885780586188048e-16,0.33333333333333337,0.958938908161469,0.25462165872192,0.6105806004130442
mild_vertical,0.0,2.5,horizontal,13,6.5,0.0,6.5,6.5,2.5,6.96419413859206,exact_distance_plus_5cm,6.5,2.5,0.6105806004130439,2.5579538487363607e-13,1.1368683772161603e-13,1.1368683772161603e-13,1.1368683772161603e-13,0.0,1.7777777777777821,1.3333333333333393,1.3333333333333306,0.6481428605392924,0.6507543615704655,1.0929066765364999,0.6481428605392924,1.066839458337194e-16,8.326672684688674e-16,0.33333333333333337,0.9589389081614692,0.25462165872192,0.6105806004130439
mild_vertical,0.0,2.5,horizontal,13,6.5,0.0,6.5,6.5,2.5,6.96419413859206,planar_no_correction,6.5,2.5,0.008688858148195922,0.3343575011722635,0.14188807132406112,0.2844747178402258,0.011757033610038548,0.0,0.97897195917011,0.9927614191460901,0.9861099961077849,0.013424899152072811,0.01067942263920256,0.047969462266684616,-0.013039571137740872,0.0026903363447325964,0.014365233082925422,0.0058797040127566026,0.03295776019324338,0.0006229211845807082,0.008688858148195922
mild_vertical,0.0,2.5,horizontal,14,7.0,0.0,7.0,7.0,2.5,7.433034373659253,exact_true_distance,7.0,2.5,2.220446049250313e-16,1.9895196601282805e-13,8.526512829121202e-14,1.5631940186722204e-13,1.4210854715202004e-13,0.0,1.0000000000000044,1.0000000000000042,1.0000000000000002,1.377602216015727e-16,1.1102230246251565e-16,4.965068306494546e-16,3.196803324059858e-17,5.564870678070115e-17,4.32657085474405e-16,6.931467937219142e-17,4.440892098500626e-16,1.2412670766236366e-16,2.220446049250313e-16
mild_vertical,0.0,2.5,horizontal,14,7.0,0.0,7.0,7.0,2.5,7.433034373659253,exact_distance_minus_5cm,7.0,2.5,0.6521323767110843,2.2737367544323206e-13,7.105427357601002e-14,1.1368683772161603e-13,5.684341886080802e-14,0.0,0.4444444444444483,0.6666666666666711,0.6666666666666681,0.6874857985243781,0.6894879056792792,1.1319839871521595,-0.6874857985243781,5.1393633878998776e-17,4.440892098500626e-16,0.3333333333333333,0.9995229269792495,0.2930085814163803,0.6521323767110843
mild_vertical,0.0,2.5,horizontal,14,7.0,0.0,7.0,7.0,2.5,7.433034373659253,exact_distance_plus_5cm,7.0,2.5,0.6521323767110847,2.2737367544323206e-13,7.105427357601002e-14,1.1368683772161603e-13,5.684341886080802e-14,0.0,1.777777777777793,1.3333333333333421,1.3333333333333361,0.6874857985243781,0.6894879056792792,1.1319839871521602,0.6874857985243781,1.0136006813439499e-16,8.881784197001252e-16,0.33333333333333337,0.9995229269792498,0.29300858141638036,0.6521323767110847
mild_vertical,0.0,2.5,horizontal,14,7.0,0.0,7.0,7.0,2.5,7.433034373659253,planar_no_correction,7.0,2.5,0.010610824145920981,0.37341055303679127,0.15291553222853338,0.3065684013504324,0.006937036588141154,0.0,0.9759431990367087,0.9917183222871291,0.9840931412721715,0.015647354847029765,0.012649850088768112,0.05325530371305788,-0.015237439251499795,0.0029720120811717074,0.015353363878476446,0.006549799396388697,0.03747249174912051,0.0009548029768361107,0.010610824145920981
mild_vertical,0.0,2.5,horizontal,15,7.5,0.0,7.5,7.5,2.5,7.905694150420948,exact_true_distance,7.5,2.5,0.0,1.7053025658242404e-13,8.526512829121202e-14,1.5631940186722204e-13,7.105427357601002e-14,0.0,1.0000000000000018,1.0000000000000022,0.9999999999999996,1.226318514998954e-16,5.551115123125783e-17,6.280369834735101e-16,1.430676372540211e-17,5.909410303907652e-17,5.878072089519971e-16,5.3978200290537405e-17,4.47545209131181e-16,1.2412670766236366e-16,0.0
mild_vertical,0.0,2.5,horizontal,15,7.5,0.0,7.5,7.5,2.5,7.905694150420948,exact_distance_minus_5cm,7.5,2.5,0.6941127140179892,2.5579538487363607e-13,1.2079226507921703e-13,2.4158453015843406e-13,5.684341886080802e-14,0.0,0.4444444444444492,0.6666666666666718,0.6666666666666686,0.7275122160572486,0.7299007826450654,1.1716600912272659,-0.7275122160572486,5.730160050598702e-17,3.885780586188048e-16,0.33333333333333337,1.0406470452562984,0.3327586855852225,0.6941127140179892
mild_vertical,0.0,2.5,horizontal,15,7.5,0.0,7.5,7.5,2.5,7.905694150420948,exact_distance_plus_5cm,7.5,2.5,0.6941127140179892,2.5579538487363607e-13,1.2079226507921703e-13,2.4158453015843406e-13,5.684341886080802e-14,0.0,1.7777777777777966,1.3333333333333437,1.3333333333333373,0.7275122160572486,0.7299007826450645,1.1716600912272668,0.7275122160572486,1.1372913153895061e-16,8.326672684688674e-16,0.33333333333333337,1.0406470452562981,0.3327586855852229,0.6941127140179892
mild_vertical,0.0,2.5,horizontal,15,7.5,0.0,7.5,7.5,2.5,7.905694150420948,planar_no_correction,7.5,2.5,0.012818651205605396,0.41583492912280917,0.16381994673054834,0.3287093925875979,0.027853204611574256,0.0,0.9726982047638845,0.9906030638243682,0.9819252940816078,0.01815863802693222,0.014806604092221445,0.059009034131037204,-0.017725640017338947,0.0032688181465537845,0.01638091818585875,0.007271538094331517,0.04245102494197539,0.001407638522609604,0.012818651205605396
mild_vertical,0.0,2.5,horizontal,16,8.0,0.0,8.0,8.0,2.5,8.381527307120106,exact_true_distance,8.0,2.5,0.0,8.526512829121202e-14,5.684341886080802e-14,0.0,7.105427357601002e-14,0.0,1.0000000000000044,1.0000000000000036,1.0000000000000009,1.381786264528323e-16,5.551115123125783e-17,4.965068306494546e-16,4.721913731714529e-17,5.536189687140349e-17,4.32657085474405e-16,6.284688123734937e-17,4.47545209131181e-16,5.551115123125783e-17,0.0
mild_vertical,0.0,2.5,horizontal,16,8.0,0.0,8.0,8.0,2.5,8.381527307120106,exact_distance_minus_5cm,8.0,2.5,0.7364722743319577,2.4158453015843406e-13,1.1368683772161603e-13,1.1368683772161603e-13,2.2737367544323206e-13,0.0,0.44444444444444553,0.6666666666666696,0.6666666666666653,0.7681364325223733,0.7684766209537893,1.2119005188471703,-0.7681364325223732,5.453285387538275e-17,4.440892098500626e-16,0.3333333333333333,1.082431680979602,0.37345730803347493,0.7364722743319577
mild_vertical,0.0,2.5,horizontal,16,8.0,0.0,8.0,8.0,2.5,8.381527307120106,exact_distance_plus_5cm,8.0,2.5,0.7364722743319575,2.4158453015843406e-13,1.1368683772161603e-13,1.1368683772161603e-13,2.2737367544323206e-13,0.0,1.7777777777777821,1.3333333333333393,1.3333333333333306,0.7681364325223733,0.7684766209537897,1.2119005188471708,0.7681364325223733,1.0738155027736029e-16,8.881784197001252e-16,0.33333333333333337,1.0824316809796029,0.3734573080334749,0.7364722743319575
mild_vertical,0.0,2.5,horizontal,16,8.0,0.0,8.0,8.0,2.5,8.381527307120106,planar_no_correction,8.0,2.5,0.0153334915182572,0.4599987383539599,0.17471029235127133,0.35090122060410067,0.05099721890535136,0.0,0.9692386980788672,0.9894149850681134,0.9796078619247339,0.02097997738461319,0.017394894664899147,0.06525393719939472,-0.020525275277155693,0.0035813440469190665,0.017448590079998598,0.008045130438766668,0.04782453351393929,0.002001482234373367,0.0153334915182572
mild_vertical,0.0,2.5,horizontal,17,8.5,0.0,8.5,8.5,2.5,8.860022573334675,exact_true_distance,8.5,2.5,0.0,3.126388037344441e-13,1.4210854715202004e-13,3.126388037344441e-13,1.4210854715202004e-13,0.0,1.0000000000000018,1.0000000000000036,0.9999999999999982,1.1974725910650318e-16,2.7755575615628914e-17,6.280369834735101e-16,1.1720700331317623e-17,5.886940748127792e-17,5.878072089519971e-16,4.962412182469208e-17,4.47545209131181e-16,0.0,0.0
mild_vertical,0.0,2.5,horizontal,17,8.5,0.0,8.5,8.5,2.5,8.860022573334675,exact_distance_minus_5cm,8.5,2.5,0.7791735622570959,1.4210854715202004e-13,5.684341886080802e-14,1.1368683772161603e-13,1.1368683772161603e-13,0.0,0.44444444444444364,0.6666666666666671,0.6666666666666651,0.8092908720226266,0.8089339946041393,1.252675727526159,-0.8092908720226266,5.88732744226513e-17,3.885780586188048e-16,0.33333333333333337,1.1248545266215388,0.41484660895324305,0.7791735622570959
mild_vertical,0.0,2.5,horizontal,17,8.5,0.0,8.5,8.5,2.5,8.860022573334675,exact_distance_plus_5cm,8.5,2.5,0.779173562257096,1.4210854715202004e-13,5.684341886080802e-14,1.1368683772161603e-13,1.1368683772161603e-13,0.0,1.7777777777777746,1.3333333333333341,1.3333333333333302,0.8092908720226266,0.8089339946041396,1.2526757275261589,0.8092908720226267,1.1536478692825653e-16,8.326672684688674e-16,0.33333333333333337,1.1248545266215397,0.4148466089532432,0.779173562257096
mild_vertical,0.0,2.5,horizontal,17,8.5,0.0,8.5,8.5,2.5,8.860022573334675,planar_no_correction,8.5,2.5,0.01817670491708938,0.5059111125005131,0.18558334539495291,0.37314744613900075,0.0763751754323323,0.0,0.9655665132932396,0.9881536190797414,0.9771421109528122,0.02413289063183533,0.020327200590667383,0.072013575206368,-0.02365769085017744,0.003910101540750539,0.01855699985902838,0.00887073972591459,0.053795899608778806,0.0027564791175297278,0.01817670491708938
mild_vertical,0.0,2.5,horizontal,18,9.0,0.0,9.0,9.0,2.5,9.340770846134703,exact_true_distance,9.0,2.5,0.0,1.4210854715202004e-14,0.0,0.0,0.0,0.0,1.0000000000000018,1.0000000000000009,1.0000000000000009,1.520083483517072e-16,1.1102230246251565e-16,6.280369834735101e-16,3.862922112184808e-17,5.620048357458783e-17,4.32657085474405e-16,6.234899429912577e-17,4.47545209131181e-16,2.220446049250313e-16,0.0
mild_vertical,0.0,2.5,horizontal,18,9.0,0.0,9.0,9.0,2.5,9.340770846134703,exact_distance_minus_5cm,9.0,2.5,0.8221880724222121,1.9895196601282805e-13,8.526512829121202e-14,1.1368683772161603e-13,1.7053025658242404e-13,0.0,0.44444444444444464,0.6666666666666683,0.6666666666666653,0.8509218762639281,0.8502053202402303,1.29396049591421,-0.8509218762639281,5.5077728352072664e-17,4.440892098500626e-16,0.3333333333333333,1.1695763556613545,0.4567608040153954,0.8221880724222121
mild_vertical,0.0,2.5,horizontal,18,9.0,0.0,9.0,9.0,2.5,9.340770846134703,exact_distance_plus_5cm,9.0,2.5,0.8221880724222119,1.9895196601282805e-13,8.526512829121202e-14,1.1368683772161603e-13,1.7053025658242404e-13,0.0,1.7777777777777786,1.3333333333333366,1.3333333333333306,0.8509218762639283,0.8502053202402303,1.293960495914209,0.8509218762639283,1.0707093054727759e-16,8.881784197001252e-16,0.33333333333333337,1.1695763556613537,0.4567608040153951,0.8221880724222119
mild_vertical,0.0,2.5,horizontal,18,9.0,0.0,9.0,9.0,2.5,9.340770846134703,planar_no_correction,9.0,2.5,0.021369871256327812,0.5549187084367873,0.19682565148843878,0.39545166395737397,0.10399351875744856,0.0,0.9616835960866653,0.9868186406659291,0.9745292158624991,0.027639157699496892,0.023661485057904465,0.07931181556499148,-0.02714447957537962,0.00425553290588444,0.019706705246321964,0.009748486291508695,0.06030801244288751,0.0036928984917721334,0.021369871256327812
mild_vertical,0.0,2.5,horizontal,19,9.5,0.0,9.5,9.5,2.5,9.82344135219425,exact_true_distance,9.5,2.5,1.1102230246251565e-16,1.7053025658242404e-13,8.526512829121202e-14,1.7053025658242404e-13,8.526512829121202e-14,0.0,1.0000000000000018,1.0000000000000022,0.9999999999999996,1.171466872239085e-16,2.7755575615628914e-17,6.280369834735101e-16,7.736543729883294e-18,6.000767422280953e-17,5.878072089519972e-16,4.543376938125053e-17,4.47545209131181e-16,0.0,1.1102230246251565e-16
mild_vertical,0.0,2.5,horizontal,19,9.5,0.0,9.5,9.5,2.5,9.82344135219425,exact_distance_minus_5cm,9.5,2.5,0.8654942128209437,1.7053025658242404e-13,6.394884621840902e-14,1.1368683772161603e-13,0.0,0.0,0.44444444444444364,0.6666666666666671,0.6666666666666651,0.8929866890891678,0.8924590918798391,1.335733398054693,-0.8929866890891678,6.001978113401967e-17,4.440892098500626e-16,0.33333333333333337,1.2124532478927208,0.4990901931826464,0.8654942128209437
mild_vertical,0.0,2.5,horizontal,19,9.5,0.0,9.5,9.5,2.5,9.82344135219425,exact_distance_plus_5cm,9.5,2.5,0.8654942128209441,1.7053025658242404e-13,6.394884621840902e-14,1.1368683772161603e-13,0.0,0.0,1.7777777777777746,1.3333333333333341,1.3333333333333302,0.8929866890891681,0.8924590918798392,1.335733398054693,0.8929866890891681,1.1812734180344385e-16,8.326672684688674e-16,0.33333333333333337,1.2124532478927208,0.49909019318264614,0.8654942128209441
mild_vertical,0.0,2.5,horizontal,19,9.5,0.0,9.5,9.5,2.5,9.82344135219425,planar_no_correction,9.5,2.5,0.02493480285543781,0.6067339285202706,0.2077430761804706,0.4178175052342681,0.13385904313480523,0.0,0.9575920022169959,0.9854098300327744,0.9717702960048071,0.031520808591608634,0.027176148609758997,0.08717285639017061,-0.031007488668927722,0.004618019754380668,0.020898211018925184,0.010678454657878035,0.06746610638718628,0.004831147459806938,0.02493480285543781
mild_vertical,0.0,2.5,horizontal,20,10.0,0.0,10.0,10.0,2.5,10.307764064044152,exact_true_distance,10.0,2.5,0.0,1.4210854715202004e-14,0.0,0.0,0.0,0.0,1.0000000000000018,1.0000000000000009,1.0000000000000009,1.5216564412937525e-16,5.551115123125783e-17,6.280369834735101e-16,4.877369267486596e-17,5.681539121860768e-17,5.856664343569986e-16,5.702988020777774e-17,4.577566798522237e-16,2.2887833992611187e-16,0.0
mild_vertical,0.0,2.5,horizontal,20,10.0,0.0,10.0,10.0,2.5,10.307764064044152,exact_distance_minus_5cm,10.0,2.5,0.9090757743147951,5.684341886080802e-14,4.263256414560601e-14,0.0,5.684341886080802e-14,0.0,0.44444444444444364,0.6666666666666667,0.6666666666666654,0.935451213920735,0.9361035574410371,1.3779763484396694,-0.935451213920735,5.78609224119831e-17,4.440892098500626e-16,0.3333333333333333,1.2559863905784043,0.5417605016567596,0.9090757743147951
mild_vertical,0.0,2.5,horizontal,20,10.0,0.0,10.0,10.0,2.5,10.307764064044152,exact_distance_plus_5cm,10.0,2.5,0.9090757743147954,5.684341886080802e-14,4.263256414560601e-14,0.0,5.684341886080802e-14,0.0,1.7777777777777746,1.3333333333333335,1.3333333333333308,0.935451213920735,0.9361035574410372,1.37797634843967,0.935451213920735,1.1292729921245806e-16,8.881784197001252e-16,0.33333333333333337,1.2559863905784052,0.5417605016567605,0.9090757743147954
mild_vertical,0.0,2.5,horizontal,20,10.0,0.0,10.0,10.0,2.5,10.307764064044152,planar_no_correction,10.0,2.5,0.028893557328972017,0.6605343169789819,0.221406997908268,0.4402486399883401,0.16597889360187423,0.0,0.9532938961574083,0.9839270466219477,0.9688664412979496,0.03580012201455477,0.031101432723109182,0.09562125114273745,-0.03526882971253603,0.0049978916691513775,0.022131977253381396,0.01166070176963686,0.07513920015602125,0.006191779098706743,0.028893557328972017
mild_vertical,0.0,2.5,vertical,0,0.0,0.0,0.0,0.0,2.5,2.5,exact_true_distance,0.0,2.5,0.0,1.1368683772161603e-13,5.684341886080802e-14,0.0,8.526512829121202e-14,0.0,1.0000000000000038,1.0000000000000036,1.0000000000000002,6.644871334985297e-17,2.7755575615628914e-17,4.577566798522237e-16,-1.1598032197674751e-17,2.944234615559933e-17,3.0971724282513527e-16,6.658871234459541e-17,2.220446049250313e-16,5.551115123125783e-17,0.0
mild_vertical,0.0,2.5,vertical,0,0.0,0.0,0.0,0.0,2.5,2.5,exact_distance_minus_5cm,0.0,2.5,0.21830471454256029,5.684341886080802e-14,4.263256414560601e-14,0.0,5.684341886080802e-14,0.0,0.44444444444444553,0.6666666666666682,0.6666666666666667,0.33229195974866155,0.32756536092721905,0.6695998321423835,-0.33229195974866155,2.6023432037742495e-17,3.0531133177191805e-16,0.33333333333333337,0.5815392141587254,0.37345730803347493,0.21830471454256029
mild_vertical,0.0,2.5,vertical,0,0.0,0.0,0.0,0.0,2.5,2.5,exact_distance_plus_5cm,0.0,2.5,0.21830471454256029,5.684341886080802e-14,4.263256414560601e-14,0.0,5.684341886080802e-14,0.0,1.7777777777777821,1.3333333333333364,1.3333333333333335,0.33229195974866144,0.32756536092721883,0.669599832142384,0.33229195974866144,5.166607111734374e-17,6.106226635438361e-16,0.3333333333333333,0.5815392141587251,0.3734573080334749,0.21830471454256029
mild_vertical,0.0,2.5,vertical,0,0.0,0.0,0.0,0.0,2.5,2.5,planar_no_correction,0.0,2.5,0.00041567412980725305,0.05455866024576039,0.03843201753911529,0.0,0.05455866024576039,0.0,0.9980961717354676,0.9999994074080396,0.9980967631995852,0.0023487517561186434,0.0013563800179528698,0.011636918782587474,-0.0022318064971249235,0.0006711630488738828,0.0045569216098163435,0.0017397911169909307,0.007713142309566143,0.002001482234373367,0.00041567412980725305
mild_vertical,0.0,2.5,vertical,1,0.0,0.5,0.5,0.0,3.0,3.0,exact_true_distance,0.0,3.0,1.1102230246251565e-16,1.1368683772161603e-13,5.684341886080802e-14,0.0,8.526512829121202e-14,0.0,1.0000000000000038,1.0000000000000036,1.0000000000000002,8.052730254479022e-17,1.3877787807814457e-17,4.577566798522237e-16,-4.114844685134323e-18,3.0870581636016675e-17,2.837693131969706e-16,6.810338685920159e-17,2.237726045655905e-16,0.0,1.1102230246251565e-16
mild_vertical,0.0,2.5,vertical,1,0.0,0.5,0.5,0.0,3.0,3.0,exact_distance_minus_5cm,0.0,3.0,0.26203889641520606,5.684341886080802e-14,4.263256414560601e-14,0.0,5.684341886080802e-14,0.0,0.44444444444444553,0.6666666666666682,0.6666666666666667,0.3573403625938947,0.34956838275128416,0.7078051580142384,-0.3573403625938947,2.620350892445157e-17,2.220446049250313e-16,0.33313503866745986,0.6220340201660349,0.3604139331570203,0.26203889641520606
mild_vertical,0.0,2.5,vertical,1,0.0,0.5,0.5,0.0,3.0,3.0,exact_distance_plus_5cm,0.0,3.0,0.26203889641520606,5.684341886080802e-14,4.263256414560601e-14,0.0,5.684341886080802e-14,0.0,1.7777777777777821,1.3333333333333364,1.3333333333333335,0.3573403625938946,0.3495683827512839,0.7078051580142385,0.3573403625938946,5.0160442591793376e-17,3.885780586188048e-16,0.33313503866745986,0.6220340201660344,0.36041393315702014,0.26203889641520606
mild_vertical,0.0,2.5,vertical,1,0.0,0.5,0.5,0.0,3.0,3.0,planar_no_correction,0.0,3.0,0.000718525848169671,0.07857539898421351,0.055349838687405395,0.0,0.0785753989841993,0.0,0.997259773822567,0.9999994074080396,0.9972603647910416,0.0029314775741046584,0.0016507339603228162,0.013775981119402475,-0.002791013280877824,0.0008193842773558004,0.005270476577343,0.002019270428578414,0.00948326934487813,0.0018300903013215328,0.000718525848169671
mild_vertical,0.0,2.5,vertical,2,0.0,1.0,1.0,0.0,3.5,3.5,exact_true_distance,0.0,3.5,1.1102230246251565e-16,2.842170943040401e-14,1.4210854715202004e-14,0.0,2.842170943040401e-14,0.0,1.000000000000001,1.0000000000000009,1.0000000000000002,7.397961212410927e-17,1.3877787807814457e-17,6.661338147750939e-16,-1.193841253368935e-17,3.035212163146583e-17,3.2731217856998257e-16,6.398209754679944e-17,2.237726045655905e-16,2.7755575615628914e-17,1.1102230246251565e-16
mild_vertical,0.0,2.5,vertical,2,0.0,1.0,1.0,0.0,3.5,3.5,exact_distance_minus_5cm,0.0,3.5,0.3058131007524214,5.684341886080802e-14,4.263256414560601e-14,0.0,5.684341886080802e-14,0.0,0.44444444444444553,0.6666666666666682,0.6666666666666667,0.3864056909703337,0.37635908990868455,0.7467745695952331,-0.3864056909703337,2.821273355724565e-17,3.0531133177191805e-16,0.33333333333333337,0.6641223575130077,0.3523595339057583,0.3058131007524214
mild_vertical,0.0,2.5,vertical,2,0.0,1.0,1.0,0.0,3.5,3.5,exact_distance_plus_5cm,0.0,3.5,0.30581310075242185,5.684341886080802e-14,4.263256414560601e-14,0.0,5.684341886080802e-14,0.0,1.7777777777777821,1.3333333333333364,1.3333333333333335,0.38640569097033367,0.3763590899086848,0.7467745695952331,0.38640569097033367,5.574953381480967e-17,6.106226635438361e-16,0.3333333333333333,0.6641223575130071,0.3523595339057582,0.30581310075242185
mild_vertical,0.0,2.5,vertical,2,0.0,1.0,1.0,0.0,3.5,3.5,planar_no_correction,0.0,3.5,0.001141444960241489,0.10696740385952808,0.07534972606542567,0.0,0.10696740385951387,0.0,0.9962719060229231,0.9999994074080396,0.9962724964059949,0.003650619251419216,0.0020722525703784044,0.016204195095327716,-0.0034834562856790683,0.000995256478452524,0.006038328573204474,0.0023489125359701575,0.01158200672187311,0.001734955095078163,0.001141444960241489
mild_vertical,0.0,2.5,vertical,3,0.0,1.5,1.5,0.0,4.0,4.0,exact_true_distance,0.0,4.0,0.0,3.410605131648481e-13,2.4158453015843406e-13,0.0,3.410605131648481e-13,0.0,1.0000000000000122,1.000000000000012,1.0000000000000002,9.76265531338216e-17,2.7755575615628914e-17,4.577566798522237e-16,-8.816666137429433e-18,3.504766175442597e-17,2.837693131969706e-16,7.257599660560134e-17,4.440892098500626e-16,0.0,0.0
mild_vertical,0.0,2.5,vertical,3,0.0,1.5,1.5,0.0,4.0,4.0,exact_distance_minus_5cm,0.0,4.0,0.3496340597175521,3.126388037344441e-13,2.1316282072803006e-13,0.0,2.984279490192421e-13,0.0,0.4444444444444492,0.6666666666666737,0.6666666666666667,0.419060402845533,0.4097469442083923,0.7864169763718972,-0.419060402845533,2.875244823775479e-17,2.220446049250313e-16,0.3331350386674599,0.7067626449912824,0.3496340597175521,0.3496340597175521
mild_vertical,0.0,2.5,vertical,3,0.0,1.5,1.5,0.0,4.0,4.0,exact_distance_plus_5cm,0.0,4.0,0.349634059717552,3.126388037344441e-13,2.1316282072803006e-13,0.0,2.984279490192421e-13,0.0,1.7777777777777966,1.3333333333333475,1.3333333333333335,0.4190604028455328,0.4097469442083922,0.7864169763718971,0.4190604028455328,5.5498767720423966e-17,3.885780586188048e-16,0.33313503866745986,0.7067626449912819,0.349634059717552,0.349634059717552
mild_vertical,0.0,2.5,vertical,3,0.0,1.5,1.5,0.0,4.0,4.0,planar_no_correction,0.0,4.0,0.0017046279560586353,0.13973894253244623,0.09843473521836188,0.0,0.13973894253244623,0.0,0.9951328692459023,0.9999994074080396,0.9951334589539895,0.004521397643876517,0.0026603436913016612,0.01894207111309559,-0.004324733720056995,0.001199055457168287,0.006860415450366466,0.002728796277663934,0.01383301481972217,0.0017046279560586353,0.0017046279560586353
mild_vertical,0.0,2.5,vertical,4,0.0,2.0,2.0,0.0,4.5,4.5,exact_true_distance,0.0,4.5,0.0,2.842170943040401e-14,1.4210854715202004e-14,0.0,2.842170943040401e-14,0.0,1.000000000000001,1.0000000000000009,1.0000000000000002,9.185520650456873e-17,2.7755575615628914e-17,8.95090418262362e-16,-1.1396002121761521e-17,3.53313145338786e-17,3.2731217856998257e-16,6.825977197709712e-17,4.440892098500626e-16,2.7755575615628914e-17,0.0
mild_vertical,0.0,2.5,vertical,4,0.0,2.0,2.0,0.0,4.5,4.5,exact_distance_minus_5cm,0.0,4.5,0.39350853412309217,5.684341886080802e-14,4.263256414560601e-14,0.0,5.684341886080802e-14,0.0,0.44444444444444364,0.6666666666666667,0.6666666666666654,0.4545472923517015,0.4476121840544286,0.8266585834463533,-0.4545472923517015,3.286583775306922e-17,2.220446049250313e-16,0.33333333333333337,0.7490112025603173,0.3523595339057583,0.39350853412309217
mild_vertical,0.0,2.5,vertical,4,0.0,2.0,2.0,0.0,4.5,4.5,exact_distance_plus_5cm,0.0,4.5,0.3935085341230924,5.684341886080802e-14,4.263256414560601e-14,0.0,5.684341886080802e-14,0.0,1.7777777777777746,1.3333333333333335,1.3333333333333308,0.4545472923517013,0.4476121840544285,0.826658583446354,0.4545472923517014,6.464192655275859e-17,4.440892098500626e-16,0.3333333333333333,0.7490112025603172,0.3523595339057582,0.3935085341230924
mild_vertical,0.0,2.5,vertical,4,0.0,2.0,2.0,0.0,4.5,4.5,planar_no_correction,0.0,4.5,0.002428357273104309,0.17689491950352476,0.12460839654833933,0.0,0.17689491950352476,0.0,0.9938430104476761,0.9999994074080396,0.993843599391403,0.005561174992533224,0.0035152798824669928,0.02201049335719394,-0.00533249375753488,0.001430835938663965,0.007736691452578718,0.0031595192551523033,0.016524855595274827,0.001734955095078163,0.002428357273104309
mild_vertical,0.0,2.5,vertical,5,0.0,2.5,2.5,0.0,5.0,5.0,exact_true_distance,0.0,5.0,2.220446049250313e-16,2.842170943040401e-14,1.4210854715202004e-14,0.0,2.842170943040401e-14,0.0,1.000000000000001,1.0000000000000009,1.0000000000000002,1.1878251963587035e-16,1.1102230246251565e-16,4.577566798522237e-16,-1.8457848154879692e-17,3.986196671349893e-17,2.837693131969706e-16,7.756684820518781e-17,4.440892098500626e-16,0.0,2.220446049250313e-16
mild_vertical,0.0,2.5,vertical,5,0.0,2.5,2.5,0.0,5.0,5.0,exact_distance_minus_5cm,0.0,5.0,0.4374433176296201,1.7053025658242404e-13,1.2789769243681803e-13,0.0,1.7053025658242404e-13,0.0,0.44444444444444736,0.666666666666671,0.6666666666666667,0.491913607294367,0.48631856526696743,0.8674395174284654,-0.491913607294367,3.2308579765545434e-17,2.220446049250313e-16,0.33333333333333337,0.7927104450984527,0.3604139331570203,0.4374433176296201
mild_vertical,0.0,2.5,vertical,5,0.0,2.5,2.5,0.0,5.0,5.0,exact_distance_plus_5cm,0.0,5.0,0.43744331762961974,1.7053025658242404e-13,1.2789769243681803e-13,0.0,1.7053025658242404e-13,0.0,1.7777777777777892,1.333333333333342,1.3333333333333335,0.491913607294367,0.486318565266967,0.8674395174284656,0.491913607294367,6.307954026921969e-17,3.885780586188048e-16,0.3333333333333333,0.7927104450984525,0.36041393315702014,0.43744331762961974
mild_vertical,0.0,2.5,vertical,5,0.0,2.5,2.5,0.0,5.0,5.0,planar_no_correction,0.0,5.0,0.0033330138931129127,0.218440867566855,0.15387471738434755,0.0,0.218440867566855,0.0,0.9924027225255848,0.9999994074080396,0.9924033106158081,0.006788810715399327,0.004500211166250516,0.025430689808750385,-0.006525855210865513,0.0016886486569113203,0.008667127389788582,0.0036418683663439417,0.019595267975040912,0.0018300903013215328,0.0033330138931129127
mild_vertical,0.0,2.5,vertical,6,0.0,3.0,3.0,0.0,5.5,5.5,exact_true_distance,0.0,5.5,0.0,1.7053025658242404e-13,1.2079226507921703e-13,0.0,1.7053025658242404e-13,0.0,1.0000000000000067,1.0000000000000064,1.0000000000000002,1.1471169369377543e-16,0.0,8.95090418262362e-16,-6.848786407796157e-18,3.8836420256605147e-17,3.614082963872241e-16,7.064483950573273e-17,4.440892098500626e-16,5.551115123125783e-17,0.0
mild_vertical,0.0,2.5,vertical,6,0.0,3.0,3.0,0.0,5.5,5.5,exact_distance_minus_5cm,0.0,5.5,0.48144524098769303,1.7053025658242404e-13,1.2789769243681803e-13,0.0,1.7053025658242404e-13,0.0,0.44444444444444736,0.666666666666671,0.6666666666666667,0.530642019386107,0.5254645211267526,0.9087111538933363,-0.530642019386107,3.764174509799525e-17,3.3306690738754696e-16,0.33333333333333337,0.8369001557454444,0.37345730803347493,0.48144524098769303
mild_vertical,0.0,2.5,vertical,6,0.0,3.0,3.0,0.0,5.5,5.5,exact_distance_plus_5cm,0.0,5.5,0.4814452409876928,1.7053025658242404e-13,1.2789769243681803e-13,0.0,1.7053025658242404e-13,0.0,1.7777777777777892,1.333333333333342,1.3333333333333335,0.5306420193861069,0.5254645211267523,0.9087111538933371,0.5306420193861069,7.386351428704101e-17,6.106226635438361e-16,0.3333333333333333,0.8369001557454453,0.3734573080334749,0.4814452409876928
mild_vertical,0.0,2.5,vertical,6,0.0,3.0,3.0,0.0,5.5,5.5,planar_no_correction,0.0,5.5,0.004439090067757334,0.2643829380638323,0.18623818434510042,0.0,0.2643829380638323,0.0,0.990812444198496,0.9999994074080396,0.9908130313463326,0.008223837201938018,0.005683790073684877,0.02922421330720217,-0.007924696391912402,0.001973314904176744,0.009651709664205352,0.004176114024405848,0.023060244850134082,0.002001482234373367,0.004439090067757334
mild_vertical,0.0,2.5,vertical,7,0.0,3.5,3.5,0.0,6.0,6.0,exact_true_distance,0.0,6.0,2.220446049250313e-16,1.4210854715202004e-13,9.237055564881302e-14,0.0,1.4210854715202004e-13,0.0,0.9999999999999956,1.0000000000000002,0.9999999999999953,1.4333456597169334e-16,1.1102230246251565e-16,8.881784197001252e-16,-1.0957315907135238e-18,4.443280180776231e-17,3.4488080062935634e-16,8.210206055922563e-17,4.440892098500626e-16,1.1102230246251565e-16,2.220446049250313e-16
mild_vertical,0.0,2.5,vertical,7,0.0,3.5,3.5,0.0,6.0,6.0,exact_distance_minus_5cm,0.0,6.0,0.525521176328382,5.684341886080802e-14,4.263256414560601e-14,0.0,5.684341886080802e-14,0.0,0.44444444444444364,0.6666666666666667,0.6666666666666654,0.5704075439771836,0.5652231335161634,0.9504340015281164,-0.5704075439771836,3.7078295355054536e-17,2.7755575615628914e-16,0.33333333333333337,0.8813041044751201,0.3909981469494991,0.525521176328382
mild_vertical,0.0,2.5,vertical,7,0.0,3.5,3.5,0.0,6.0,6.0,exact_distance_plus_5cm,0.0,6.0,0.5255211763283829,5.684341886080802e-14,4.263256414560601e-14,0.0,5.684341886080802e-14,0.0,1.7777777777777746,1.3333333333333335,1.3333333333333308,0.5704075439771836,0.5652231335161632,0.9504340015281171,0.5704075439771836,7.310399228923083e-17,6.106226635438361e-16,0.3333333333333333,0.8813041044751196,0.390998146949499,0.5255211763283829
mild_vertical,0.0,2.5,vertical,7,0.0,3.5,3.5,0.0,6.0,6.0,planar_no_correction,0.0,6.0,0.005767202190249954,0.31472788991700895,0.22170376600317354,0.0,0.31472788991700895,0.0,0.9890726598730927,0.9999994074080394,0.9890732459899467,0.009886131652339711,0.0071135431232711,0.03341293121704189,-0.009549312037937331,0.002285266002991641,0.010690438858278221,0.0047621668283951155,0.026824855273601757,0.0022652607451289154,0.005767202190249954
mild_vertical,0.0,2.5,vertical,8,0.0,4.0,4.0,0.0,6.5,6.5,exact_true_distance,0.0,6.5,0.0,2.842170943040401e-14,1.4210854715202004e-14,0.0,2.842170943040401e-14,0.0,1.000000000000001,1.0000000000000009,1.0000000000000002,1.3292479555940653e-16,0.0,8.95090418262362e-16,1.1507680032236915e-18,4.027402538498046e-17,3.614082963872241e-16,6.765823122384545e-17,4.449557262054371e-16,0.0,0.0
mild_vertical,0.0,2.5,vertical,8,0.0,4.0,4.0,0.0,6.5,6.5,exact_distance_minus_5cm,0.0,6.5,0.5696780415082277,5.684341886080802e-14,4.263256414560601e-14,0.0,5.684341886080802e-14,0.0,0.44444444444444364,0.6666666666666667,0.6666666666666654,0.6109880622034782,0.6073609782988947,0.9925760244600937,-0.6109880622034782,4.01163833462953e-17,3.3306690738754696e-16,0.3333333333333333,0.924623967361623,0.41247297499322017,0.5696780415082277
mild_vertical,0.0,2.5,vertical,8,0.0,4.0,4.0,0.0,6.5,6.5,exact_distance_plus_5cm,0.0,6.5,0.5696780415082272,5.684341886080802e-14,4.263256414560601e-14,0.0,5.684341886080802e-14,0.0,1.7777777777777746,1.3333333333333335,1.3333333333333308,0.6109880622034782,0.6073609782988945,0.9925760244600941,0.6109880622034782,7.823076577444961e-17,6.106226635438361e-16,0.3333333333333333,0.9246239673616234,0.41247297499322005,0.5696780415082272
mild_vertical,0.0,2.5,vertical,8,0.0,4.0,4.0,0.0,6.5,6.5,planar_no_correction,0.0,6.5,0.007338103830211162,0.3694830774106208,0.26027691585183277,0.0,0.3694830774106208,0.0,0.9871838994964081,0.9999994074080396,0.987184484493997,0.011795850467133403,0.008827912034627078,0.03801902168822377,-0.011420282162856635,0.0026247130581581995,0.011783328243263265,0.005399806123221476,0.03085104212042686,0.002639244132429373,0.007338103830211162
mild_vertical,0.0,2.5,vertical,9,0.0,4.5,4.5,0.0,7.0,7.0,exact_true_distance,0.0,7.0,2.220446049250313e-16,2.842170943040401e-14,1.4210854715202004e-14,0.0,2.842170943040401e-14,0.0,1.000000000000001,1.0000000000000009,1.0000000000000002,1.6048907994269173e-16,1.1102230246251565e-16,8.95090418262362e-16,1.4822926995157215e-18,4.546788714388797e-17,3.4488080062935634e-16,8.120327984909285e-17,4.449557262054371e-16,1.1102230246251565e-16,2.220446049250313e-16
mild_vertical,0.0,2.5,vertical,9,0.0,4.5,4.5,0.0,7.0,7.0,exact_distance_minus_5cm,0.0,7.0,0.6139228045145229,1.7053025658242404e-13,1.2789769243681803e-13,0.0,1.7053025658242404e-13,0.0,0.44444444444444736,0.666666666666671,0.6666666666666667,0.6522266953257257,0.6496250754517428,1.035111308261867,-0.6522266953257257,3.814534120523896e-17,2.7755575615628914e-16,0.33333333333333337,0.967242085437721,0.4373146592980149,0.6139228045145229
mild_vertical,0.0,2.5,vertical,9,0.0,4.5,4.5,0.0,7.0,7.0,exact_distance_plus_5cm,0.0,7.0,0.6139228045145233,1.7053025658242404e-13,1.2789769243681803e-13,0.0,1.7053025658242404e-13,0.0,1.7777777777777892,1.333333333333342,1.3333333333333335,0.6522266953257257,0.6496250754517428,1.0351113082618677,0.6522266953257257,7.549607379863846e-17,6.106226635438361e-16,0.3333333333333333,0.9672420854377219,0.4373146592980149,0.6139228045145233
mild_vertical,0.0,2.5,vertical,9,0.0,4.5,4.5,0.0,7.0,7.0,planar_no_correction,0.0,7.0,0.009172698949522662,0.4286564366965706,0.30196357558625664,0.0,0.4286564366965706,0.0,0.9851467383944266,0.9999994074080396,0.9851473221848095,0.013973433055564297,0.010809937891175967,0.043064974946615646,-0.01355842149821394,0.0029917507609070275,0.01293040237694362,0.0060888134557540476,0.03538261167030822,0.0031409478323560914,0.009172698949522662
mild_vertical,0.0,2.5,vertical,10,0.0,5.0,5.0,0.0,7.5,7.5,exact_true_distance,0.0,7.5,0.0,2.842170943040401e-14,1.4210854715202004e-14,0.0,2.842170943040401e-14,0.0,1.000000000000001,1.0000000000000009,1.0000000000000002,1.5778465569189072e-16,0.0,8.95090418262362e-16,1.8747027174256093e-17,4.314696385361362e-17,3.614082963872241e-16,7.206395901197114e-17,4.577566798522237e-16,2.220446049250313e-16,0.0
mild_vertical,0.0,2.5,vertical,10,0.0,5.0,5.0,0.0,7.5,7.5,exact_distance_minus_5cm,0.0,7.5,0.6582624879369792,1.7053025658242404e-13,1.2789769243681803e-13,0.0,1.7053025658242404e-13,0.0,0.44444444444444736,0.666666666666671,0.6666666666666667,0.694010534712177,0.6913832003397028,1.0780189953497026,-0.694010534712177,4.2976974348917374e-17,3.3306690738754696e-16,0.3333333333333333,1.0118666290496345,0.46499777058768393,0.6582624879369792
mild_vertical,0.0,2.5,vertical,10,0.0,5.0,5.0,0.0,7.5,7.5,exact_distance_plus_5cm,0.0,7.5,0.6582624879369792,1.7053025658242404e-13,1.2789769243681803e-13,0.0,1.7053025658242404e-13,0.0,1.7777777777777892,1.333333333333342,1.3333333333333335,0.6940105347121772,0.6913832003397032,1.0780189953497037,0.6940105347121772,8.458969858763764e-17,6.106226635438361e-16,0.33333333333333337,1.0118666290496352,0.464997770587684,0.6582624879369792
mild_vertical,0.0,2.5,vertical,10,0.0,5.0,5.0,0.0,7.5,7.5,planar_no_correction,0.0,7.5,0.011292055317317029,0.49225647099578396,0.3467701787078852,0.0,0.49225647099576975,0.0,0.9829617970967857,0.9999994074080396,0.9829623795923892,0.016439612652527646,0.013030990149504042,0.048573598436572,-0.015984763806379754,0.0033864168424732255,0.014131695858925746,0.006829029212491253,0.04043161149473278,0.00378707141977163,0.011292055317317029
mild_vertical,0.0,2.5,vertical,11,0.0,5.5,5.5,0.0,8.0,8.0,exact_true_distance,0.0,8.0,0.0,2.842170943040401e-14,1.4210854715202004e-14,0.0,2.842170943040401e-14,0.0,1.000000000000001,1.0000000000000009,1.0000000000000002,1.815509554592958e-16,1.1102230246251565e-16,8.95090418262362e-16,2.5407059089814493e-17,4.616562009632352e-17,3.4488080062935634e-16,8.108230634265474e-17,4.577566798522237e-16,2.220446049250313e-16,0.0
mild_vertical,0.0,2.5,vertical,11,0.0,5.5,5.5,0.0,8.0,8.0,exact_distance_minus_5cm,0.0,8.0,0.7027041735119572,5.684341886080802e-14,4.263256414560601e-14,0.0,5.684341886080802e-14,0.0,0.44444444444444364,0.6666666666666667,0.6666666666666654,0.736257269321695,0.7341980720693784,1.1212824318368775,-0.736257269321695,4.1724175836225023e-17,3.885780586188048e-16,0.33333333333333337,1.0562762916994002,0.49506130429785533,0.7027041735119572
mild_vertical,0.0,2.5,vertical,11,0.0,5.5,5.5,0.0,8.0,8.0,exact_distance_plus_5cm,0.0,8.0,0.702704173511957,5.684341886080802e-14,4.263256414560601e-14,0.0,5.684341886080802e-14,0.0,1.7777777777777746,1.3333333333333335,1.3333333333333308,0.736257269321695,0.7341980720693777,1.1212824318368801,0.736257269321695,8.20159922526667e-17,6.106226635438361e-16,0.3333333333333333,1.056276291699401,0.4950613042978556,0.702704173511957
mild_vertical,0.0,2.5,vertical,11,0.0,5.5,5.5,0.0,8.0,8.0,planar_no_correction,0.0,8.0,0.013717418142676241,0.5602922344560568,0.39470365445646394,0.0,0.5602922344560568,0.0,0.9806297411478325,0.9999994074080396,0.9806303222614776,0.019215417990457482,0.015572557079692836,0.054568024944216253,-0.018720561193800014,0.0038087242033703374,0.015387252260982254,0.007620362491001516,0.045868991041629975,0.004593909233150734,0.013717418142676241
mild_vertical,0.0,2.5,vertical,12,0.0,6.0,6.0,0.0,8.5,8.5,exact_true_distance,0.0,8.5,0.0,2.842170943040401e-14,1.4210854715202004e-14,0.0,2.842170943040401e-14,0.0,1.000000000000001,1.0000000000000009,1.0000000000000002,1.6506136508497318e-16,0.0,8.95090418262362e-16,2.4552483832886653e-17,4.318178937872537e-17,3.614082963872241e-16,6.95622389170529e-17,4.577566798522237e-16,2.220446049250313e-16,0.0
mild_vertical,0.0,2.5,vertical,12,0.0,6.0,6.0,0.0,8.5,8.5,exact_distance_minus_5cm,0.0,8.5,0.7472550067456389,5.684341886080802e-14,4.263256414560601e-14,0.0,5.684341886080802e-14,0.0,0.44444444444444364,0.6666666666666667,0.6666666666666654,0.7789063453279174,0.7767156565106155,1.1648884808126867,-0.7789063453279174,4.292537638710962e-17,3.3306690738754696e-16,0.3333333333333333,1.100696806171064,0.5271148985505326,0.7472550067456389
mild_vertical,0.0,2.5,vertical,12,0.0,6.0,6.0,0.0,8.5,8.5,exact_distance_plus_5cm,0.0,8.5,0.7472550067456392,5.684341886080802e-14,4.263256414560601e-14,0.0,5.684341886080802e-14,0.0,1.7777777777777746,1.3333333333333335,1.3333333333333308,0.7789063453279176,0.7767156565106159,1.1648884808126885,0.7789063453279176,8.49632678311258e-17,6.106226635438361e-16,0.33333333333333337,1.1006968061710638,0.5271148985505327,0.7472550067456392
mild_vertical,0.0,2.5,vertical,12,0.0,6.0,6.0,0.0,8.5,8.5,planar_no_correction,0.0,8.5,0.016470223944146767,0.6327733146372339,0.44577143208280745,0.0,0.6327733146372196,0.0,0.9781512809038974,0.9999994074080396,0.978151860548826,0.022322168063585404,0.018368725609772776,0.061071723064056074,-0.021787289859957266,0.004258677351103614,0.016697123225515396,0.008462780330236478,0.051795783513191605,0.005577932618305631,0.016470223944146767
mild_vertical,0.0,2.5,vertical,13,0.0,6.5,6.5,0.0,9.0,9.0,exact_true_distance,0.0,9.0,0.0,2.842170943040401e-14,1.4210854715202004e-14,0.0,2.842170943040401e-14,0.0,1.000000000000001,1.0000000000000009,1.0000000000000002,1.939287303331115e-16,1.1102230246251565e-16,1.3322676295501878e-15,2.468310225628488e-17,4.604692543923348e-17,4.0289755838802254e-16,7.942525618238316e-17,4.577566798522237e-16,2.220446049250313e-16,0.0
mild_vertical,0.0,2.5,vertical,13,0.0,6.5,6.5,0.0,9.0,9.0,exact_distance_minus_5cm,0.0,9.0,0.7919222016226815,5.684341886080802e-14,4.263256414560601e-14,0.0,5.684341886080802e-14,0.0,0.44444444444444364,0.6666666666666667,0.6666666666666654,0.8219129529860673,0.819229923978947,1.208826967077491,-0.8219129529860673,4.246925040472904e-17,3.885780586188048e-16,0.33333333333333337,1.145377788294527,0.5608353767286971,0.7919222016226815
mild_vertical,0.0,2.5,vertical,13,0.0,6.5,6.5,0.0,9.0,9.0,exact_distance_plus_5cm,0.0,9.0,0.7919222016226812,5.684341886080802e-14,4.263256414560601e-14,0.0,5.684341886080802e-14,0.0,1.7777777777777746,1.3333333333333335,1.3333333333333308,0.8219129529860674,0.8192299239789483,1.2088269670774914,0.8219129529860674,8.434615620790503e-17,6.106226635438361e-16,0.33333333333333337,1.1453777882945266,0.5608353767286971,0.7919222016226812
mild_vertical,0.0,2.5,vertical,13,0.0,6.5,6.5,0.0,9.0,9.0,planar_no_correction,0.0,9.0,0.019572114675699304,0.7097098135831743,0.4999814454707945,0.0,0.7097098135831601,0.0,0.9755271713169223,0.9999994074080396,0.9755277494068237,0.02578146573972429,0.021583046123416164,0.06810850954644354,-0.025206658800636852,0.0047362803166962385,0.018061367714850365,0.009356292036433738,0.05821353862775394,0.006756170364811189,0.019572114675699304
mild_vertical,0.0,2.5,vertical,14,0.0,7.0,7.0,0.0,9.5,9.5,exact_true_distance,0.0,9.5,0.0,2.842170943040401e-14,1.4210854715202004e-14,0.0,2.842170943040401e-14,0.0,1.000000000000001,1.0000000000000009,1.0000000000000002,1.7310757229750967e-16,0.0,8.95090418262362e-16,2.7709801276672922e-17,4.300134550441441e-17,3.614082963872241e-16,6.725158112794642e-17,4.577566798522237e-16,0.0,0.0
mild_vertical,0.0,2.5,vertical,14,0.0,7.0,7.0,0.0,9.5,9.5,exact_distance_minus_5cm,0.0,9.5,0.8367130454070977,5.684341886080802e-14,4.263256414560601e-14,0.0,5.684341886080802e-14,0.0,0.44444444444444364,0.6666666666666667,0.6666666666666654,0.8652438560397474,0.8619096990781484,1.2530902261470642,-0.8652438560397474,4.303270014766975e-17,3.3306690738754696e-16,0.3333333333333333,1.1903174400444887,0.5959587994842985,0.8367130454070977
mild_vertical,0.0,2.5,vertical,14,0.0,7.0,7.0,0.0,9.5,9.5,exact_distance_plus_5cm,0.0,9.5,0.8367130454070981,5.684341886080802e-14,4.263256414560601e-14,0.0,5.684341886080802e-14,0.0,1.7777777777777746,1.3333333333333335,1.3333333333333308,0.8652438560397476,0.8619096990781481,1.2530902261470658,0.8652438560397476,8.460001817999919e-17,6.106226635438361e-16,0.33333333333333337,1.1903174400444883,0.5959587994842984,0.8367130454070981
mild_vertical,0.0,2.5,vertical,14,0.0,7.0,7.0,0.0,9.5,9.5,planar_no_correction,0.0,9.5,0.02304495212937363,0.7911123274390519,0.5573421381173063,0.0,0.7911123274390519,0.0,0.9727582117045787,0.9999994074080396,0.9727587881536159,0.02961519397953883,0.025105385845300764,0.0757025631927205,-0.029000620136182622,0.0052415401543074785,0.019480051390914774,0.010300935422310734,0.06521226840677459,0.008146353964374324,0.02304495212937363
mild_vertical,0.0,2.5,vertical,15,0.0,7.5,7.5,0.0,10.0,10.0,exact_true_distance,0.0,10.0,0.0,2.842170943040401e-14,1.4210854715202004e-14,0.0,2.842170943040401e-14,0.0,1.000000000000001,1.0000000000000009,1.0000000000000002,2.1699347832115063e-16,1.1102230246251565e-16,1.3322676295501878e-15,2.815308816099888e-17,4.691587557626918e-17,4.0289755838802254e-16,8.062905727837257e-17,4.577566798522237e-16,2.220446049250313e-16,0.0
mild_vertical,0.0,2.5,vertical,15,0.0,7.5,7.5,0.0,10.0,10.0,exact_distance_minus_5cm,0.0,10.0,0.8816349035423248,5.684341886080802e-14,4.263256414560601e-14,0.0,5.684341886080802e-14,0.0,0.44444444444444364,0.6666666666666667,0.6666666666666654,0.9088744533256334,0.9059140596467992,1.297672736340663,-0.9088744533256334,4.3001741370585096e-17,3.885780586188048e-16,0.33333333333333337,1.2355154389651777,0.6322712230463807,0.8816349035423248
mild_vertical,0.0,2.5,vertical,15,0.0,7.5,7.5,0.0,10.0,10.0,exact_distance_plus_5cm,0.0,10.0,0.881634903542325,5.684341886080802e-14,4.263256414560601e-14,0.0,5.684341886080802e-14,0.0,1.7777777777777746,1.3333333333333335,1.3333333333333308,0.9088744533256334,0.9059140596467996,1.297672736340663,0.9088744533256335,8.519855453696918e-17,6.106226635438361e-16,0.33333333333333337,1.2355154389651777,0.6322712230463815,0.881634903542325
mild_vertical,0.0,2.5,vertical,15,0.0,7.5,7.5,0.0,10.0,10.0,planar_no_correction,0.0,10.0,0.02691083263548011,0.8769919245786468,0.6178624684856899,0.0,0.8769919245786468,0.0,0.9698452455067065,0.9999994074080396,0.9698458202295424,0.03384551600996172,0.029164318741107195,0.0838784400600645,-0.033191380575831514,0.005774468250658918,0.02095324610520517,0.011296766725265589,0.07275015034404682,0.009766915122490293,0.02691083263548011
mild_vertical,0.0,2.5,vertical,16,0.0,8.0,8.0,0.0,10.5,10.5,exact_true_distance,0.0,10.5,0.0,3.410605131648481e-13,2.4158453015843406e-13,0.0,3.410605131648481e-13,0.0,1.0000000000000122,1.000000000000012,1.0000000000000002,1.8875479284645712e-16,0.0,8.95090418262362e-16,5.3388926068770503e-17,4.4036623588266567e-17,3.614082963872241e-16,6.70709421681752e-17,8.881784197001252e-16,0.0,0.0
mild_vertical,0.0,2.5,vertical,16,0.0,8.0,8.0,0.0,10.5,10.5,exact_distance_minus_5cm,0.0,10.5,0.9266952246576718,1.7053025658242404e-13,1.2789769243681803e-13,0.0,1.7053025658242404e-13,0.0,0.44444444444444736,0.666666666666671,0.6666666666666667,0.952786679343662,0.9507534746094581,1.3425708173910391,-0.952786679343662,4.4840692729413574e-17,3.3306690738754696e-16,0.3333333333333333,1.2809727184905355,0.6695998321423835,0.9266952246576718
mild_vertical,0.0,2.5,vertical,16,0.0,8.0,8.0,0.0,10.5,10.5,exact_distance_plus_5cm,0.0,10.5,0.9266952246576721,1.7053025658242404e-13,1.2789769243681803e-13,0.0,1.7053025658242404e-13,0.0,1.7777777777777892,1.333333333333342,1.3333333333333335,0.9527866793436623,0.9507534746094582,1.3425708173910413,0.9527866793436623,8.892392737948928e-17,6.106226635438361e-16,0.33333333333333337,1.280972718490535,0.669599832142384,0.9266952246576721
mild_vertical,0.0,2.5,vertical,16,0.0,8.0,8.0,0.0,10.5,10.5,planar_no_correction,0.0,10.5,0.031192102081946782,0.9673601221858235,0.6815519157360654,0.0,0.9673601221858235,0.0,0.966789160028531,0.9999994074080396,0.9667897329403541,0.03849487939665976,0.03363486087346469,0.09266108980815899,-0.03780141382976335,0.006335080604531263,0.02248102948084422,0.012343853889301364,0.08087385876846553,0.011636918782587474,0.031192102081946782
mild_vertical,0.0,2.5,vertical,17,0.0,8.5,8.5,0.0,11.0,11.0,exact_true_distance,0.0,11.0,4.440892098500626e-16,2.842170943040401e-14,1.4210854715202004e-14,0.0,2.842170943040401e-14,0.0,1.000000000000001,1.0000000000000009,1.0000000000000002,2.381932564369021e-16,1.1102230246251565e-16,1.336885555457667e-15,3.046312415533204e-17,4.811044925382972e-17,4.0289755838802254e-16,7.983103958648725e-17,8.881784197001252e-16,4.440892098500626e-16,4.440892098500626e-16
mild_vertical,0.0,2.5,vertical,17,0.0,8.5,8.5,0.0,11.0,11.0,exact_distance_minus_5cm,0.0,11.0,0.9719015456885922,1.7053025658242404e-13,1.2789769243681803e-13,0.0,1.7053025658242404e-13,0.0,0.44444444444444736,0.666666666666671,0.6666666666666667,0.9969674844764288,0.9948534298010345,1.3877823825807245,-0.9969674844764289,4.193469552040068e-17,3.885780586188048e-16,0.33333333333333337,1.3270893463097215,0.7078051580142384,0.9719015456885922
mild_vertical,0.0,2.5,vertical,17,0.0,8.5,8.5,0.0,11.0,11.0,exact_distance_plus_5cm,0.0,11.0,0.9719015456885929,1.7053025658242404e-13,1.2789769243681803e-13,0.0,1.7053025658242404e-13,0.0,1.7777777777777892,1.333333333333342,1.3333333333333335,0.9969674844764289,0.9948534298010354,1.3877823825807256,0.9969674844764289,8.493230905404115e-17,6.106226635438361e-16,0.33333333333333337,1.327089346309722,0.7078051580142385,0.9719015456885929
mild_vertical,0.0,2.5,vertical,17,0.0,8.5,8.5,0.0,11.0,11.0,planar_no_correction,0.0,11.0,0.03591137127513333,1.0622288612571538,0.7484204858525345,0.0,1.0622288612571538,0.0,0.9635908861703014,0.9999994074080394,0.9635914571868522,0.04358602342512495,0.03837927245299971,0.10207587307156524,-0.042853473879188524,0.006923397660580831,0.024063484570951515,0.013442272349651332,0.08972344211453115,0.013775981119402475,0.03591137127513333
mild_vertical,0.0,2.5,vertical,18,0.0,9.0,9.0,0.0,11.5,11.5,exact_true_distance,0.0,11.5,0.0,2.842170943040401e-14,1.4210854715202004e-14,0.0,2.842170943040401e-14,0.0,1.000000000000001,1.0000000000000009,1.0000000000000002,2.238512228662222e-16,0.0,1.7763568394002505e-15,7.837503935039538e-17,4.8000010617122054e-17,4.1288056970183164e-16,7.27944281412215e-17,8.881784197001252e-16,0.0,0.0
mild_vertical,0.0,2.5,vertical,18,0.0,9.0,9.0,0.0,11.5,11.5,exact_distance_minus_5cm,0.0,11.5,1.0172614971184966,1.7053025658242404e-13,1.2789769243681803e-13,0.0,1.7053025658242404e-13,0.0,0.44444444444444736,0.666666666666671,0.6666666666666667,1.0414077210365633,1.0389719193868088,1.4333067341651082,-1.0414077210365633,4.5845821025428694e-17,3.3306690738754696e-16,0.3333333333333333,1.3736994780420753,0.7467745695952331,1.0172614971184966
mild_vertical,0.0,2.5,vertical,18,0.0,9.0,9.0,0.0,11.5,11.5,exact_distance_plus_5cm,0.0,11.5,1.0172614971184974,1.7053025658242404e-13,1.2789769243681803e-13,0.0,1.7053025658242404e-13,0.0,1.7777777777777892,1.333333333333342,1.3333333333333335,1.0414077210365635,1.0389719193868094,1.4333067341651073,1.0414077210365633,9.043884353816503e-17,6.106226635438361e-16,0.3333333333333334,1.3736994780420766,0.7467745695952331,1.0172614971184974
mild_vertical,0.0,2.5,vertical,18,0.0,9.0,9.0,0.0,11.5,11.5,planar_no_correction,0.0,11.5,0.04109153166527202,1.1616104799623201,0.8184787181689472,0.0,1.1616104799623201,0.0,0.9602513981439289,0.9999994074080394,0.9602519671815248,0.04914198912029183,0.043652186292419994,0.11214857978012271,-0.048370609046427704,0.007539443981335477,0.025700699579996523,0.014592102508267178,0.09918538130513964,0.016204195095327716,0.04109153166527202
mild_vertical,0.0,2.5,vertical,19,0.0,9.5,9.5,0.0,12.0,12.0,exact_true_distance,0.0,12.0,0.0,3.126388037344441e-13,2.1316282072803006e-13,0.0,2.984279490192421e-13,0.0,0.99999999999999,1.0000000000000002,0.9999999999999898,2.7293999380526814e-16,1.1102230246251565e-16,1.7763568394002505e-15,4.570830961646928e-17,5.0684639654112875e-17,4.2096114341068517e-16,8.353722244902585e-17,8.881784197001252e-16,4.440892098500626e-16,0.0
mild_vertical,0.0,2.5,vertical,19,0.0,9.5,9.5,0.0,12.0,12.0,exact_distance_minus_5cm,0.0,12.0,1.0627828083501103,1.7053025658242404e-13,1.2789769243681803e-13,0.0,1.7053025658242404e-13,0.0,0.44444444444444736,0.666666666666671,0.6666666666666667,1.086101317055621,1.0833956363114936,1.4791443939796745,-1.086101317055621,4.466319574079489e-17,3.885780586188048e-16,0.3333333333333333,1.4196545001001748,0.7864169763718972,1.0627828083501103
mild_vertical,0.0,2.5,vertical,19,0.0,9.5,9.5,0.0,12.0,12.0,exact_distance_plus_5cm,0.0,12.0,1.0627828083501112,1.7053025658242404e-13,1.2789769243681803e-13,0.0,1.7053025658242404e-13,0.0,1.7777777777777892,1.333333333333342,1.3333333333333335,1.086101317055621,1.083395636311494,1.479144393979674,1.086101317055621,9.095895099318723e-17,6.106226635438361e-16,0.3333333333333333,1.4196545001001766,0.7864169763718971,1.0627828083501112
mild_vertical,0.0,2.5,vertical,19,0.0,9.5,9.5,0.0,12.0,12.0,planar_no_correction,0.0,12.0,0.04675577146053822,1.265517685333208,0.8917376923192464,0.0,1.265517685333208,0.0,0.9567717131760132,0.9999994074080396,0.9567722801515743,0.05518613133043857,0.04947842155285305,0.12290544837849854,-0.05437617681988635,0.008183247888752656,0.02739276763704295,0.01579342829119439,0.10909123992800601,0.01894207111309559,0.04675577146053822
mild_vertical,0.0,2.5,vertical,20,0.0,10.0,10.0,0.0,12.5,12.5,exact_true_distance,0.0,12.5,0.0,3.410605131648481e-13,2.4158453015843406e-13,0.0,3.410605131648481e-13,0.0,1.0000000000000122,1.000000000000012,1.0000000000000002,2.5146718519081504e-16,0.0,1.7763568394002505e-15,1.0421579037238516e-16,4.915929020023961e-17,4.1288056970183164e-16,7.373770669135143e-17,8.881784197001252e-16,4.440892098500626e-16,0.0
mild_vertical,0.0,2.5,vertical,20,0.0,10.0,10.0,0.0,12.5,12.5,exact_distance_minus_5cm,0.0,12.5,1.1084733132146996,1.7053025658242404e-13,1.2789769243681803e-13,0.0,1.7053025658242404e-13,0.0,0.44444444444444736,0.666666666666671,0.6666666666666667,1.1310446566033705,1.1290650005948877,1.5252969627911566,-1.1310446566033705,4.633290578489392e-17,3.3306690738754696e-16,0.3333333333333333,1.466168688699849,0.8266585834463533,1.1084733132146996
mild_vertical,0.0,2.5,vertical,20,0.0,10.0,10.0,0.0,12.5,12.5,exact_distance_plus_5cm,0.0,12.5,1.1084733132146996,1.7053025658242404e-13,1.2789769243681803e-13,0.0,1.7053025658242404e-13,0.0,1.7777777777777892,1.333333333333342,1.3333333333333335,1.1310446566033707,1.1290650005948877,1.5252969627911594,1.1310446566033707,9.108897785694278e-17,6.106226635438361e-16,0.3333333333333334,1.4661686886998475,0.826658583446354,1.1084733132146996
mild_vertical,0.0,2.5,vertical,20,0.0,10.0,10.0,0.0,12.5,12.5,planar_no_correction,0.0,12.5,0.052927592154730974,1.37396352320323,0.9682090356056321,0.0,1.37396352320323,0.0,0.9531528911982459,0.9999994074080394,0.9531534560293211,0.06174213243674885,0.05582726580047952,0.13437318591781086,-0.060893859398173246,0.008854841131267084,0.02913978661174793,0.017046336374119536,0.1199391497346633,0.02201049335719394,0.052927592154730974
mild_vertical,0.0,2.5,diagonal,0,0.0,0.0,0.0,0.0,2.5,2.5,exact_true_distance,0.0,2.5,0.0,1.1368683772161603e-13,5.684341886080802e-14,0.0,8.526512829121202e-14,0.0,1.0000000000000038,1.0000000000000036,1.0000000000000002,6.644871334985297e-17,2.7755575615628914e-17,4.577566798522237e-16,-1.1598032197674751e-17,2.944234615559933e-17,3.0971724282513527e-16,6.658871234459541e-17,2.220446049250313e-16,5.551115123125783e-17,0.0
mild_vertical,0.0,2.5,diagonal,0,0.0,0.0,0.0,0.0,2.5,2.5,exact_distance_minus_5cm,0.0,2.5,0.21830471454256029,5.684341886080802e-14,4.263256414560601e-14,0.0,5.684341886080802e-14,0.0,0.44444444444444553,0.6666666666666682,0.6666666666666667,0.33229195974866155,0.32756536092721905,0.6695998321423835,-0.33229195974866155,2.6023432037742495e-17,3.0531133177191805e-16,0.33333333333333337,0.5815392141587254,0.37345730803347493,0.21830471454256029
mild_vertical,0.0,2.5,diagonal,0,0.0,0.0,0.0,0.0,2.5,2.5,exact_distance_plus_5cm,0.0,2.5,0.21830471454256029,5.684341886080802e-14,4.263256414560601e-14,0.0,5.684341886080802e-14,0.0,1.7777777777777821,1.3333333333333364,1.3333333333333335,0.33229195974866144,0.32756536092721883,0.669599832142384,0.33229195974866144,5.166607111734374e-17,6.106226635438361e-16,0.3333333333333333,0.5815392141587251,0.3734573080334749,0.21830471454256029
mild_vertical,0.0,2.5,diagonal,0,0.0,0.0,0.0,0.0,2.5,2.5,planar_no_correction,0.0,2.5,0.00041567412980725305,0.05455866024576039,0.03843201753911529,0.0,0.05455866024576039,0.0,0.9980961717354676,0.9999994074080396,0.9980967631995852,0.0023487517561186434,0.0013563800179528698,0.011636918782587474,-0.0022318064971249235,0.0006711630488738828,0.0045569216098163435,0.0017397911169909307,0.007713142309566143,0.002001482234373367,0.00041567412980725305
mild_vertical,0.0,2.5,diagonal,1,0.35355339059327373,0.35355339059327373,0.49999999999999994,0.35355339059327373,2.853553390593274,2.8753724894292167,exact_true_distance,0.35355339059327373,2.853553390593274,1.1102230246251565e-16,3.410605131648481e-13,1.7053025658242404e-13,3.126388037344441e-13,9.947598300641403e-14,0.0,0.9999999999999979,1.0000000000000018,0.9999999999999961,8.486698823422688e-17,2.7755575615628914e-17,4.965068306494546e-16,2.0622056477838498e-17,3.6585910856083857e-17,3.134860747053634e-16,7.959260490066425e-17,2.482534153247273e-16,0.0,1.1102230246251565e-16
mild_vertical,0.0,2.5,diagonal,1,0.35355339059327373,0.35355339059327373,0.49999999999999994,0.35355339059327373,2.853553390593274,2.8753724894292167,exact_distance_minus_5cm,0.35355339059327373,2.853553390593274,0.25113287651401217,3.694822225952521e-13,1.8474111129762605e-13,3.552713678800501e-13,1.1368683772161603e-13,0.0,0.44444444444444364,0.6666666666666682,0.666666666666664,0.3506469697498704,0.3431831313430774,0.7128360274215494,-0.3506469697498704,3.008186972373166e-17,2.220446049250313e-16,0.3333333333333333,0.6115290325409363,0.33404468379192137,0.25113287651401217
mild_vertical,0.0,2.5,diagonal,1,0.35355339059327373,0.35355339059327373,0.49999999999999994,0.35355339059327373,2.853553390593274,2.8753724894292167,exact_distance_plus_5cm,0.35355339059327373,2.853553390593274,0.2511328765140122,3.694822225952521e-13,1.8474111129762605e-13,3.552713678800501e-13,1.1368683772161603e-13,0.0,1.7777777777777746,1.3333333333333364,1.333333333333328,0.3506469697498704,0.3431831313430774,0.7128360274215497,0.3506469697498704,5.924374778843101e-17,5.551115123125783e-16,0.33333333333333337,0.6115290325409358,0.33404468379192137,0.2511328765140122
mild_vertical,0.0,2.5,diagonal,1,0.35355339059327373,0.35355339059327373,0.49999999999999994,0.35355339059327373,2.853553390593274,2.8753724894292167,planar_no_correction,0.35355339059327373,2.853553390593274,0.0006325246137663063,0.07979476539847496,0.0493923746624958,0.017579421583548083,0.07935545163346092,0.0,0.9974634738248096,0.9999708745759638,0.9974925262176085,0.002772825570201027,0.0015757484384848319,0.013997556619506465,-0.0026383237009093836,0.0007803967637148636,0.005523021317510653,0.001944201943372117,0.00899208228733754,0.0014449264047621925,0.0006325246137663063
mild_vertical,0.0,2.5,diagonal,2,0.7071067811865475,0.7071067811865475,0.9999999999999999,0.7071067811865475,3.2071067811865475,3.2841336613988075,exact_true_distance,0.7071067811865475,3.2071067811865475,1.1443916996305594e-16,1.7053025658242404e-13,7.105427357601002e-14,1.7053025658242404e-13,1.1368683772161603e-13,0.0,0.9999999999999976,1.0000000000000004,0.9999999999999972,1.1149765636491304e-16,1.1102230246251565e-16,7.021666937153402e-16,3.6792808313713705e-17,4.471165280819454e-17,4.551750419884951e-16,9.433066138861845e-17,2.482534153247273e-16,2.7755575615628914e-17,1.1443916996305594e-16
mild_vertical,0.0,2.5,diagonal,2,0.7071067811865475,0.7071067811865475,0.9999999999999999,0.7071067811865475,3.2071067811865475,3.2841336613988075,exact_distance_minus_5cm,0.7071067811865475,3.2071067811865475,0.28690204334191277,4.831690603168681e-13,2.2737367544323206e-13,4.547473508864641e-13,2.8421709430404007e-13,0.0,0.4444444444444435,0.6666666666666687,0.6666666666666631,0.37308768380333324,0.3703207976840555,0.7562941442963161,-0.37308768380333324,3.4813596313859805e-17,3.3306690738754696e-16,0.3333333333333333,0.6426492191713322,0.2959080611167298,0.28690204334191277
mild_vertical,0.0,2.5,diagonal,2,0.7071067811865475,0.7071067811865475,0.9999999999999999,0.7071067811865475,3.2071067811865475,3.2841336613988075,exact_distance_plus_5cm,0.7071067811865475,3.2071067811865475,0.2869020433419131,4.831690603168681e-13,2.2737367544323206e-13,4.547473508864641e-13,2.8421709430404007e-13,0.0,1.7777777777777737,1.3333333333333375,1.3333333333333262,0.3730876838033333,0.3703207976840554,0.7562941442963159,0.3730876838033333,6.855118163167108e-17,6.106226635438361e-16,0.33333333333333337,0.6426492191713317,0.29590806111672996,0.2869020433419131
mild_vertical,0.0,2.5,diagonal,2,0.7071067811865475,0.7071067811865475,0.9999999999999999,0.7071067811865475,3.2071067811865475,3.2841336613988075,planar_no_correction,0.7071067811865475,3.2071067811865475,0.0009420432345127563,0.1095145011760792,0.06056820015555786,0.03949929577856892,0.10743990562562544,0.0,0.996641218834079,0.9998855827241525,0.9967552648561704,0.0033173591320758713,0.0019996163131156914,0.016667527482623436,-0.0031601165801821707,0.000920350872249419,0.006614141896246408,0.0021974667130731386,0.010451188899869181,0.0010150910178708835,0.0009420432345127563
mild_vertical,0.0,2.5,diagonal,3,1.0606601717798212,1.0606601717798212,1.4999999999999998,1.0606601717798212,3.560660171779821,3.7152793783104796,exact_true_distance,1.0606601717798212,3.560660171779821,1.1102230246251565e-16,5.258016244624741e-13,2.2737367544323206e-13,4.547473508864641e-13,3.979039320256561e-13,0.0,0.9999999999999962,1.000000000000003,0.9999999999999931,9.285393802091297e-17,5.551115123125783e-17,4.965068306494546e-16,3.745726342971835e-17,4.176305965061036e-17,4.148859959710459e-16,7.837882019746687e-17,2.482534153247273e-16,1.1102230246251565e-16,1.1102230246251565e-16
mild_vertical,0.0,2.5,diagonal,3,1.0606601717798212,1.0606601717798212,1.4999999999999998,1.0606601717798212,3.560660171779821,3.7152793783104796,exact_distance_minus_5cm,1.0606601717798212,3.560660171779821,0.3246573865210844,3.410605131648481e-13,1.2789769243681803e-13,2.2737367544323206e-13,2.984279490192421e-13,0.0,0.44444444444444176,0.6666666666666672,0.6666666666666622,0.39930587995246125,0.40219108895258054,0.7999597710588567,-0.39930587995246136,2.9750868798734896e-17,2.7755575615628914e-16,0.3333333333333333,0.677348863978418,0.2595856181503085,0.3246573865210844
mild_vertical,0.0,2.5,diagonal,3,1.0606601717798212,1.0606601717798212,1.4999999999999998,1.0606601717798212,3.560660171779821,3.7152793783104796,exact_distance_plus_5cm,1.0606601717798212,3.560660171779821,0.32465738652108417,3.410605131648481e-13,1.2789769243681803e-13,2.2737367544323206e-13,2.984279490192421e-13,0.0,1.777777777777767,1.3333333333333344,1.3333333333333244,0.3993058799524614,0.40219108895258027,0.7999597710588568,0.3993058799524614,5.800952454198945e-17,6.106226635438361e-16,0.33333333333333337,0.6773488639784178,0.2595856181503085,0.32465738652108417
mild_vertical,0.0,2.5,diagonal,3,1.0606601717798212,1.0606601717798212,1.4999999999999998,1.0606601717798212,3.560660171779821,3.7152793783104796,planar_no_correction,1.0606601717798212,3.560660171779821,0.0013622156391896018,0.143609146236372,0.07107813465958657,0.06575275176936657,0.13881752155350569,0.0,0.9956298136028773,0.9997441386367331,0.9958846219999188,0.003993372389572379,0.0025439067305067726,0.019666956439451613,-0.0038066405099488718,0.0010974934488242108,0.007837893939985636,0.002499248483445415,0.012188807929325233,0.0006930610789954242,0.0013622156391896018
mild_vertical,0.0,2.5,diagonal,4,1.414213562373095,1.414213562373095,1.9999999999999998,1.414213562373095,3.914213562373095,4.1618586967682445,exact_true_distance,1.414213562373095,3.914213562373095,2.220446049250313e-16,1.9895196601282805e-13,1.3500311979441904e-13,0.0,1.9895196601282805e-13,0.0,0.9999999999999976,1.0000000000000022,0.9999999999999953,1.2585488562063047e-16,1.1102230246251565e-16,8.881784197001252e-16,3.237318139745873e-17,5.271184553850678e-17,5.984054834450026e-16,9.385165041217016e-17,4.440892098500626e-16,2.220446049250313e-16,2.220446049250313e-16
mild_vertical,0.0,2.5,diagonal,4,1.414213562373095,1.414213562373095,1.9999999999999998,1.414213562373095,3.914213562373095,4.1618586967682445,exact_distance_minus_5cm,1.414213562373095,3.914213562373095,0.36379799926246653,1.7053025658242404e-13,9.947598300641403e-14,0.0,1.5631940186722204e-13,0.0,0.44444444444444503,0.6666666666666689,0.6666666666666654,0.4289233866802511,0.43588955636267585,0.8438227061058402,-0.4289233866802511,3.575274371621325e-17,3.3306690738754696e-16,0.33333333333333337,0.7145943109817129,0.2259300780826423,0.36379799926246653
mild_vertical,0.0,2.5,diagonal,4,1.414213562373095,1.414213562373095,1.9999999999999998,1.414213562373095,3.914213562373095,4.1618586967682445,exact_distance_plus_5cm,1.414213562373095,3.914213562373095,0.3637979992624665,1.7053025658242404e-13,9.947598300641403e-14,0.0,1.5631940186722204e-13,0.0,1.7777777777777801,1.3333333333333377,1.3333333333333308,0.42892338668025115,0.4358895563626758,0.8438227061058404,0.42892338668025115,7.071694158109944e-17,6.661338147750939e-16,0.33333333333333337,0.7145943109817123,0.22593007808264268,0.3637979992624665
mild_vertical,0.0,2.5,diagonal,4,1.414213562373095,1.414213562373095,1.9999999999999998,1.414213562373095,3.914213562373095,4.1618586967682445,planar_no_correction,1.414213562373095,3.914213562373095,0.0019113547547733574,0.1823231598376367,0.0809410635043406,0.09633224699274479,0.1734945385749569,0.0,0.9944297583916403,0.9995471464992747,0.9948802934153161,0.004813850079365339,0.003237649309268371,0.02301612295483521,-0.0045890264370927695,0.0013196037909723988,0.009201904181060712,0.0028493472967151853,0.014136664242276081,0.00046054487721128025,0.0019113547547733574
mild_vertical,0.0,2.5,diagonal,5,1.7677669529663687,1.7677669529663687,2.5,1.7677669529663687,4.267766952966369,4.619397662556434,exact_true_distance,1.7677669529663687,4.267766952966369,0.0,3.410605131648481e-13,1.5631940186722204e-13,3.410605131648481e-13,1.7053025658242404e-13,0.0,1.0000000000000018,1.0000000000000036,0.9999999999999982,1.1191406053560464e-16,5.551115123125783e-17,6.661338147750939e-16,-5.279426257663988e-18,4.7235054425237166e-17,4.752394961205825e-16,7.825721302904599e-17,4.440892098500626e-16,1.1102230246251565e-16,0.0
mild_vertical,0.0,2.5,diagonal,5,1.7677669529663687,1.7677669529663687,2.5,1.7677669529663687,4.267766952966369,4.619397662556434,exact_distance_minus_5cm,1.7677669529663687,4.267766952966369,0.40393924369958406,4.831690603168681e-13,2.4158453015843406e-13,4.547473508864641e-13,1.7053025658242404e-13,0.0,0.44444444444444553,0.6666666666666703,0.6666666666666646,0.46145108519120326,0.4715829179847931,0.8878759682419098,-0.46145108519120326,3.7115703877365164e-17,3.3306690738754696e-16,0.33333333333333337,0.7519212977161445,0.19629562335226455,0.40393924369958406
mild_vertical,0.0,2.5,diagonal,5,1.7677669529663687,1.7677669529663687,2.5,1.7677669529663687,4.267766952966369,4.619397662556434,exact_distance_plus_5cm,1.7677669529663687,4.267766952966369,0.4039392436995844,4.831690603168681e-13,2.4158453015843406e-13,4.547473508864641e-13,1.7053025658242404e-13,0.0,1.7777777777777821,1.3333333333333406,1.3333333333333293,0.46145108519120326,0.4715829179847929,0.8878759682419097,0.46145108519120326,7.41114424935273e-17,6.106226635438361e-16,0.3333333333333333,0.7519212977161444,0.1962956233522644,0.4039392436995844
mild_vertical,0.0,2.5,diagonal,5,1.7677669529663687,1.7677669529663687,2.5,1.7677669529663687,4.267766952966369,4.619397662556434,planar_no_correction,1.7677669529663687,4.267766952966369,0.002608080304439388,0.22500892458629096,0.09096352511852501,0.13122956329800672,0.21147793486998978,0.0,0.9930416465286441,0.9992951225216888,0.9937421129633213,0.005793543361489753,0.0040559355902677514,0.026735468799065083,-0.005519933015331195,0.0015968848811433027,0.010713816383336669,0.00324775288337215,0.016562093164761434,0.00030070104275512687,0.002608080304439388
mild_vertical,0.0,2.5,diagonal,6,2.1213203435596424,2.1213203435596424,2.9999999999999996,2.1213203435596424,4.621320343559642,5.08493871327848,exact_true_distance,2.1213203435596424,4.621320343559642,4.440892098500626e-16,1.7053025658242404e-13,1.1368683772161603e-13,0.0,1.4210854715202004e-13,0.0,1.0000000000000073,1.0000000000000064,1.0000000000000009,1.128987012898399e-16,5.551115123125783e-17,8.886119947416683e-16,-1.3625321158348418e-17,4.6777108070742494e-17,3.993223662745406e-16,8.041616256616355e-17,4.440892098500626e-16,2.7755575615628914e-17,4.440892098500626e-16
mild_vertical,0.0,2.5,diagonal,6,2.1213203435596424,2.1213203435596424,2.9999999999999996,2.1213203435596424,4.621320343559642,5.08493871327848,exact_distance_minus_5cm,2.1213203435596424,4.621320343559642,0.44482887799880205,1.4210854715202004e-13,8.526512829121202e-14,0.0,1.1368683772161603e-13,0.0,0.4444444444444483,0.666666666666671,0.6666666666666682,0.49625711320047045,0.5085604629345618,0.9321150760409961,-0.49625711320047045,3.849517538629556e-17,2.7755575615628914e-16,0.33333333333333337,0.7940392335238274,0.1727446875139716,0.44482887799880205
mild_vertical,0.0,2.5,diagonal,6,2.1213203435596424,2.1213203435596424,2.9999999999999996,2.1213203435596424,4.621320343559642,5.08493871327848,exact_distance_plus_5cm,2.1213203435596424,4.621320343559642,0.4448288779988027,1.4210854715202004e-13,8.526512829121202e-14,0.0,1.1368683772161603e-13,0.0,1.777777777777793,1.333333333333342,1.3333333333333364,0.4962571132004704,0.5085604629345626,0.9321150760409965,0.4962571132004704,7.416897422094294e-17,6.106226635438361e-16,0.3333333333333333,0.7940392335238271,0.17274468751397154,0.4448288779988027
mild_vertical,0.0,2.5,diagonal,6,2.1213203435596424,2.1213203435596424,2.9999999999999996,2.1213203435596424,4.621320343559642,5.08493871327848,planar_no_correction,2.1213203435596424,4.621320343559642,0.003471261486772478,0.27272132480314326,0.10122118242301781,0.17043580250356172,0.25277542683824095,0.0,0.9914661639915779,0.998988485174933,0.992470062172901,0.0069486786640546435,0.005108198649857045,0.03084560655229915,-0.0066133333710087705,0.0019373217382860344,0.012381292262795364,0.00369460939299093,0.01939843577422747,0.00019976216179384587,0.003471261486772478
mild_vertical,0.0,2.5,diagonal,7,2.4748737341529163,2.4748737341529163,3.5,2.4748737341529163,4.974873734152917,5.556470882742444,exact_true_distance,2.4748737341529163,4.974873734152917,4.440892098500626e-16,1.7053025658242404e-13,1.1368683772161603e-13,0.0,1.7053025658242404e-13,0.0,0.9999999999999962,1.0000000000000009,0.9999999999999953,1.1956168172186416e-16,5.551115123125783e-17,8.881784197001252e-16,6.290685829958332e-19,4.9353852423040443e-17,4.38189479556105e-16,7.57880309679352e-17,4.440892098500626e-16,7.850462293418876e-17,4.440892098500626e-16
mild_vertical,0.0,2.5,diagonal,7,2.4748737341529163,2.4748737341529163,3.5,2.4748737341529163,4.974873734152917,5.556470882742444,exact_distance_minus_5cm,2.4748737341529163,4.974873734152917,0.4862973129314136,1.4210854715202004e-13,8.526512829121202e-14,0.0,1.1368683772161603e-13,0.0,0.44444444444444464,0.6666666666666682,0.6666666666666654,0.5328419062820595,0.5456412584661692,0.976537515511905,-0.5328419062820595,4.2892353691552655e-17,3.3306690738754696e-16,0.33333333333333337,0.8372576486040243,0.15800641666920198,0.4862973129314136
mild_vertical,0.0,2.5,diagonal,7,2.4748737341529163,2.4748737341529163,3.5,2.4748737341529163,4.974873734152917,5.556470882742444,exact_distance_plus_5cm,2.4748737341529163,4.974873734152917,0.4862973129314144,1.4210854715202004e-13,8.526512829121202e-14,0.0,1.1368683772161603e-13,0.0,1.7777777777777786,1.3333333333333364,1.3333333333333308,0.5328419062820595,0.5456412584661694,0.976537515511905,0.5328419062820595,8.651688246115738e-17,7.216449660063518e-16,0.3333333333333334,0.8372576486040245,0.15800641666920198,0.4862973129314144
mild_vertical,0.0,2.5,diagonal,7,2.4748737341529163,2.4748737341529163,3.5,2.4748737341529163,4.974873734152917,5.556470882742444,planar_no_correction,2.4748737341529163,4.974873734152917,0.004519967513895565,0.32509946225540887,0.1100098500020934,0.21394138137736718,0.29739546829813435,0.0,0.9897040889237724,0.9986275669867724,0.9910642582299971,0.008296586619446452,0.006306622575778629,0.03536732857351121,-0.007884242963423514,0.002351320899807152,0.014212012421823001,0.00418999023069897,0.02262799426461236,0.00014880324680879267,0.004519967513895565
mild_vertical,0.0,2.5,diagonal,8,2.82842712474619,2.82842712474619,3.9999999999999996,2.82842712474619,5.32842712474619,6.0325894625551095,exact_true_distance,2.82842712474619,5.32842712474619,2.220446049250313e-16,1.7053025658242404e-13,1.1368683772161603e-13,0.0,1.7053025658242404e-13,0.0,0.9999999999999962,1.0000000000000009,0.9999999999999953,1.1383687132364013e-16,2.7755575615628914e-17,8.95090418262362e-16,1.585838004983682e-18,5.0869484670565105e-17,4.693709982115703e-16,6.694209693357737e-17,4.440892098500626e-16,0.0,2.220446049250313e-16
mild_vertical,0.0,2.5,diagonal,8,2.82842712474619,2.82842712474619,3.9999999999999996,2.82842712474619,5.32842712474619,6.0325894625551095,exact_distance_minus_5cm,2.82842712474619,5.32842712474619,0.5282279037803818,1.4210854715202004e-13,8.526512829121202e-14,0.0,1.1368683772161603e-13,0.0,0.44444444444444464,0.6666666666666682,0.6666666666666654,0.5708225515428877,0.583454390009253,1.0211423416867047,-0.5708225515428877,4.748508827206115e-17,3.3306690738754696e-16,0.33333333333333337,0.8807955860015969,0.1546133010466921,0.5282279037803818
mild_vertical,0.0,2.5,diagonal,8,2.82842712474619,2.82842712474619,3.9999999999999996,2.82842712474619,5.32842712474619,6.0325894625551095,exact_distance_plus_5cm,2.82842712474619,5.32842712474619,0.5282279037803819,1.4210854715202004e-13,8.526512829121202e-14,0.0,1.1368683772161603e-13,0.0,1.7777777777777786,1.3333333333333364,1.3333333333333308,0.5708225515428877,0.5834543900092528,1.0211423416867051,0.5708225515428877,9.300816404638232e-17,6.661338147750939e-16,0.33333333333333337,0.8807955860015968,0.15461330104669208,0.5282279037803819
mild_vertical,0.0,2.5,diagonal,8,2.82842712474619,2.82842712474619,3.9999999999999996,2.82842712474619,5.32842712474619,6.0325894625551095,planar_no_correction,2.82842712474619,5.32842712474619,0.0057734345796942145,0.38171576707841837,0.1313269135337407,0.26173602604455937,0.3453472496669434,0.0,0.9877562910858131,0.9982126304945704,0.989524937784471,0.009855415142324577,0.007706037559965782,0.040321616348715034,-0.009348507475492866,0.0028512305783067885,0.016213677289412948,0.004733911279523609,0.02621994467249682,0.00014166877673928713,0.0057734345796942145
mild_vertical,0.0,2.5,diagonal,9,3.181980515339464,3.181980515339464,4.5,3.181980515339464,5.681980515339464,6.512288582111308,exact_true_distance,3.181980515339464,5.681980515339464,2.482534153247273e-16,5.115907697472721e-13,1.9184653865522705e-13,3.410605131648481e-13,1.5631940186722204e-13,0.0,1.0000000000000018,1.000000000000007,0.9999999999999947,1.5344091359868617e-16,1.1102230246251565e-16,8.899114524108741e-16,2.0411800566645818e-17,6.66461746111352e-17,5.693014974827041e-16,8.322766400005738e-17,4.47545209131181e-16,2.7755575615628914e-17,2.482534153247273e-16
mild_vertical,0.0,2.5,diagonal,9,3.181980515339464,3.181980515339464,4.5,3.181980515339464,5.681980515339464,6.512288582111308,exact_distance_minus_5cm,3.181980515339464,5.681980515339464,0.5705388468580567,7.673861546209082e-13,2.8421709430404007e-13,4.547473508864641e-13,2.2737367544323206e-13,0.0,0.4444444444444465,0.6666666666666743,0.6666666666666621,0.6098963808414584,0.6234804244195878,1.0659298768807903,-0.6098963808414584,5.559125706696437e-17,4.996003610813204e-16,0.33333333333333337,0.9232320136296127,0.16327246137298382,0.5705388468580567
mild_vertical,0.0,2.5,diagonal,9,3.181980515339464,3.181980515339464,4.5,3.181980515339464,5.681980515339464,6.512288582111308,exact_distance_plus_5cm,3.181980515339464,5.681980515339464,0.5705388468580569,7.673861546209082e-13,2.8421709430404007e-13,4.547473508864641e-13,2.2737367544323206e-13,0.0,1.7777777777777857,1.3333333333333486,1.3333333333333242,0.6098963808414585,0.6234804244195883,1.0659298768807905,0.6098963808414585,1.1002413989134458e-16,8.326672684688674e-16,0.33333333333333337,0.9232320136296118,0.1632724613729837,0.5705388468580569
mild_vertical,0.0,2.5,diagonal,9,3.181980515339464,3.181980515339464,4.5,3.181980515339464,5.681980515339464,6.512288582111308,planar_no_correction,3.181980515339464,5.681980515339464,0.007251046629963635,0.4425753772905523,0.15747443545631512,0.313808765854219,0.39664069712870287,0.0,0.9856237312425448,0.9977438829581072,0.9878524419717527,0.011643919681355783,0.009381099081941143,0.045729650163617436,-0.011022658181020375,0.0034515094438643235,0.018394008062850395,0.005326431167288043,0.030184794149685064,0.00017204826186959621,0.007251046629963635
mild_vertical,0.0,2.5,diagonal,10,3.5355339059327373,3.5355339059327373,5.0,3.5355339059327373,6.035533905932738,6.994831629829534,exact_true_distance,3.5355339059327373,6.035533905932738,2.220446049250313e-16,3.979039320256561e-13,1.6342482922482304e-13,3.410605131648481e-13,0.0,0.0,1.0000000000000184,1.000000000000013,1.0000000000000053,1.8236371141484204e-16,2.220446049250313e-16,1.3322676295501878e-15,5.885437735372024e-17,8.011549411057112e-17,6.840224438173821e-16,9.306612442423787e-17,4.965068306494546e-16,1.1102230246251565e-16,2.220446049250313e-16
mild_vertical,0.0,2.5,diagonal,10,3.5355339059327373,3.5355339059327373,5.0,3.5355339059327373,6.035533905932738,6.994831629829534,exact_distance_minus_5cm,3.5355339059327373,6.035533905932738,0.613171871528391,1.4210854715202004e-14,0.0,0.0,0.0,0.0,0.4444444444444502,0.666666666666671,0.666666666666671,0.6498330924793324,0.6633683676666942,1.1109014797010652,-0.6498330924793324,5.842385617530574e-17,4.440892098500626e-16,0.33333333333333337,0.9661042689912732,0.18227826952581924,0.613171871528391
mild_vertical,0.0,2.5,diagonal,10,3.5355339059327373,3.5355339059327373,5.0,3.5355339059327373,6.035533905932738,6.994831629829534,exact_distance_plus_5cm,3.5355339059327373,6.035533905932738,0.6131718715283914,1.4210854715202004e-14,0.0,0.0,0.0,0.0,1.7777777777778005,1.333333333333342,1.333333333333342,0.6498330924793324,0.6633683676666938,1.1109014797010646,0.6498330924793324,1.1515478322369896e-16,7.216449660063518e-16,0.33333333333333337,0.9661042689912731,0.1822782695258192,0.6131718715283914
mild_vertical,0.0,2.5,diagonal,10,3.5355339059327373,3.5355339059327373,5.0,3.5355339059327373,6.035533905932738,6.994831629829534,planar_no_correction,3.5355339059327373,6.035533905932738,0.008972325798049356,0.5076838911920731,0.18581776869034172,0.3701479267086256,0.4512864717563474,0.0,0.9833074604865241,0.9972214885033499,0.9860472039790195,0.013681264959968882,0.011245330403887465,0.05161281906600062,-0.012923794797774255,0.00416784531772,0.020760747648361322,0.005967628677212052,0.03455272852569655,0.00024184629386935202,0.008972325798049356
mild_vertical,0.0,2.5,diagonal,11,3.8890872965260113,3.8890872965260113,5.5,3.8890872965260113,6.389087296526011,7.479668206720807,exact_true_distance,3.8890872965260113,6.389087296526011,2.220446049250313e-16,1.7053025658242404e-13,1.1368683772161603e-13,0.0,1.5631940186722204e-13,0.0,0.9999999999999962,1.0000000000000009,0.9999999999999953,1.5972006762271345e-16,1.1102230246251565e-16,9.155133597044475e-16,5.355657241187713e-17,7.087322621707484e-17,6.250099457093125e-16,7.894524569397393e-17,4.443059973708341e-16,1.1102230246251565e-16,2.220446049250313e-16
mild_vertical,0.0,2.5,diagonal,11,3.8890872965260113,3.8890872965260113,5.5,3.8890872965260113,6.389087296526011,7.479668206720807,exact_distance_minus_5cm,3.8890872965260113,6.389087296526011,0.6560849942599566,3.694822225952521e-13,2.4868995751603507e-13,0.0,3.552713678800501e-13,0.0,0.44444444444444464,0.666666666666671,0.6666666666666626,0.6904641539718186,0.7032754253988326,1.1560593664950125,-0.6904641539718186,6.39123313727969e-17,5.551115123125783e-16,0.3333333333333333,1.010903638595583,0.2088329234307261,0.6560849942599566
mild_vertical,0.0,2.5,diagonal,11,3.8890872965260113,3.8890872965260113,5.5,3.8890872965260113,6.389087296526011,7.479668206720807,exact_distance_plus_5cm,3.8890872965260113,6.389087296526011,0.656084994259956,3.694822225952521e-13,2.4868995751603507e-13,0.0,3.552713678800501e-13,0.0,1.7777777777777786,1.333333333333342,1.3333333333333253,0.6904641539718188,0.7032754253988325,1.156059366495013,0.6904641539718188,1.242329286241558e-16,8.881784197001252e-16,0.33333333333333337,1.0109036385955832,0.20883292343072626,0.656084994259956
mild_vertical,0.0,2.5,diagonal,11,3.8890872965260113,3.8890872965260113,5.5,3.8890872965260113,6.389087296526011,7.479668206720807,planar_no_correction,3.8890872965260113,6.389087296526011,0.010956929229279492,0.5782332587873498,0.2166095326557098,0.4307411238960981,0.5092959685937899,0.0,0.9808086194980135,0.9966455777123905,0.9841097391404396,0.015986867973120766,0.013486744715795765,0.05799273109676079,-0.015069476554938432,0.0050151066537359405,0.023321661599301182,0.006657520894063764,0.039341402034815294,0.00036391663739375495,0.010956929229279492
mild_vertical,0.0,2.5,diagonal,12,4.242640687119285,4.242640687119285,5.999999999999999,4.242640687119285,6.742640687119285,7.966379568888016,exact_true_distance,4.242640687119285,6.742640687119285,2.220446049250313e-16,3.126388037344441e-13,1.4921397450962104e-13,3.126388037344441e-13,1.5631940186722204e-13,0.0,1.0000000000000129,1.000000000000009,1.0000000000000038,1.9238606412618353e-16,2.220446049250313e-16,9.930136612989092e-16,5.027770442710227e-17,9.472962199421439e-17,9.344177127978204e-16,8.802193913479012e-17,4.965068306494546e-16,2.220446049250313e-16,2.220446049250313e-16
mild_vertical,0.0,2.5,diagonal,12,4.242640687119285,4.242640687119285,5.999999999999999,4.242640687119285,6.742640687119285,7.966379568888016,exact_distance_minus_5cm,4.242640687119285,6.742640687119285,0.699247759520691,4.831690603168681e-13,2.2737367544323206e-13,4.831690603168681e-13,2.2737367544323206e-13,0.0,0.4444444444444502,0.6666666666666737,0.6666666666666682,0.7316683952168459,0.7449835756298898,1.201406472134641,-0.7316683952168458,7.374793485259163e-17,4.440892098500626e-16,0.3333333333333333,1.0558669968233527,0.24045978364766105,0.699247759520691
mild_vertical,0.0,2.5,diagonal,12,4.242640687119285,4.242640687119285,5.999999999999999,4.242640687119285,6.742640687119285,7.966379568888016,exact_distance_plus_5cm,4.242640687119285,6.742640687119285,0.6992477595206907,4.831690603168681e-13,2.2737367544323206e-13,4.831690603168681e-13,2.2737367544323206e-13,0.0,1.7777777777778005,1.3333333333333475,1.3333333333333364,0.7316683952168459,0.7449835756298896,1.2014064721346411,0.7316683952168459,1.4316164091333164e-16,9.992007221626409e-16,0.33333333333333337,1.0558669968233536,0.2404597836476606,0.6992477595206907
mild_vertical,0.0,2.5,diagonal,12,4.242640687119285,4.242640687119285,5.999999999999999,4.242640687119285,6.742640687119285,7.966379568888016,planar_no_correction,4.242640687119285,6.742640687119285,0.013224650070415492,0.6535513880054111,0.24928471931576013,0.4955752544297525,0.5706813156748751,0.0,0.9781284377424699,0.9960162550577428,0.9820406371638626,0.01858032787466354,0.01583465693426096,0.06489122377781989,-0.017477627349204338,0.006007823268159093,0.026084539051077115,0.007396057808591572,0.044609890253084754,0.0005553611845375994,0.013224650070415492
mild_vertical,0.0,2.5,diagonal,13,4.596194077712559,4.596194077712559,6.5,4.596194077712559,7.096194077712559,8.454641943250039,exact_true_distance,4.596194077712559,7.096194077712559,2.220446049250313e-16,5.115907697472721e-13,1.9895196601282805e-13,3.126388037344441e-13,1.5631940186722204e-13,0.0,1.0000000000000018,1.000000000000007,0.9999999999999947,2.469265370184935e-16,2.220446049250313e-16,1.2560739669470201e-15,8.735976587551339e-17,1.1929500829481845e-16,9.724599565494913e-16,1.0422180963867945e-16,6.280369834735101e-16,1.1443916996305594e-16,2.220446049250313e-16
mild_vertical,0.0,2.5,diagonal,13,4.596194077712559,4.596194077712559,6.5,4.596194077712559,7.096194077712559,8.454641943250039,exact_distance_minus_5cm,4.596194077712559,7.096194077712559,0.7426380408154277,2.5579538487363607e-13,1.6342482922482304e-13,0.0,2.4158453015843406e-13,0.0,0.4444444444444465,0.6666666666666708,0.6666666666666655,0.7733584083009902,0.7870065661581576,1.2469463406331363,-0.7733584083009902,8.600348274117019e-17,5.551115123125783e-16,0.3333333333333333,1.1003911753391826,0.27543077063409604,0.7426380408154277
mild_vertical,0.0,2.5,diagonal,13,4.596194077712559,4.596194077712559,6.5,4.596194077712559,7.096194077712559,8.454641943250039,exact_distance_plus_5cm,4.596194077712559,7.096194077712559,0.742638040815428,2.5579538487363607e-13,1.6342482922482304e-13,0.0,2.4158453015843406e-13,0.0,1.7777777777777857,1.3333333333333417,1.333333333333331,0.7733584083009906,0.7870065661581591,1.2469463406331371,0.7733584083009906,1.696417149130728e-16,9.992007221626409e-16,0.3333333333333334,1.1003911753391833,0.27543077063409616,0.742638040815428
mild_vertical,0.0,2.5,diagonal,13,4.596194077712559,4.596194077712559,6.5,4.596194077712559,7.096194077712559,8.454641943250039,planar_no_correction,4.596194077712559,7.096194077712559,0.015795421191870388,0.7333064621570031,0.28410802118082756,0.5646364889311144,0.635455372972487,0.0,0.9752682326058777,0.9953336046281515,0.9798405560417404,0.021481414875500777,0.018613868956850705,0.0723303748516478,-0.020166467094504058,0.0071302907068912244,0.02905719365234076,0.008183162251594156,0.05026533198393927,0.000833887052185961,0.015795421191870388
mild_vertical,0.0,2.5,diagonal,14,4.949747468305833,4.949747468305833,7.0,4.949747468305833,7.449747468305833,8.944201324966313,exact_true_distance,4.949747468305833,7.449747468305833,3.1401849173675503e-16,6.536993168992922e-13,3.197442310920451e-13,3.410605131648481e-13,3.126388037344441e-13,0.0,1.0000000000000073,1.0000000000000124,0.9999999999999949,2.033444273974856e-16,2.220446049250313e-16,1.336885555457667e-15,7.411006337102255e-17,1.0316414129122823e-16,9.756931403304599e-16,8.20552950906972e-17,4.965068306494546e-16,1.1102230246251565e-16,3.1401849173675503e-16
mild_vertical,0.0,2.5,diagonal,14,4.949747468305833,4.949747468305833,7.0,4.949747468305833,7.449747468305833,8.944201324966313,exact_distance_minus_5cm,4.949747468305833,7.449747468305833,0.7862398439421387,2.2737367544323206e-13,1.6342482922482304e-13,0.0,2.2737367544323206e-13,0.0,0.4444444444444465,0.6666666666666708,0.6666666666666655,0.8154702786552328,0.8283813992453858,1.2926830386231716,-0.8154702786552328,8.187151795960498e-17,5.551115123125783e-16,0.3333333333333333,1.1438588813476238,0.312641067908864,0.7862398439421387
mild_vertical,0.0,2.5,diagonal,14,4.949747468305833,4.949747468305833,7.0,4.949747468305833,7.449747468305833,8.944201324966313,exact_distance_plus_5cm,4.949747468305833,7.449747468305833,0.7862398439421397,2.2737367544323206e-13,1.6342482922482304e-13,0.0,2.2737367544323206e-13,0.0,1.7777777777777857,1.3333333333333417,1.333333333333331,0.815470278655233,0.8283813992453863,1.2926830386231731,0.815470278655233,1.6371826889754222e-16,1.1102230246251565e-15,0.33333333333333337,1.1438588813476238,0.31264106790886365,0.7862398439421397
mild_vertical,0.0,2.5,diagonal,14,4.949747468305833,4.949747468305833,7.0,4.949747468305833,7.449747468305833,8.944201324966313,planar_no_correction,4.949747468305833,7.449747468305833,0.018689320735102235,0.81750217234827,0.321074747716402,0.637910263076833,0.7036317312511073,0.0,0.9722294084690204,0.9945976945376107,0.9775102172552397,0.0247100767240464,0.021711206481266163,0.08033251327176223,-0.023154469112109336,0.008383383490380886,0.032247464492198154,0.009018758000586751,0.05644330634820144,0.0012173908518401885,0.018689320735102235
mild_vertical,0.0,2.5,diagonal,15,5.303300858899106,5.303300858899106,7.499999999999999,5.303300858899106,7.803300858899106,9.434855817366556,exact_true_distance,5.303300858899106,7.803300858899106,0.0,7.673861546209082e-13,3.197442310920451e-13,6.394884621840902e-13,0.0,0.0,0.9999999999999907,1.000000000000003,0.9999999999999876,2.2397263410477263e-16,2.220446049250313e-16,1.3322676295501878e-15,-2.3132995758231513e-17,1.2163607610410275e-16,9.306575035507271e-16,8.641688305960341e-17,4.965068306494546e-16,0.0,0.0
mild_vertical,0.0,2.5,diagonal,15,5.303300858899106,5.303300858899106,7.499999999999999,5.303300858899106,7.803300858899106,9.434855817366556,exact_distance_minus_5cm,5.303300858899106,7.803300858899106,0.83004176862212,5.115907697472721e-13,2.2737367544323206e-13,4.831690603168681e-13,1.1368683772161603e-13,0.0,0.44444444444444464,0.66666666666667,0.6666666666666636,0.8579565607660891,0.8707278266508647,1.338621086526189,-0.8579565607660891,8.937592552492523e-17,5.551115123125783e-16,0.33333333333333337,1.1890822293603285,0.35139663630145174,0.83004176862212
mild_vertical,0.0,2.5,diagonal,15,5.303300858899106,5.303300858899106,7.499999999999999,5.303300858899106,7.803300858899106,9.434855817366556,exact_distance_plus_5cm,5.303300858899106,7.803300858899106,0.8300417686221201,5.115907697472721e-13,2.2737367544323206e-13,4.831690603168681e-13,1.1368683772161603e-13,0.0,1.7777777777777786,1.33333333333334,1.3333333333333273,0.857956560766089,0.8707278266508648,1.3386210865261878,0.857956560766089,1.752762123424799e-16,1.2212453270876722e-15,0.3333333333333333,1.1890822293603287,0.35139663630145174,0.8300417686221201
mild_vertical,0.0,2.5,diagonal,15,5.303300858899106,5.303300858899106,7.499999999999999,5.303300858899106,7.803300858899106,9.434855817366556,planar_no_correction,5.303300858899106,7.803300858899106,0.021926578910747212,0.9061424152854727,0.3601799478780947,0.7153812686406695,0.7752247108212202,0.0,0.9690134557211104,0.993808580331657,0.9750504019574152,0.02828644635955223,0.025169480920739305,0.08892023044693742,-0.02646033619754591,0.009774688177448953,0.035663217023258406,0.009902780021821366,0.06313141268108996,0.0017240810132316132,0.021926578910747212
mild_vertical,0.0,2.5,diagonal,16,5.65685424949238,5.65685424949238,7.999999999999999,5.65685424949238,8.15685424949238,9.926443030988587,exact_true_distance,5.65685424949238,8.15685424949238,4.440892098500626e-16,6.821210263296962e-13,3.268496584496461e-13,6.252776074688882e-13,1.5631940186722204e-13,0.0,1.0000000000000184,1.0000000000000153,1.000000000000003,2.225348830413898e-16,2.220446049250313e-16,1.4043333874306805e-15,5.326638139744637e-17,1.2380617580592974e-16,8.523702609948506e-16,8.36223710779975e-17,4.965068306494546e-16,2.220446049250313e-16,4.440892098500626e-16
mild_vertical,0.0,2.5,diagonal,16,5.65685424949238,5.65685424949238,7.999999999999999,5.65685424949238,8.15685424949238,9.926443030988587,exact_distance_minus_5cm,5.65685424949238,8.15685424949238,0.8740359117399833,5.684341886080801e-13,2.4158453015843406e-13,4.547473508864641e-13,4.831690603168681e-13,0.0,0.44444444444445386,0.6666666666666777,0.6666666666666697,0.9007815957019989,0.9130573519145524,1.384765403537792,-0.9007815957019989,9.71857930241474e-17,5.551115123125783e-16,0.33333333333333337,1.2334713786490066,0.391256137177308,0.8740359117399833
mild_vertical,0.0,2.5,diagonal,16,5.65685424949238,5.65685424949238,7.999999999999999,5.65685424949238,8.15685424949238,9.926443030988587,exact_distance_plus_5cm,5.65685424949238,8.15685424949238,0.8740359117399832,5.684341886080801e-13,2.4158453015843406e-13,4.547473508864641e-13,4.831690603168681e-13,0.0,1.7777777777778154,1.3333333333333555,1.3333333333333395,0.9007815957019989,0.9130573519145528,1.3847654035377934,0.9007815957019989,1.905409533636869e-16,1.1102230246251565e-15,0.33333333333333337,1.2334713786490066,0.391256137177308,0.8740359117399832
mild_vertical,0.0,2.5,diagonal,16,5.65685424949238,5.65685424949238,7.999999999999999,5.65685424949238,8.15685424949238,9.926443030988587,planar_no_correction,5.65685424949238,8.15685424949238,0.025527585681972345,0.9992312753462613,0.40141841518981636,0.7970334441514524,0.850249360164014,0.0,0.9656219497138967,0.9929663076330998,0.9724619478938988,0.032230848372078076,0.028962458055318385,0.09811639174434886,-0.030102988543336533,0.01131181718776024,0.03931234398040395,0.010835175991922167,0.07046207325105779,0.0023724868472111446,0.025527585681972345
mild_vertical,0.0,2.5,diagonal,17,6.010407640085654,6.010407640085654,8.5,6.010407640085654,8.510407640085653,10.418830942117653,exact_true_distance,6.010407640085654,8.510407640085653,0.0,1.2931877790833823e-12,6.252776074688882e-13,1.2789769243681803e-12,7.958078640513122e-13,0.0,0.9999999999999962,1.0000000000000095,0.9999999999999867,2.3106450397784855e-16,2.220446049250313e-16,9.930136612989092e-16,-1.729764842419274e-17,1.3160783165997116e-16,8.948022449205044e-16,8.230517008984239e-17,4.965068306494546e-16,2.482534153247273e-16,0.0
mild_vertical,0.0,2.5,diagonal,17,6.010407640085654,6.010407640085654,8.5,6.010407640085654,8.510407640085653,10.418830942117653,exact_distance_minus_5cm,6.010407640085654,8.510407640085653,0.9182170725753313,4.831690603168681e-13,2.2737367544323206e-13,4.831690603168681e-13,2.2737367544323206e-13,0.0,0.44444444444444275,0.6666666666666682,0.6666666666666626,0.9439183638319509,0.9561694348649838,1.4311212634975532,-0.9439183638319509,9.905157532311591e-17,6.661338147750939e-16,0.33333333333333337,1.2793584649475689,0.4319324165278449,0.9182170725753313
mild_vertical,0.0,2.5,diagonal,17,6.010407640085654,6.010407640085654,8.5,6.010407640085654,8.510407640085653,10.418830942117653,exact_distance_plus_5cm,6.010407640085654,8.510407640085653,0.918217072575331,4.831690603168681e-13,2.2737367544323206e-13,4.831690603168681e-13,2.2737367544323206e-13,0.0,1.777777777777771,1.3333333333333364,1.3333333333333253,0.9439183638319509,0.9561694348649832,1.431121263497555,0.9439183638319509,1.935295073115922e-16,1.0547118733938987e-15,0.3333333333333333,1.279358464947569,0.43193241652784525,0.918217072575331
mild_vertical,0.0,2.5,diagonal,17,6.010407640085654,6.010407640085654,8.5,6.010407640085654,8.510407640085653,10.418830942117653,planar_no_correction,6.010407640085654,8.510407640085653,0.02951289909879799,1.0967730057066802,0.4447846930898578,0.8828499652082655,0.9287214544219751,0.0,0.9620565496568421,0.9920709142107016,0.9697457468776421,0.03656380492590142,0.03305830557875162,0.10794414825881707,-0.034101559067841875,0.013002408054369297,0.04320276629517714,0.011815904894314977,0.07835233544602543,0.0031814053490087945,0.02951289909879799
mild_vertical,0.0,2.5,diagonal,18,6.363961030678928,6.363961030678928,9.0,6.363961030678928,8.863961030678928,10.911911159526301,exact_true_distance,6.363961030678928,8.863961030678928,0.0,6.821210263296962e-13,3.055333763768431e-13,6.252776074688882e-13,4.831690603168681e-13,0.0,0.9999999999999851,0.9999999999999987,0.9999999999999865,2.8105210454775913e-16,2.220446049250313e-16,9.930136612989092e-16,6.929913941238537e-17,1.5601347643667655e-16,9.775420425544357e-16,9.573888015421057e-17,6.661338147750939e-16,2.220446049250313e-16,0.0
mild_vertical,0.0,2.5,diagonal,18,6.363961030678928,6.363961030678928,9.0,6.363961030678928,8.863961030678928,10.911911159526301,exact_distance_minus_5cm,6.363961030678928,8.863961030678928,0.9625821682683232,4.831690603168681e-13,2.3447910280083306e-13,4.547473508864641e-13,2.4158453015843406e-13,0.0,0.44444444444443537,0.6666666666666626,0.6666666666666571,0.9873463245381715,1.0000057916804093,1.4776942594051181,-0.9873463245381715,1.2059888417403545e-16,6.661338147750939e-16,0.3333333333333333,1.3255048405217034,0.47323388776154923,0.9625821682683232
mild_vertical,0.0,2.5,diagonal,18,6.363961030678928,6.363961030678928,9.0,6.363961030678928,8.863961030678928,10.911911159526301,exact_distance_plus_5cm,6.363961030678928,8.863961030678928,0.962582168268323,4.831690603168681e-13,2.3447910280083306e-13,4.547473508864641e-13,2.4158453015843406e-13,0.0,1.7777777777777413,1.3333333333333253,1.3333333333333142,0.9873463245381715,1.0000057916804088,1.4776942594051194,0.9873463245381715,2.3309069658883605e-16,1.3322676295501878e-15,0.33333333333333337,1.3255048405217038,0.473233887761549,0.962582168268323
mild_vertical,0.0,2.5,diagonal,18,6.363961030678928,6.363961030678928,9.0,6.363961030678928,8.863961030678928,10.911911159526301,planar_no_correction,6.363961030678928,8.863961030678928,0.03390325413230017,1.1987720085005975,0.49027308054771623,0.9728132344780533,1.0106574937261144,0.0,0.9583189974545435,0.9911224316087273,0.9669027426803979,0.041306041781439616,0.03759911709846212,0.11842694885680799,-0.03847539349191309,0.014854122910630154,0.04734243400566638,0.012844934968250236,0.08682474817144051,0.004169847302951403,0.03390325413230017
mild_vertical,0.0,2.5,diagonal,19,6.717514421272201,6.717514421272201,9.499999999999998,6.717514421272201,9.2175144212722,11.40559389538138,exact_true_distance,6.717514421272201,9.2175144212722,4.965068306494546e-16,7.673861546209082e-13,3.197442310920451e-13,6.252776074688882e-13,6.394884621840902e-13,0.0,0.9999999999999907,1.000000000000003,0.9999999999999876,2.726117479224332e-16,2.220446049250313e-16,1.3506446028928519e-15,9.184814494487036e-17,1.5703038326984893e-16,9.423206611034174e-16,9.001655301483042e-17,8.881784197001252e-16,4.577566798522237e-16,4.965068306494546e-16
mild_vertical,0.0,2.5,diagonal,19,6.717514421272201,6.717514421272201,9.499999999999998,6.717514421272201,9.2175144212722,11.40559389538138,exact_distance_minus_5cm,6.717514421272201,9.2175144212722,1.0071297980728757,5.684341886080801e-13,2.4158453015843406e-13,4.547473508864641e-13,4.831690603168681e-13,0.0,0.4444444444444465,0.6666666666666722,0.6666666666666642,1.0310498974043272,1.0426949368943002,1.5244902748596794,-1.0310498974043272,1.1364760675929436e-16,7.771561172376096e-16,0.3333333333333333,1.3718403860968995,0.5150296717723407,1.0071297980728757
mild_vertical,0.0,2.5,diagonal,19,6.717514421272201,6.717514421272201,9.499999999999998,6.717514421272201,9.2175144212722,11.40559389538138,exact_distance_plus_5cm,6.717514421272201,9.2175144212722,1.0071297980728762,5.684341886080801e-13,2.4158453015843406e-13,4.547473508864641e-13,4.831690603168681e-13,0.0,1.7777777777777857,1.3333333333333444,1.3333333333333284,1.0310498974043274,1.0426949368943013,1.5244902748596796,1.0310498974043272,2.246864205695885e-16,1.3322676295501878e-15,0.33333333333333337,1.3718403860968997,0.5150296717723399,1.0071297980728762
mild_vertical,0.0,2.5,diagonal,19,6.717514421272201,6.717514421272201,9.499999999999998,6.717514421272201,9.2175144212722,11.40559389538138,planar_no_correction,6.717514421272201,9.2175144212722,0.03871957191094496,1.305232813992987,0.5378776379519152,1.066904871399629,1.096074701337045,0.0,0.9544111164872237,0.9901208864408132,0.9639339292377164,0.046478494735873406,0.04266890518124392,0.1295885525050811,-0.04324405357561391,0.016874648236288578,0.051739327161770196,0.01392224175233321,0.09571642085569873,0.005356999154423604,0.03871957191094496
mild_vertical,0.0,2.5,diagonal,20,7.071067811865475,7.071067811865475,10.0,7.071067811865475,9.571067811865476,11.899804160545138,exact_true_distance,7.071067811865475,9.571067811865476,4.965068306494546e-16,7.673861546209082e-13,3.126388037344441e-13,6.394884621840902e-13,6.252776074688882e-13,0.0,1.000000000000035,1.0000000000000253,1.0000000000000098,2.6192247508554804e-16,2.220446049250313e-16,9.930136612989092e-16,7.334661581658885e-17,1.3977455447370762e-16,9.469012003490158e-16,8.160881769850443e-17,6.280369834735101e-16,0.0,4.965068306494546e-16
mild_vertical,0.0,2.5,diagonal,20,7.071067811865475,7.071067811865475,10.0,7.071067811865475,9.571067811865476,11.899804160545138,exact_distance_minus_5cm,7.071067811865475,9.571067811865476,1.0518599145256793,2.5579538487363607e-13,1.6342482922482304e-13,0.0,2.4158453015843406e-13,0.0,0.4444444444444613,0.666666666666682,0.6666666666666766,1.0750173694651561,1.08605068489275,1.5715154610860194,-1.0750173694651561,1.153152528849211e-16,6.661338147750939e-16,0.3333333333333333,1.4182531192615044,0.557228503959253,1.0518599145256793
mild_vertical,0.0,2.5,diagonal,20,7.071067811865475,7.071067811865475,10.0,7.071067811865475,9.571067811865476,11.899804160545138,exact_distance_plus_5cm,7.071067811865475,9.571067811865476,1.0518599145256788,2.5579538487363607e-13,1.6342482922482304e-13,0.0,2.4158453015843406e-13,0.0,1.777777777777845,1.333333333333364,1.3333333333333532,1.0750173694651564,1.086050684892751,1.5715154610860202,1.0750173694651564,2.2719614543191784e-16,1.2212453270876722e-15,0.33333333333333337,1.4182531192615049,0.5572285039592532,1.0518599145256788
mild_vertical,0.0,2.5,diagonal,20,7.071067811865475,7.071067811865475,10.0,7.071067811865475,9.571067811865476,11.899804160545138,planar_no_correction,7.071067811865475,9.571067811865476,0.043982969295992595,1.4161600587739827,0.5875921932865893,1.1651057016517825,1.1849910215916566,0.0,0.950334810335276,0.9890663014260656,0.9608403490898988,0.05210231660954361,0.04815609143800896,0.14145304089491115,-0.04842732254101083,0.01907169483402622,0.05640145672569652,0.015047806418636683,0.10514068785370315,0.006762199907774709,0.043982969295992595
mild_diagonal,2.5,2.5,horizontal,0,0.0,0.0,0.0,2.5,2.5,3.5355339059327378,exact_true_distance,2.5,2.5,0.0,8.526512829121202e-14,5.684341886080802e-14,0.0,8.526512829121202e-14,0.0,1.0000000000000044,1.0000000000000036,1.0000000000000009,6.459383218040467e-17,5.551115123125783e-17,4.577566798522237e-16,-5.8183353026120645e-18,3.271534460877572e-17,3.751967237598433e-16,6.276165691995438e-17,2.220446049250313e-16,5.551115123125783e-17,0.0
mild_diagonal,2.5,2.5,horizontal,0,0.0,0.0,0.0,2.5,2.5,3.5355339059327378,exact_distance_minus_5cm,2.5,2.5,0.3088765840464717,1.1368683772161603e-13,5.684341886080802e-14,1.1368683772161603e-13,5.684341886080802e-14,0.0,0.4444444444444465,0.666666666666669,0.6666666666666674,0.38636601821134264,0.4013186984618008,0.8082567726407253,-0.38636601821134264,3.062339033290408e-17,3.885780586188048e-16,0.33333333333333337,0.6649383353840974,0.18519416599597935,0.3088765840464717
mild_diagonal,2.5,2.5,horizontal,0,0.0,0.0,0.0,2.5,2.5,3.5355339059327378,exact_distance_plus_5cm,2.5,2.5,0.3088765840464716,1.1368683772161603e-13,5.684341886080802e-14,1.1368683772161603e-13,5.684341886080802e-14,0.0,1.7777777777777857,1.333333333333338,1.3333333333333348,0.3863660182113426,0.401318698461801,0.808256772640725,0.3863660182113426,6.133243328240903e-17,8.326672684688674e-16,0.33333333333333337,0.6649383353840974,0.18519416599597938,0.3088765840464716
mild_diagonal,2.5,2.5,horizontal,0,0.0,0.0,0.0,2.5,2.5,3.5355339059327378,planar_no_correction,2.5,2.5,0.001119622912454363,0.11540641718050892,0.05452895003590186,0.10901351313555097,0.0818900523709658,0.0,0.995248990874609,0.9986839211534385,0.9965605431247334,0.0036531376154040228,0.002532169632839711,0.019804731517968747,-0.0034840275374228295,0.0009824886691974927,0.007759762845106552,0.0023441116362832915,0.011081386416259857,0.0002416672874087622,0.001119622912454363
mild_diagonal,2.5,2.5,horizontal,1,0.5,0.0,0.5,3.0,2.5,3.905124837953327,exact_true_distance,3.0,2.5,1.1102230246251565e-16,1.9895196601282805e-13,7.105427357601002e-14,1.5631940186722204e-13,0.0,0.0,1.0000000000000044,1.0000000000000042,1.0000000000000002,9.769316821460247e-17,5.551115123125783e-17,4.965068306494546e-16,-2.8939227796790744e-18,3.731090986623208e-17,3.3726323508156357e-16,7.342831538490563e-17,2.482534153247273e-16,0.0,1.1102230246251565e-16
mild_diagonal,2.5,2.5,horizontal,1,0.5,0.0,0.5,3.0,2.5,3.905124837953327,exact_distance_minus_5cm,3.0,2.5,0.34125097073082955,1.4210854715202004e-14,0.0,0.0,0.0,0.0,0.4444444444444465,0.6666666666666682,0.6666666666666682,0.409660932787759,0.42888349921384067,0.8404326012023879,-0.409660932787759,3.273065109313289e-17,3.3306690738754696e-16,0.33333333333333337,0.6968858897846907,0.15736825437682442,0.34125097073082955
mild_diagonal,2.5,2.5,horizontal,1,0.5,0.0,0.5,3.0,2.5,3.905124837953327,exact_distance_plus_5cm,3.0,2.5,0.34125097073082955,1.4210854715202004e-14,0.0,0.0,0.0,0.0,1.7777777777777857,1.3333333333333364,1.3333333333333364,0.409660932787759,0.4288834992138408,0.8404326012023882,0.409660932787759,6.539009699897108e-17,6.106226635438361e-16,0.3333333333333333,0.6968858897846912,0.1573682543768243,0.34125097073082955
mild_diagonal,2.5,2.5,horizontal,1,0.5,0.0,0.5,3.0,2.5,3.905124837953327,planar_no_correction,3.0,2.5,0.0014980118893705987,0.13253662991803594,0.06544827631756078,0.1308527195130864,0.0808071710215188,0.0,0.9939982342667045,0.998164657962932,0.9958259154308965,0.004265869371569103,0.003067862805965256,0.02216019600567369,-0.0040745197067437655,0.0011213343424227762,0.008471498259532124,0.002611223981631737,0.012649850088768112,0.00015191899367293023,0.0014980118893705987
mild_diagonal,2.5,2.5,horizontal,2,1.0,0.0,1.0,3.5,2.5,4.301162633521313,exact_true_distance,3.5,2.5,1.1102230246251565e-16,2.5579538487363607e-13,1.0658141036401503e-13,1.5631940186722204e-13,2.2737367544323206e-13,0.0,1.0000000000000073,1.0000000000000067,1.0000000000000007,6.604664775950172e-17,2.7755575615628914e-17,4.965068306494546e-16,3.3481060474622887e-18,3.565660955006439e-17,3.892546008740802e-16,5.556732193211354e-17,2.220446049250313e-16,0.0,1.1102230246251565e-16
mild_diagonal,2.5,2.5,horizontal,2,1.0,0.0,1.0,3.5,2.5,4.301162633521313,exact_distance_minus_5cm,3.5,2.5,0.3759745726058634,2.8421709430404007e-13,1.1368683772161603e-13,2.4158453015843406e-13,2.2737367544323206e-13,0.0,0.4444444444444483,0.6666666666666715,0.6666666666666676,0.43672910144570304,0.45652908818264004,0.8737662756994194,-0.43672910144570304,3.5424064699497834e-17,3.885780586188048e-16,0.33333333333333337,0.7326720546098656,0.13801385181811884,0.3759745726058634
mild_diagonal,2.5,2.5,horizontal,2,1.0,0.0,1.0,3.5,2.5,4.301162633521313,exact_distance_plus_5cm,3.5,2.5,0.3759745726058637,2.8421709430404007e-13,1.1368683772161603e-13,2.4158453015843406e-13,2.2737367544323206e-13,0.0,1.777777777777793,1.333333333333343,1.3333333333333353,0.4367291014457031,0.4565290881826399,0.8737662756994197,0.43672910144570304,7.015981258848018e-17,8.326672684688674e-16,0.33333333333333337,0.732672054609866,0.13801385181811873,0.3759745726058637
mild_diagonal,2.5,2.5,horizontal,2,1.0,0.0,1.0,3.5,2.5,4.301162633521313,planar_no_correction,3.5,2.5,0.001997715951259475,0.15271187377334172,0.07635907323233937,0.15271187377334172,0.07753579628007401,0.0,0.9925216437542029,0.9975825194723188,0.9949268600648769,0.005020044046841888,0.003664352709306504,0.024804649413354054,-0.004803317401480406,0.0012881438893251234,0.009212503142826376,0.002927744893494484,0.014681718814088885,0.00010475132281904182,0.001997715951259475
mild_diagonal,2.5,2.5,horizontal,3,1.5,0.0,1.5,4.0,2.5,4.716990566028302,exact_true_distance,4.0,2.5,0.0,3.126388037344441e-13,2.2737367544323206e-13,0.0,3.126388037344441e-13,0.0,1.0000000000000129,1.000000000000012,1.0000000000000009,9.684076988553833e-17,5.551115123125783e-17,4.965068306494546e-16,9.35235122380828e-19,4.102212708034215e-17,3.948005709088479e-16,6.756005822968891e-17,2.482534153247273e-16,0.0,0.0
mild_diagonal,2.5,2.5,horizontal,3,1.5,0.0,1.5,4.0,2.5,4.716990566028302,exact_distance_minus_5cm,4.0,2.5,0.41247297499322017,3.126388037344441e-13,2.1316282072803006e-13,0.0,3.126388037344441e-13,0.0,0.4444444444444492,0.6666666666666737,0.6666666666666667,0.4672138319845406,0.48546044315151415,0.9081499407117001,-0.4672138319845406,3.741007024947842e-17,3.3306690738754696e-16,0.33333333333333337,0.765392132753013,0.13092960784593466,0.41247297499322017
mild_diagonal,2.5,2.5,horizontal,3,1.5,0.0,1.5,4.0,2.5,4.716990566028302,exact_distance_plus_5cm,4.0,2.5,0.41247297499322005,3.126388037344441e-13,2.1316282072803006e-13,0.0,3.126388037344441e-13,0.0,1.7777777777777966,1.3333333333333475,1.3333333333333335,0.4672138319845406,0.4854604431515143,0.9081499407116999,0.4672138319845406,7.492024054486388e-17,7.771561172376096e-16,0.3333333333333333,0.7653921327530127,0.1309296078459346,0.41247297499322005
mild_diagonal,2.5,2.5,horizontal,3,1.5,0.0,1.5,4.0,2.5,4.716990566028302,planar_no_correction,4.0,2.5,0.002639244132429373,0.17588025300736376,0.08727436746474382,0.17459433125350188,0.0720729218188012,0.0,0.99082000569971,0.9969399791227607,0.9938612418488466,0.005930085936375151,0.004447889513940427,0.027759790389032216,-0.005685612908732553,0.0014822847885932824,0.009984677995658777,0.003293983593271159,0.016820654972030773,8.974183907972666e-05,0.002639244132429373
mild_diagonal,2.5,2.5,horizontal,4,2.0,0.0,2.0,4.5,2.5,5.1478150704935,exact_true_distance,4.5,2.5,1.1102230246251565e-16,3.410605131648481e-13,1.5631940186722204e-13,3.410605131648481e-13,1.7053025658242404e-13,0.0,1.0000000000000018,1.0000000000000036,0.9999999999999982,8.758328815176191e-17,5.551115123125783e-17,4.965068306494546e-16,3.680019185108208e-18,4.572209934298301e-17,4.505044135749197e-16,5.924838267865981e-17,4.440892098500626e-16,0.0,1.1102230246251565e-16
mild_diagonal,2.5,2.5,horizontal,4,2.0,0.0,2.0,4.5,2.5,5.1478150704935,exact_distance_minus_5cm,4.5,2.5,0.4503344312700001,2.8421709430404007e-13,1.1368683772161603e-13,2.2737367544323206e-13,0.0,0.0,0.44444444444444464,0.6666666666666687,0.6666666666666649,0.5004258210212961,0.5167742117470087,0.9434891401223024,-0.5004258210212961,4.4362895603073744e-17,3.885780586188048e-16,0.33333333333333337,0.8020987043931239,0.13801385181811884,0.4503344312700001
mild_diagonal,2.5,2.5,horizontal,4,2.0,0.0,2.0,4.5,2.5,5.1478150704935,exact_distance_plus_5cm,4.5,2.5,0.4503344312700002,2.8421709430404007e-13,1.1368683772161603e-13,2.2737367544323206e-13,0.0,0.0,1.7777777777777786,1.3333333333333375,1.3333333333333297,0.5004258210212961,0.516774211747009,0.9434891401223028,0.5004258210212961,8.782489079298403e-17,8.326672684688674e-16,0.3333333333333333,0.8020987043931241,0.13801385181811873,0.4503344312700002
mild_diagonal,2.5,2.5,horizontal,4,2.0,0.0,2.0,4.5,2.5,5.1478150704935,planar_no_correction,4.5,2.5,0.0034430244119258756,0.20204998958240594,0.09819738073289841,0.19650346152786824,0.06441520213294893,0.0,0.9888942260379191,0.9962361532961755,0.9926303344503564,0.007012121992104279,0.00534755814213227,0.03104755100233838,-0.00673856550939732,0.0017001420021341186,0.010789701047170324,0.003710183466302152,0.01923279239279307,0.00010475132281904182,0.0034430244119258756
mild_diagonal,2.5,2.5,horizontal,5,2.5,0.0,2.5,5.0,2.5,5.5901699437494745,exact_true_distance,5.0,2.5,2.482534153247273e-16,3.410605131648481e-13,1.7053025658242404e-13,3.126388037344441e-13,2.2737367544323206e-13,0.0,1.0000000000000044,1.0000000000000053,0.9999999999999991,1.0067568112370763e-16,5.551115123125783e-17,4.965068306494546e-16,8.122144953183947e-18,4.576084605518821e-17,4.037237054320749e-16,6.49441345558575e-17,2.482534153247273e-16,0.0,2.482534153247273e-16
mild_diagonal,2.5,2.5,horizontal,5,2.5,0.0,2.5,5.0,2.5,5.5901699437494745,exact_distance_minus_5cm,5.0,2.5,0.4892631025345735,2.8421709430404007e-13,1.2079226507921703e-13,2.4158453015843406e-13,0.0,0.0,0.4444444444444483,0.6666666666666715,0.6666666666666676,0.5354990338129108,0.5482957486545956,0.9797014653683586,-0.5354990338129108,4.247750607861828e-17,3.3306690738754696e-16,0.33333333333333337,0.8403515049589874,0.15736825437682442,0.4892631025345735
mild_diagonal,2.5,2.5,horizontal,5,2.5,0.0,2.5,5.0,2.5,5.5901699437494745,exact_distance_plus_5cm,5.0,2.5,0.4892631025345731,2.8421709430404007e-13,1.2079226507921703e-13,2.4158453015843406e-13,0.0,0.0,1.777777777777793,1.333333333333343,1.3333333333333353,0.5354990338129108,0.5482957486545956,0.9797014653683583,0.5354990338129108,8.398703439372304e-17,7.771561172376096e-16,0.33333333333333337,0.8403515049589872,0.1573682543768243,0.4892631025345731
mild_diagonal,2.5,2.5,horizontal,5,2.5,0.0,2.5,5.0,2.5,5.5901699437494745,planar_no_correction,5.0,2.5,0.004429430313962211,0.230917258331516,0.1091333631436271,0.21844265049446676,0.05455895154462098,0.0,0.9867453296745279,0.9954687121295512,0.9912369094591008,0.008283668874776341,0.006400072574845998,0.034690043783299374,-0.007980783163653972,0.0019289109788443572,0.011629048625458998,0.00417655172036588,0.02216019600567369,0.00015191899367293023,0.004429430313962211
mild_diagonal,2.5,2.5,horizontal,6,3.0,0.0,3.0,5.5,2.5,6.041522986797286,exact_true_distance,5.5,2.5,0.0,3.410605131648481e-13,1.5631940186722204e-13,1.5631940186722204e-13,1.5631940186722204e-13,0.0,1.0000000000000044,1.0000000000000067,0.9999999999999979,9.758749574023815e-17,5.551115123125783e-17,6.280369834735101e-16,-5.743481239388669e-18,5.2130592122939914e-17,5.878072089519971e-16,5.668316559220635e-17,4.440892098500626e-16,5.551115123125783e-17,0.0
mild_diagonal,2.5,2.5,horizontal,6,3.0,0.0,3.0,5.5,2.5,6.041522986797286,exact_distance_minus_5cm,5.5,2.5,0.5290447275127432,3.694822225952521e-13,1.9895196601282805e-13,1.1368683772161603e-13,2.4158453015843406e-13,0.0,0.44444444444444553,0.6666666666666711,0.6666666666666639,0.5719807039808305,0.5820082014809669,1.01671523497289,-0.5719807039808305,5.0954019244396686e-17,3.885780586188048e-16,0.33333333333333337,0.8788582523671655,0.18519416599597935,0.5290447275127432
mild_diagonal,2.5,2.5,horizontal,6,3.0,0.0,3.0,5.5,2.5,6.041522986797286,exact_distance_plus_5cm,5.5,2.5,0.529044727512743,3.694822225952521e-13,1.9895196601282805e-13,1.1368683772161603e-13,2.4158453015843406e-13,0.0,1.7777777777777821,1.3333333333333421,1.3333333333333277,0.5719807039808303,0.5820082014809669,1.0167152349728903,0.5719807039808303,1.0054998013401319e-16,8.326672684688674e-16,0.3333333333333333,0.8788582523671652,0.18519416599597938,0.529044727512743
mild_diagonal,2.5,2.5,horizontal,6,3.0,0.0,3.0,5.5,2.5,6.041522986797286,planar_no_correction,5.5,2.5,0.00561885890506285,0.2628563327202471,0.1200280767762294,0.24041530248541676,0.042500143190522977,0.0,0.9843744598063603,0.9946351395905491,0.9896839761880796,0.009763297689046381,0.007579780820518335,0.03870954131674923,-0.00943168231650459,0.0021695918987649524,0.012504017150774666,0.004693383118608523,0.0254068453488965,0.0002416672874087622,0.00561885890506285
mild_diagonal,2.5,2.5,horizontal,7,3.5,0.0,3.5,6.0,2.5,6.5,exact_true_distance,6.0,2.5,2.482534153247273e-16,2.5579538487363607e-13,1.0658141036401503e-13,1.5631940186722204e-13,2.2737367544323206e-13,0.0,0.9999999999999962,1.000000000000001,0.9999999999999951,1.1961195451102987e-16,1.1102230246251565e-16,4.965068306494546e-16,2.899959797333114e-17,5.192911744330076e-17,4.32657085474405e-16,6.767283156513888e-17,4.440892098500626e-16,0.0,2.482534153247273e-16
mild_diagonal,2.5,2.5,horizontal,7,3.5,0.0,3.5,6.0,2.5,6.5,exact_distance_minus_5cm,6.0,2.5,0.5695225339854131,2.5579538487363607e-13,1.2789769243681803e-13,2.4158453015843406e-13,1.7053025658242404e-13,0.0,0.44444444444444364,0.6666666666666676,0.6666666666666645,0.6095932864316573,0.6154948168463448,1.0544682537070662,-0.6095932864316573,4.9617632033575766e-17,4.440892098500626e-16,0.3333333333333333,0.9188329569797719,0.21828873179674352,0.5695225339854131
mild_diagonal,2.5,2.5,horizontal,7,3.5,0.0,3.5,6.0,2.5,6.5,exact_distance_plus_5cm,6.0,2.5,0.5695225339854139,2.5579538487363607e-13,1.2789769243681803e-13,2.4158453015843406e-13,1.7053025658242404e-13,0.0,1.7777777777777746,1.3333333333333353,1.333333333333329,0.6095932864316573,0.6154948168463452,1.0544682537070666,0.6095932864316573,9.874611538921399e-17,8.881784197001252e-16,0.3333333333333333,0.9188329569797727,0.21828873179674343,0.5695225339854139
mild_diagonal,2.5,2.5,horizontal,7,3.5,0.0,3.5,6.0,2.5,6.5,planar_no_correction,6.0,2.5,0.007031795675474006,0.2973656364119961,0.13099456065259574,0.2624248423946369,0.028234407990140653,0.0,0.9817828771629086,0.9937332717310989,0.9879742432822315,0.011470376971187683,0.009023215489529224,0.04312847751048391,-0.011111181965588062,0.002423117005362533,0.013415744985314513,0.005260996055507251,0.028987403227883457,0.00039194216222200324,0.007031795675474006
mild_diagonal,2.5,2.5,horizontal,8,4.0,0.0,4.0,6.5,2.5,6.96419413859206,exact_true_distance,6.5,2.5,0.0,8.526512829121202e-14,5.684341886080802e-14,0.0,7.105427357601002e-14,0.0,1.0000000000000044,1.0000000000000036,1.0000000000000009,1.0893242533406238e-16,2.7755575615628914e-17,6.280369834735101e-16,-8.891209532636713e-19,5.387865160813492e-17,5.878072089519971e-16,5.2394830033063766e-17,4.440892098500626e-16,0.0,0.0
mild_diagonal,2.5,2.5,horizontal,8,4.0,0.0,4.0,6.5,2.5,6.96419413859206,exact_distance_minus_5cm,6.5,2.5,0.6105806004130442,2.5579538487363607e-13,1.1368683772161603e-13,1.1368683772161603e-13,1.1368683772161603e-13,0.0,0.44444444444444553,0.6666666666666696,0.6666666666666653,0.6481428605392924,0.6507543615704651,1.0929066765365,-0.6481428605392924,5.4083951607655254e-17,3.885780586188048e-16,0.33333333333333337,0.958938908161469,0.25462165872192,0.6105806004130442
mild_diagonal,2.5,2.5,horizontal,8,4.0,0.0,4.0,6.5,2.5,6.96419413859206,exact_distance_plus_5cm,6.5,2.5,0.6105806004130439,2.5579538487363607e-13,1.1368683772161603e-13,1.1368683772161603e-13,1.1368683772161603e-13,0.0,1.7777777777777821,1.3333333333333393,1.3333333333333306,0.6481428605392924,0.6507543615704655,1.0929066765364999,0.6481428605392924,1.066839458337194e-16,8.326672684688674e-16,0.33333333333333337,0.9589389081614692,0.25462165872192,0.6105806004130439
mild_diagonal,2.5,2.5,horizontal,8,4.0,0.0,4.0,6.5,2.5,6.96419413859206,planar_no_correction,6.5,2.5,0.008688858148195922,0.3343575011722635,0.14188807132406112,0.2844747178402258,0.011757033610038548,0.0,0.97897195917011,0.9927614191460901,0.9861099961077849,0.013424899152072811,0.01067942263920256,0.047969462266684616,-0.013039571137740872,0.0026903363447325964,0.014365233082925422,0.0058797040127566026,0.03295776019324338,0.0006229211845807082,0.008688858148195922
mild_diagonal,2.5,2.5,horizontal,9,4.5,0.0,4.5,7.0,2.5,7.433034373659253,exact_true_distance,7.0,2.5,2.220446049250313e-16,1.9895196601282805e-13,8.526512829121202e-14,1.5631940186722204e-13,1.4210854715202004e-13,0.0,1.0000000000000044,1.0000000000000042,1.0000000000000002,1.377602216015727e-16,1.1102230246251565e-16,4.965068306494546e-16,3.196803324059858e-17,5.564870678070115e-17,4.32657085474405e-16,6.931467937219142e-17,4.440892098500626e-16,1.2412670766236366e-16,2.220446049250313e-16
mild_diagonal,2.5,2.5,horizontal,9,4.5,0.0,4.5,7.0,2.5,7.433034373659253,exact_distance_minus_5cm,7.0,2.5,0.6521323767110843,2.2737367544323206e-13,7.105427357601002e-14,1.1368683772161603e-13,5.684341886080802e-14,0.0,0.4444444444444483,0.6666666666666711,0.6666666666666681,0.6874857985243781,0.6894879056792792,1.1319839871521595,-0.6874857985243781,5.1393633878998776e-17,4.440892098500626e-16,0.3333333333333333,0.9995229269792495,0.2930085814163803,0.6521323767110843
mild_diagonal,2.5,2.5,horizontal,9,4.5,0.0,4.5,7.0,2.5,7.433034373659253,exact_distance_plus_5cm,7.0,2.5,0.6521323767110847,2.2737367544323206e-13,7.105427357601002e-14,1.1368683772161603e-13,5.684341886080802e-14,0.0,1.777777777777793,1.3333333333333421,1.3333333333333361,0.6874857985243781,0.6894879056792792,1.1319839871521602,0.6874857985243781,1.0136006813439499e-16,8.881784197001252e-16,0.33333333333333337,0.9995229269792498,0.29300858141638036,0.6521323767110847
mild_diagonal,2.5,2.5,horizontal,9,4.5,0.0,4.5,7.0,2.5,7.433034373659253,planar_no_correction,7.0,2.5,0.010610824145920981,0.37341055303679127,0.15291553222853338,0.3065684013504324,0.006937036588141154,0.0,0.9759431990367087,0.9917183222871291,0.9840931412721715,0.015647354847029765,0.012649850088768112,0.05325530371305788,-0.015237439251499795,0.0029720120811717074,0.015353363878476446,0.006549799396388697,0.03747249174912051,0.0009548029768361107,0.010610824145920981
mild_diagonal,2.5,2.5,horizontal,10,5.0,0.0,5.0,7.5,2.5,7.905694150420948,exact_true_distance,7.5,2.5,0.0,1.7053025658242404e-13,8.526512829121202e-14,1.5631940186722204e-13,7.105427357601002e-14,0.0,1.0000000000000018,1.0000000000000022,0.9999999999999996,1.226318514998954e-16,5.551115123125783e-17,6.280369834735101e-16,1.430676372540211e-17,5.909410303907652e-17,5.878072089519971e-16,5.3978200290537405e-17,4.47545209131181e-16,1.2412670766236366e-16,0.0
mild_diagonal,2.5,2.5,horizontal,10,5.0,0.0,5.0,7.5,2.5,7.905694150420948,exact_distance_minus_5cm,7.5,2.5,0.6941127140179892,2.5579538487363607e-13,1.2079226507921703e-13,2.4158453015843406e-13,5.684341886080802e-14,0.0,0.4444444444444492,0.6666666666666718,0.6666666666666686,0.7275122160572486,0.7299007826450654,1.1716600912272659,-0.7275122160572486,5.730160050598702e-17,3.885780586188048e-16,0.33333333333333337,1.0406470452562984,0.3327586855852225,0.6941127140179892
mild_diagonal,2.5,2.5,horizontal,10,5.0,0.0,5.0,7.5,2.5,7.905694150420948,exact_distance_plus_5cm,7.5,2.5,0.6941127140179892,2.5579538487363607e-13,1.2079226507921703e-13,2.4158453015843406e-13,5.684341886080802e-14,0.0,1.7777777777777966,1.3333333333333437,1.3333333333333373,0.7275122160572486,0.7299007826450645,1.1716600912272668,0.7275122160572486,1.1372913153895061e-16,8.326672684688674e-16,0.33333333333333337,1.0406470452562981,0.3327586855852229,0.6941127140179892
mild_diagonal,2.5,2.5,horizontal,10,5.0,0.0,5.0,7.5,2.5,7.905694150420948,planar_no_correction,7.5,2.5,0.012818651205605396,0.41583492912280917,0.16381994673054834,0.3287093925875979,0.027853204611574256,0.0,0.9726982047638845,0.9906030638243682,0.9819252940816078,0.01815863802693222,0.014806604092221445,0.059009034131037204,-0.017725640017338947,0.0032688181465537845,0.01638091818585875,0.007271538094331517,0.04245102494197539,0.001407638522609604,0.012818651205605396
mild_diagonal,2.5,2.5,horizontal,11,5.5,0.0,5.5,8.0,2.5,8.381527307120106,exact_true_distance,8.0,2.5,0.0,8.526512829121202e-14,5.684341886080802e-14,0.0,7.105427357601002e-14,0.0,1.0000000000000044,1.0000000000000036,1.0000000000000009,1.381786264528323e-16,5.551115123125783e-17,4.965068306494546e-16,4.721913731714529e-17,5.536189687140349e-17,4.32657085474405e-16,6.284688123734937e-17,4.47545209131181e-16,5.551115123125783e-17,0.0
mild_diagonal,2.5,2.5,horizontal,11,5.5,0.0,5.5,8.0,2.5,8.381527307120106,exact_distance_minus_5cm,8.0,2.5,0.7364722743319577,2.4158453015843406e-13,1.1368683772161603e-13,1.1368683772161603e-13,2.2737367544323206e-13,0.0,0.44444444444444553,0.6666666666666696,0.6666666666666653,0.7681364325223733,0.7684766209537893,1.2119005188471703,-0.7681364325223732,5.453285387538275e-17,4.440892098500626e-16,0.3333333333333333,1.082431680979602,0.37345730803347493,0.7364722743319577
mild_diagonal,2.5,2.5,horizontal,11,5.5,0.0,5.5,8.0,2.5,8.381527307120106,exact_distance_plus_5cm,8.0,2.5,0.7364722743319575,2.4158453015843406e-13,1.1368683772161603e-13,1.1368683772161603e-13,2.2737367544323206e-13,0.0,1.7777777777777821,1.3333333333333393,1.3333333333333306,0.7681364325223733,0.7684766209537897,1.2119005188471708,0.7681364325223733,1.0738155027736029e-16,8.881784197001252e-16,0.33333333333333337,1.0824316809796029,0.3734573080334749,0.7364722743319575
mild_diagonal,2.5,2.5,horizontal,11,5.5,0.0,5.5,8.0,2.5,8.381527307120106,planar_no_correction,8.0,2.5,0.0153334915182572,0.4599987383539599,0.17471029235127133,0.35090122060410067,0.05099721890535136,0.0,0.9692386980788672,0.9894149850681134,0.9796078619247339,0.02097997738461319,0.017394894664899147,0.06525393719939472,-0.020525275277155693,0.0035813440469190665,0.017448590079998598,0.008045130438766668,0.04782453351393929,0.002001482234373367,0.0153334915182572
mild_diagonal,2.5,2.5,horizontal,12,6.0,0.0,6.0,8.5,2.5,8.860022573334675,exact_true_distance,8.5,2.5,0.0,3.126388037344441e-13,1.4210854715202004e-13,3.126388037344441e-13,1.4210854715202004e-13,0.0,1.0000000000000018,1.0000000000000036,0.9999999999999982,1.1974725910650318e-16,2.7755575615628914e-17,6.280369834735101e-16,1.1720700331317623e-17,5.886940748127792e-17,5.878072089519971e-16,4.962412182469208e-17,4.47545209131181e-16,0.0,0.0
mild_diagonal,2.5,2.5,horizontal,12,6.0,0.0,6.0,8.5,2.5,8.860022573334675,exact_distance_minus_5cm,8.5,2.5,0.7791735622570959,1.4210854715202004e-13,5.684341886080802e-14,1.1368683772161603e-13,1.1368683772161603e-13,0.0,0.44444444444444364,0.6666666666666671,0.6666666666666651,0.8092908720226266,0.8089339946041393,1.252675727526159,-0.8092908720226266,5.88732744226513e-17,3.885780586188048e-16,0.33333333333333337,1.1248545266215388,0.41484660895324305,0.7791735622570959
mild_diagonal,2.5,2.5,horizontal,12,6.0,0.0,6.0,8.5,2.5,8.860022573334675,exact_distance_plus_5cm,8.5,2.5,0.779173562257096,1.4210854715202004e-13,5.684341886080802e-14,1.1368683772161603e-13,1.1368683772161603e-13,0.0,1.7777777777777746,1.3333333333333341,1.3333333333333302,0.8092908720226266,0.8089339946041396,1.2526757275261589,0.8092908720226267,1.1536478692825653e-16,8.326672684688674e-16,0.33333333333333337,1.1248545266215397,0.4148466089532432,0.779173562257096
mild_diagonal,2.5,2.5,horizontal,12,6.0,0.0,6.0,8.5,2.5,8.860022573334675,planar_no_correction,8.5,2.5,0.01817670491708938,0.5059111125005131,0.18558334539495291,0.37314744613900075,0.0763751754323323,0.0,0.9655665132932396,0.9881536190797414,0.9771421109528122,0.02413289063183533,0.020327200590667383,0.072013575206368,-0.02365769085017744,0.003910101540750539,0.01855699985902838,0.00887073972591459,0.053795899608778806,0.0027564791175297278,0.01817670491708938
mild_diagonal,2.5,2.5,horizontal,13,6.5,0.0,6.5,9.0,2.5,9.340770846134703,exact_true_distance,9.0,2.5,0.0,1.4210854715202004e-14,0.0,0.0,0.0,0.0,1.0000000000000018,1.0000000000000009,1.0000000000000009,1.520083483517072e-16,1.1102230246251565e-16,6.280369834735101e-16,3.862922112184808e-17,5.620048357458783e-17,4.32657085474405e-16,6.234899429912577e-17,4.47545209131181e-16,2.220446049250313e-16,0.0
mild_diagonal,2.5,2.5,horizontal,13,6.5,0.0,6.5,9.0,2.5,9.340770846134703,exact_distance_minus_5cm,9.0,2.5,0.8221880724222121,1.9895196601282805e-13,8.526512829121202e-14,1.1368683772161603e-13,1.7053025658242404e-13,0.0,0.44444444444444464,0.6666666666666683,0.6666666666666653,0.8509218762639281,0.8502053202402303,1.29396049591421,-0.8509218762639281,5.5077728352072664e-17,4.440892098500626e-16,0.3333333333333333,1.1695763556613545,0.4567608040153954,0.8221880724222121
mild_diagonal,2.5,2.5,horizontal,13,6.5,0.0,6.5,9.0,2.5,9.340770846134703,exact_distance_plus_5cm,9.0,2.5,0.8221880724222119,1.9895196601282805e-13,8.526512829121202e-14,1.1368683772161603e-13,1.7053025658242404e-13,0.0,1.7777777777777786,1.3333333333333366,1.3333333333333306,0.8509218762639283,0.8502053202402303,1.293960495914209,0.8509218762639283,1.0707093054727759e-16,8.881784197001252e-16,0.33333333333333337,1.1695763556613537,0.4567608040153951,0.8221880724222119
mild_diagonal,2.5,2.5,horizontal,13,6.5,0.0,6.5,9.0,2.5,9.340770846134703,planar_no_correction,9.0,2.5,0.021369871256327812,0.5549187084367873,0.19682565148843878,0.39545166395737397,0.10399351875744856,0.0,0.9616835960866653,0.9868186406659291,0.9745292158624991,0.027639157699496892,0.023661485057904465,0.07931181556499148,-0.02714447957537962,0.00425553290588444,0.019706705246321964,0.009748486291508695,0.06030801244288751,0.0036928984917721334,0.021369871256327812
mild_diagonal,2.5,2.5,horizontal,14,7.0,0.0,7.0,9.5,2.5,9.82344135219425,exact_true_distance,9.5,2.5,1.1102230246251565e-16,1.7053025658242404e-13,8.526512829121202e-14,1.7053025658242404e-13,8.526512829121202e-14,0.0,1.0000000000000018,1.0000000000000022,0.9999999999999996,1.171466872239085e-16,2.7755575615628914e-17,6.280369834735101e-16,7.736543729883294e-18,6.000767422280953e-17,5.878072089519972e-16,4.543376938125053e-17,4.47545209131181e-16,0.0,1.1102230246251565e-16
mild_diagonal,2.5,2.5,horizontal,14,7.0,0.0,7.0,9.5,2.5,9.82344135219425,exact_distance_minus_5cm,9.5,2.5,0.8654942128209437,1.7053025658242404e-13,6.394884621840902e-14,1.1368683772161603e-13,0.0,0.0,0.44444444444444364,0.6666666666666671,0.6666666666666651,0.8929866890891678,0.8924590918798391,1.335733398054693,-0.8929866890891678,6.001978113401967e-17,4.440892098500626e-16,0.33333333333333337,1.2124532478927208,0.4990901931826464,0.8654942128209437
mild_diagonal,2.5,2.5,horizontal,14,7.0,0.0,7.0,9.5,2.5,9.82344135219425,exact_distance_plus_5cm,9.5,2.5,0.8654942128209441,1.7053025658242404e-13,6.394884621840902e-14,1.1368683772161603e-13,0.0,0.0,1.7777777777777746,1.3333333333333341,1.3333333333333302,0.8929866890891681,0.8924590918798392,1.335733398054693,0.8929866890891681,1.1812734180344385e-16,8.326672684688674e-16,0.33333333333333337,1.2124532478927208,0.49909019318264614,0.8654942128209441
mild_diagonal,2.5,2.5,horizontal,14,7.0,0.0,7.0,9.5,2.5,9.82344135219425,planar_no_correction,9.5,2.5,0.02493480285543781,0.6067339285202706,0.2077430761804706,0.4178175052342681,0.13385904313480523,0.0,0.9575920022169959,0.9854098300327744,0.9717702960048071,0.031520808591608634,0.027176148609758997,0.08717285639017061,-0.031007488668927722,0.004618019754380668,0.020898211018925184,0.010678454657878035,0.06746610638718628,0.004831147459806938,0.02493480285543781
mild_diagonal,2.5,2.5,horizontal,15,7.5,0.0,7.5,10.0,2.5,10.307764064044152,exact_true_distance,10.0,2.5,0.0,1.4210854715202004e-14,0.0,0.0,0.0,0.0,1.0000000000000018,1.0000000000000009,1.0000000000000009,1.5216564412937525e-16,5.551115123125783e-17,6.280369834735101e-16,4.877369267486596e-17,5.681539121860768e-17,5.856664343569986e-16,5.702988020777774e-17,4.577566798522237e-16,2.2887833992611187e-16,0.0
mild_diagonal,2.5,2.5,horizontal,15,7.5,0.0,7.5,10.0,2.5,10.307764064044152,exact_distance_minus_5cm,10.0,2.5,0.9090757743147951,5.684341886080802e-14,4.263256414560601e-14,0.0,5.684341886080802e-14,0.0,0.44444444444444364,0.6666666666666667,0.6666666666666654,0.935451213920735,0.9361035574410371,1.3779763484396694,-0.935451213920735,5.78609224119831e-17,4.440892098500626e-16,0.3333333333333333,1.2559863905784043,0.5417605016567596,0.9090757743147951
mild_diagonal,2.5,2.5,horizontal,15,7.5,0.0,7.5,10.0,2.5,10.307764064044152,exact_distance_plus_5cm,10.0,2.5,0.9090757743147954,5.684341886080802e-14,4.263256414560601e-14,0.0,5.684341886080802e-14,0.0,1.7777777777777746,1.3333333333333335,1.3333333333333308,0.935451213920735,0.9361035574410372,1.37797634843967,0.935451213920735,1.1292729921245806e-16,8.881784197001252e-16,0.33333333333333337,1.2559863905784052,0.5417605016567605,0.9090757743147954
mild_diagonal,2.5,2.5,horizontal,15,7.5,0.0,7.5,10.0,2.5,10.307764064044152,planar_no_correction,10.0,2.5,0.028893557328972017,0.6605343169789819,0.221406997908268,0.4402486399883401,0.16597889360187423,0.0,0.9532938961574083,0.9839270466219477,0.9688664412979496,0.03580012201455477,0.031101432723109182,0.09562125114273745,-0.03526882971253603,0.0049978916691513775,0.022131977253381396,0.01166070176963686,0.07513920015602125,0.006191779098706743,0.028893557328972017
mild_diagonal,2.5,2.5,horizontal,16,8.0,0.0,8.0,10.5,2.5,10.793516572461451,exact_true_distance,10.5,2.5,1.1102230246251565e-16,5.115907697472721e-13,1.9895196601282805e-13,3.126388037344441e-13,1.5631940186722204e-13,0.0,1.0000000000000129,1.0000000000000127,1.0000000000000002,1.2821386009273256e-16,2.7755575615628914e-17,6.280369834735101e-16,1.9896174416213005e-17,6.364943070390806e-17,5.878072089519972e-16,4.6677442805654277e-17,4.47545209131181e-16,5.551115123125783e-17,1.1102230246251565e-16
mild_diagonal,2.5,2.5,horizontal,16,8.0,0.0,8.0,10.5,2.5,10.793516572461451,exact_distance_minus_5cm,10.5,2.5,0.9529207893288375,3.979039320256561e-13,1.8474111129762605e-13,3.552713678800501e-13,5.684341886080802e-14,0.0,0.4444444444444483,0.6666666666666722,0.666666666666667,0.9782883088771508,0.9778193623804838,1.420674208833223,-0.9782883088771508,6.34500136349994e-17,4.440892098500626e-16,0.33333333333333337,1.302086466694183,0.584720588248512,0.9529207893288375
mild_diagonal,2.5,2.5,horizontal,16,8.0,0.0,8.0,10.5,2.5,10.793516572461451,exact_distance_plus_5cm,10.5,2.5,0.9529207893288377,3.979039320256561e-13,1.8474111129762605e-13,3.552713678800501e-13,5.684341886080802e-14,0.0,1.777777777777793,1.3333333333333444,1.333333333333334,0.9782883088771509,0.9778193623804838,1.4206742088332238,0.9782883088771509,1.2445944367649185e-16,8.326672684688674e-16,0.33333333333333337,1.3020864666941838,0.5847205882485116,0.9529207893288377
mild_diagonal,2.5,2.5,horizontal,16,8.0,0.0,8.0,10.5,2.5,10.793516572461451,planar_no_correction,10.5,2.5,0.033268450942232825,0.7163304564392661,0.254663455333322,0.46274877956909677,0.20036056706497618,0.0,0.9487915496618153,0.982370210280057,0.9658187307932832,0.0404996315633432,0.0354971635237021,0.1046819324770281,-0.039950890317621876,0.005395434220727367,0.02340842637148869,0.01269526500952223,0.08339157334480779,0.0077955003941934204,0.033268450942232825
mild_diagonal,2.5,2.5,horizontal,17,8.5,0.0,8.5,11.0,2.5,11.280514172678478,exact_true_distance,11.0,2.5,4.577566798522237e-16,8.526512829121202e-14,5.684341886080802e-14,0.0,8.526512829121202e-14,0.0,0.999999999999999,1.0000000000000009,0.9999999999999981,1.4946346572101634e-16,2.7755575615628914e-17,9.155133597044475e-16,6.467850317360193e-17,5.636037315995136e-17,5.856664343569986e-16,4.8064343993843857e-17,4.577566798522237e-16,2.220446049250313e-16,4.577566798522237e-16
mild_diagonal,2.5,2.5,horizontal,17,8.5,0.0,8.5,11.0,2.5,11.280514172678478,exact_distance_minus_5cm,11.0,2.5,0.9970206712815012,1.9895196601282805e-13,1.2789769243681803e-13,0.0,1.8474111129762605e-13,0.0,0.44444444444444736,0.666666666666671,0.6666666666666667,1.0214764701805559,1.0206115135530718,1.4638144487105638,-1.0214764701805559,5.948625820892747e-17,4.440892098500626e-16,0.3333333333333333,1.3465336675626651,0.6279348805498777,0.9970206712815012
mild_diagonal,2.5,2.5,horizontal,17,8.5,0.0,8.5,11.0,2.5,11.280514172678478,exact_distance_plus_5cm,11.0,2.5,0.9970206712815018,1.9895196601282805e-13,1.2789769243681803e-13,0.0,1.8474111129762605e-13,0.0,1.7777777777777892,1.333333333333342,1.3333333333333335,1.021476470180556,1.0206115135530727,1.4638144487105649,1.021476470180556,1.1503146409497841e-16,8.881784197001252e-16,0.33333333333333337,1.3465336675626651,0.6279348805498781,0.9970206712815018
mild_diagonal,2.5,2.5,horizontal,17,8.5,0.0,8.5,11.0,2.5,11.280514172678478,planar_no_correction,11.0,2.5,0.038082072545807845,0.7741334679756449,0.2911099702377342,0.4853216791977957,0.23701191339131356,0.0,0.9440873402591927,0.9807392876400783,0.962628246015228,0.045642136977365265,0.04044024459398483,0.11438023548816507,-0.04507634694203866,0.0058108961407915185,0.024727949153408,0.013782169267177173,0.0924739762765188,0.00966318124198351,0.038082072545807845
mild_diagonal,2.5,2.5,horizontal,18,9.0,0.0,9.0,11.5,2.5,11.76860229593982,exact_true_distance,11.5,2.5,0.0,1.7053025658242404e-13,1.1368683772161603e-13,0.0,1.4210854715202004e-13,0.0,1.0000000000000073,1.0000000000000064,1.0000000000000009,1.63725413547992e-16,5.551115123125783e-17,9.930136612989092e-16,5.605879601336315e-17,6.772597391521906e-17,5.878072089519972e-16,5.2511491585149495e-17,6.280369834735101e-16,5.551115123125783e-17,0.0
mild_diagonal,2.5,2.5,horizontal,18,9.0,0.0,9.0,11.5,2.5,11.76860229593982,exact_distance_minus_5cm,11.5,2.5,1.0413695589282066,1.4210854715202004e-14,0.0,0.0,0.0,0.0,0.4444444444444502,0.666666666666671,0.666666666666671,1.0649988034526081,1.0638517918986587,1.507386852077989,-1.0649988034526081,6.42528779207281e-17,4.440892098500626e-16,0.33333333333333337,1.3916131778508787,0.6713785717761295,1.0413695589282066
mild_diagonal,2.5,2.5,horizontal,18,9.0,0.0,9.0,11.5,2.5,11.76860229593982,exact_distance_plus_5cm,11.5,2.5,1.0413695589282073,1.4210854715202004e-14,0.0,0.0,0.0,0.0,1.7777777777778005,1.333333333333342,1.333333333333342,1.0649988034526081,1.0638517918986596,1.5073868520779883,1.0649988034526081,1.259268897103045e-16,8.326672684688674e-16,0.33333333333333337,1.3916131778508782,0.6713785717761295,1.0413695589282073
mild_diagonal,2.5,2.5,horizontal,18,9.0,0.0,9.0,11.5,2.5,11.76860229593982,planar_no_correction,11.5,2.5,0.04335729810294727,0.8339550156196083,0.3209622857809009,0.5079711405698504,0.27594113648586927,0.0,0.9391837496782798,0.9790342821977053,0.9592960805928366,0.05125071865678872,0.045761247864740624,0.12474192057291483,-0.05066817858454838,0.00624449557883608,0.026090909867579712,0.01492143275642788,0.10208448400646164,0.011815864667842962,0.04335729810294727
mild_diagonal,2.5,2.5,horizontal,19,9.5,0.0,9.5,12.0,2.5,12.257650672131263,exact_true_distance,12.0,2.5,1.1102230246251565e-16,3.268496584496461e-13,1.5631940186722204e-13,1.5631940186722204e-13,3.126388037344441e-13,0.0,0.9999999999999879,0.9999999999999983,0.9999999999999896,1.862934646684819e-16,5.551115123125783e-17,9.155133597044475e-16,1.0064541695537464e-16,6.208740570347977e-17,5.856664343569986e-16,5.434446698694257e-17,8.881784197001252e-16,5.551115123125783e-17,1.1102230246251565e-16
mild_diagonal,2.5,2.5,horizontal,19,9.5,0.0,9.5,12.0,2.5,12.257650672131263,exact_distance_minus_5cm,12.0,2.5,1.0859638119918527,3.979039320256561e-13,1.4210854715202004e-13,2.4158453015843406e-13,1.1368683772161603e-13,0.0,0.4444444444444465,0.6666666666666713,0.6666666666666651,1.108842212518745,1.1068667032983615,1.551383264329739,-1.108842212518745,6.20486129923007e-17,4.440892098500626e-16,0.3333333333333333,1.438577766392014,0.7150344836980159,1.0859638119918527
mild_diagonal,2.5,2.5,horizontal,19,9.5,0.0,9.5,12.0,2.5,12.257650672131263,exact_distance_plus_5cm,12.0,2.5,1.0859638119918533,3.979039320256561e-13,1.4210854715202004e-13,2.4158453015843406e-13,1.1368683772161603e-13,0.0,1.7777777777777857,1.3333333333333426,1.3333333333333302,1.108842212518745,1.1068667032983615,1.5513832643297376,1.108842212518745,1.1977641266281978e-16,8.881784197001252e-16,0.33333333333333337,1.438577766392013,0.7150344836980158,1.0859638119918533
mild_diagonal,2.5,2.5,horizontal,19,9.5,0.0,9.5,12.0,2.5,12.257650672131263,planar_no_correction,12.0,2.5,0.049117305808719966,0.8958073111305396,0.3613293798299253,0.5307010145241975,0.31715679537020947,0.0,0.934083362203019,0.9772552270152381,0.9558233472497496,0.057348754199004016,0.05174622787809947,0.13579319611275875,-0.05674968122065851,0.006696425461304979,0.02749765064847766,0.016113071547924847,0.11243516123405463,0.014274778112357585,0.049117305808719966
mild_diagonal,2.5,2.5,horizontal,20,10.0,0.0,10.0,12.5,2.5,12.747548783981962,exact_true_distance,12.5,2.5,0.0,4.121147867408581e-13,2.2026824808563106e-13,1.7053025658242404e-13,3.979039320256561e-13,0.0,1.0000000000000129,1.0000000000000122,1.0000000000000007,1.831995514530882e-16,5.551115123125783e-17,9.930136612989092e-16,9.580711910580909e-17,6.754014024098646e-17,5.878072089519972e-16,5.094122525125238e-17,8.881784197001252e-16,0.0,0.0
mild_diagonal,2.5,2.5,horizontal,20,10.0,0.0,10.0,12.5,2.5,12.747548783981962,exact_distance_minus_5cm,12.5,2.5,1.1308016197131967,2.5579538487363607e-13,1.1368683772161603e-13,1.1368683772161603e-13,2.4158453015843406e-13,0.0,0.44444444444444736,0.6666666666666711,0.6666666666666666,1.1529967548575866,1.1510538364568408,1.59579737362638,-1.1529967548575866,6.437671302906672e-17,4.440892098500626e-16,0.33333333333333337,1.4844482219129884,0.7588909650012693,1.1308016197131967
mild_diagonal,2.5,2.5,horizontal,20,10.0,0.0,10.0,12.5,2.5,12.747548783981962,exact_distance_plus_5cm,12.5,2.5,1.1308016197131967,2.5579538487363607e-13,1.1368683772161603e-13,1.1368683772161603e-13,2.4158453015843406e-13,0.0,1.7777777777777892,1.3333333333333421,1.3333333333333333,1.1529967548575868,1.1510538364568412,1.5957973736263804,1.1529967548575868,1.2517355946791122e-16,8.881784197001252e-16,0.3333333333333334,1.4844482219129893,0.7588909650012695,1.1308016197131967
mild_diagonal,2.5,2.5,horizontal,20,10.0,0.0,10.0,12.5,2.5,12.747548783981962,planar_no_correction,12.5,2.5,0.05538559179661351,0.9610553218517737,0.40421970654531947,0.5535152037758166,0.36066780524041064,0.0,0.9287888629608533,0.975402179305871,0.9522111829007915,0.06395993615565357,0.05825045491331138,0.14756074117161472,-0.06334448291833103,0.0071668580239383035,0.02894849523558362,0.01735710293550641,0.12334690404697675,0.017061345590496723,0.05538559179661351
mild_diagonal,2.5,2.5,vertical,0,0.0,0.0,0.0,2.5,2.5,3.5355339059327378,exact_true_distance,2.5,2.5,0.0,8.526512829121202e-14,5.684341886080802e-14,0.0,8.526512829121202e-14,0.0,1.0000000000000044,1.0000000000000036,1.0000000000000009,6.459383218040467e-17,5.551115123125783e-17,4.577566798522237e-16,-5.8183353026120645e-18,3.271534460877572e-17,3.751967237598433e-16,6.276165691995438e-17,2.220446049250313e-16,5.551115123125783e-17,0.0
mild_diagonal,2.5,2.5,vertical,0,0.0,0.0,0.0,2.5,2.5,3.5355339059327378,exact_distance_minus_5cm,2.5,2.5,0.3088765840464717,1.1368683772161603e-13,5.684341886080802e-14,1.1368683772161603e-13,5.684341886080802e-14,0.0,0.4444444444444465,0.666666666666669,0.6666666666666674,0.38636601821134264,0.4013186984618008,0.8082567726407253,-0.38636601821134264,3.062339033290408e-17,3.885780586188048e-16,0.33333333333333337,0.6649383353840974,0.18519416599597935,0.3088765840464717
mild_diagonal,2.5,2.5,vertical,0,0.0,0.0,0.0,2.5,2.5,3.5355339059327378,exact_distance_plus_5cm,2.5,2.5,0.3088765840464716,1.1368683772161603e-13,5.684341886080802e-14,1.1368683772161603e-13,5.684341886080802e-14,0.0,1.7777777777777857,1.333333333333338,1.3333333333333348,0.3863660182113426,0.401318698461801,0.808256772640725,0.3863660182113426,6.133243328240903e-17,8.326672684688674e-16,0.33333333333333337,0.6649383353840974,0.18519416599597938,0.3088765840464716
mild_diagonal,2.5,2.5,vertical,0,0.0,0.0,0.0,2.5,2.5,3.5355339059327378,planar_no_correction,2.5,2.5,0.001119622912454363,0.11540641718050892,0.05452895003590186,0.10901351313555097,0.0818900523709658,0.0,0.995248990874609,0.9986839211534385,0.9965605431247334,0.0036531376154040228,0.002532169632839711,0.019804731517968747,-0.0034840275374228295,0.0009824886691974927,0.007759762845106552,0.0023441116362832915,0.011081386416259857,0.0002416672874087622,0.001119622912454363
mild_diagonal,2.5,2.5,vertical,1,0.0,0.5,0.5,2.5,3.0,3.905124837953327,exact_true_distance,2.5,3.0,1.1102230246251565e-16,1.4210854715202004e-14,0.0,0.0,0.0,0.0,1.000000000000007,1.0000000000000036,1.0000000000000036,7.727453193668984e-17,2.7755575615628914e-17,4.440892098500626e-16,1.73143139499251e-18,3.5971837220950776e-17,3.332384924189699e-16,6.260021372366906e-17,2.2887833992611187e-16,0.0,1.1102230246251565e-16
mild_diagonal,2.5,2.5,vertical,1,0.0,0.5,0.5,2.5,3.0,3.905124837953327,exact_distance_minus_5cm,2.5,3.0,0.3412509707308295,2.4158453015843406e-13,1.1368683772161603e-13,2.2737367544323206e-13,1.1368683772161603e-13,0.0,0.4444444444444465,0.6666666666666695,0.6666666666666669,0.409660932787759,0.4288834992138406,0.8404326012023879,-0.409660932787759,3.108674002993774e-17,3.885780586188048e-16,0.33333333333333337,0.6968858897846907,0.15736825437682442,0.3412509707308295
mild_diagonal,2.5,2.5,vertical,1,0.0,0.5,0.5,2.5,3.0,3.905124837953327,exact_distance_plus_5cm,2.5,3.0,0.3412509707308295,2.4158453015843406e-13,1.1368683772161603e-13,2.2737367544323206e-13,1.1368683772161603e-13,0.0,1.7777777777777857,1.333333333333339,1.3333333333333337,0.409660932787759,0.4288834992138408,0.8404326012023883,0.409660932787759,6.184944485972276e-17,6.106226635438361e-16,0.33333333333333337,0.6968858897846911,0.15736825437682436,0.3412509707308295
mild_diagonal,2.5,2.5,vertical,1,0.0,0.5,0.5,2.5,3.0,3.905124837953327,planar_no_correction,2.5,3.0,0.0015251843520851774,0.1485319744551532,0.06542627524179778,0.13074306560974946,0.11685964721286268,0.0,0.994414978875545,0.998651654200313,0.9957576044590238,0.004282426863974631,0.003055415874691647,0.02232869048147625,-0.004074616076604183,0.0011855362961946858,0.008899524226585558,0.002619785650418666,0.012967835293010101,0.00014692907007344768,0.0015251843520851774
mild_diagonal,2.5,2.5,vertical,2,0.0,1.0,1.0,2.5,3.5,4.301162633521313,exact_true_distance,2.5,3.5,0.0,3.410605131648481e-13,1.5631940186722204e-13,3.410605131648481e-13,1.7053025658242404e-13,0.0,1.000000000000007,1.0000000000000062,1.0000000000000009,6.855623367993198e-17,1.3877787807814457e-17,4.577566798522237e-16,-4.270758739160982e-18,3.436610463360498e-17,3.751967237598433e-16,5.838080628418614e-17,2.2887833992611187e-16,2.7755575615628914e-17,0.0
mild_diagonal,2.5,2.5,vertical,2,0.0,1.0,1.0,2.5,3.5,4.301162633521313,exact_distance_minus_5cm,2.5,3.5,0.3759745726058635,2.8421709430404007e-13,1.2789769243681803e-13,2.2737367544323206e-13,2.4158453015843406e-13,0.0,0.44444444444444464,0.6666666666666687,0.6666666666666649,0.43672910144570304,0.4565290881826401,0.8737662756994197,-0.4367291014457031,3.455309110418289e-17,3.885780586188048e-16,0.33333333333333337,0.7326720546098656,0.13801385181811882,0.3759745726058635
mild_diagonal,2.5,2.5,vertical,2,0.0,1.0,1.0,2.5,3.5,4.301162633521313,exact_distance_plus_5cm,2.5,3.5,0.3759745726058636,2.8421709430404007e-13,1.2789769243681803e-13,2.2737367544323206e-13,2.4158453015843406e-13,0.0,1.7777777777777786,1.3333333333333375,1.3333333333333297,0.43672910144570304,0.4565290881826398,0.8737662756994193,0.43672910144570304,6.849423038132577e-17,8.326672684688674e-16,0.3333333333333333,0.732672054609866,0.13801385181811876,0.3759745726058636
mild_diagonal,2.5,2.5,vertical,2,0.0,1.0,1.0,2.5,3.5,4.301162633521313,planar_no_correction,2.5,3.5,0.002057893964395845,0.18644945426630954,0.07630887640107886,0.15243275518696464,0.15621857356259738,0.0,0.993429929073692,0.9986308956964272,0.9947919029491792,0.0050559695577773464,0.0036681863459230176,0.02516218907969145,-0.004803547000471603,0.001427579072854959,0.010128097965591311,0.002945460450996358,0.014872098160716399,0.00010186465080886624,0.002057893964395845
mild_diagonal,2.5,2.5,vertical,3,0.0,1.5,1.5,2.5,4.0,4.716990566028302,exact_true_distance,2.5,4.0,0.0,6.536993168992922e-13,2.984279490192421e-13,6.252776074688882e-13,2.4158453015843406e-13,0.0,1.00000000000001,1.0000000000000107,0.9999999999999993,9.022492060950764e-17,5.551115123125783e-17,4.965068306494546e-16,-1.5203974405509494e-18,4.0876236956796665e-17,4.476440688140249e-16,6.444316794331826e-17,2.482534153247273e-16,0.0,0.0
mild_diagonal,2.5,2.5,vertical,3,0.0,1.5,1.5,2.5,4.0,4.716990566028302,exact_distance_minus_5cm,2.5,4.0,0.41247297499322017,4.831690603168681e-13,2.3447910280083306e-13,4.547473508864641e-13,2.4158453015843406e-13,0.0,0.4444444444444465,0.666666666666671,0.6666666666666654,0.4672138319845406,0.48546044315151426,0.9081499407117003,-0.4672138319845406,3.557163487026802e-17,3.885780586188048e-16,0.33333333333333337,0.7653921327530132,0.13092960784593466,0.41247297499322017
mild_diagonal,2.5,2.5,vertical,3,0.0,1.5,1.5,2.5,4.0,4.716990566028302,exact_distance_plus_5cm,2.5,4.0,0.41247297499322005,4.831690603168681e-13,2.3447910280083306e-13,4.547473508864641e-13,2.4158453015843406e-13,0.0,1.7777777777777857,1.333333333333342,1.3333333333333308,0.4672138319845406,0.4854604431515143,0.9081499407116997,0.4672138319845406,7.032389410702885e-17,6.106226635438361e-16,0.33333333333333337,0.7653921327530123,0.1309296078459346,0.41247297499322005
mild_diagonal,2.5,2.5,vertical,3,0.0,1.5,1.5,2.5,4.0,4.716990566028302,planar_no_correction,2.5,4.0,0.002735665970730624,0.22939224055252794,0.08722316579265055,0.1740759690227378,0.19997271046274534,0.0,0.9922941415200331,0.9986169205478647,0.9936684639547639,0.005988616556182287,0.004445702437911535,0.028323439956993754,-0.005686021920965911,0.0017090833651671274,0.011445720325534127,0.0033214188218980423,0.017223945868226224,8.974183907972666e-05,0.002735665970730624
mild_diagonal,2.5,2.5,vertical,4,0.0,2.0,2.0,2.5,4.5,5.1478150704935,exact_true_distance,2.5,4.5,0.0,8.526512829121202e-14,5.684341886080802e-14,0.0,8.526512829121202e-14,0.0,1.0000000000000044,1.0000000000000036,1.0000000000000009,8.28721293837829e-17,5.551115123125783e-17,4.965068306494546e-16,-2.7184317368346892e-18,4.0105837656650936e-17,4.489959990664674e-16,6.062441565661713e-17,2.482534153247273e-16,2.7755575615628914e-17,0.0
mild_diagonal,2.5,2.5,vertical,4,0.0,2.0,2.0,2.5,4.5,5.1478150704935,exact_distance_minus_5cm,2.5,4.5,0.45033443127000006,2.8421709430404007e-13,1.2789769243681803e-13,2.2737367544323206e-13,2.4158453015843406e-13,0.0,0.44444444444444464,0.6666666666666687,0.6666666666666649,0.5004258210212961,0.5167742117470088,0.9434891401223024,-0.5004258210212961,4.053948663311891e-17,3.885780586188048e-16,0.33333333333333337,0.8020987043931239,0.13801385181811882,0.45033443127000006
mild_diagonal,2.5,2.5,vertical,4,0.0,2.0,2.0,2.5,4.5,5.1478150704935,exact_distance_plus_5cm,2.5,4.5,0.45033443127000045,2.8421709430404007e-13,1.2789769243681803e-13,2.2737367544323206e-13,2.4158453015843406e-13,0.0,1.7777777777777786,1.3333333333333375,1.3333333333333297,0.5004258210212961,0.5167742117470088,0.943489140122303,0.5004258210212961,8.098816085345617e-17,6.106226635438361e-16,0.3333333333333333,0.8020987043931243,0.13801385181811876,0.45033443127000045
mild_diagonal,2.5,2.5,vertical,4,0.0,2.0,2.0,2.5,4.5,5.1478150704935,planar_no_correction,2.5,4.5,0.003577259046761279,0.2767517921620595,0.09805815269479723,0.19566610854758437,0.2481285543815943,0.0,0.9910079621810457,0.9986070785800435,0.9923902838643971,0.007097245712848939,0.00534755814213227,0.031831223738184644,-0.00673921042968284,0.0020295235558288904,0.012852514474970034,0.0037483371813805347,0.019804731517968747,0.00010186465080886624,0.003577259046761279
mild_diagonal,2.5,2.5,vertical,5,0.0,2.5,2.5,2.5,5.0,5.5901699437494745,exact_true_distance,2.5,5.0,0.0,8.526512829121202e-14,5.684341886080802e-14,0.0,8.526512829121202e-14,0.0,1.0000000000000044,1.0000000000000036,1.0000000000000009,1.076443219979611e-16,5.551115123125783e-17,4.965068306494546e-16,-3.477450206457083e-18,4.7065090818766803e-17,4.476440688140249e-16,6.739652266466157e-17,4.440892098500626e-16,0.0,0.0
mild_diagonal,2.5,2.5,vertical,5,0.0,2.5,2.5,2.5,5.0,5.5901699437494745,exact_distance_minus_5cm,2.5,5.0,0.4892631025345734,2.8421709430404007e-13,1.2789769243681803e-13,2.2737367544323206e-13,2.4158453015843406e-13,0.0,0.44444444444444464,0.6666666666666687,0.6666666666666649,0.5354990338129108,0.5482957486545956,0.9797014653683587,-0.5354990338129108,4.056012581784201e-17,3.885780586188048e-16,0.33333333333333337,0.8403515049589876,0.15736825437682442,0.4892631025345734
mild_diagonal,2.5,2.5,vertical,5,0.0,2.5,2.5,2.5,5.0,5.5901699437494745,exact_distance_plus_5cm,2.5,5.0,0.48926310253457334,2.8421709430404007e-13,1.2789769243681803e-13,2.2737367544323206e-13,2.4158453015843406e-13,0.0,1.7777777777777786,1.3333333333333375,1.3333333333333297,0.5354990338129108,0.5482957486545955,0.9797014653683583,0.5354990338129108,8.018839244543593e-17,6.106226635438361e-16,0.3333333333333333,0.8403515049589869,0.15736825437682436,0.48926310253457334
mild_diagonal,2.5,2.5,vertical,5,0.0,2.5,2.5,2.5,5.0,5.5901699437494745,planar_no_correction,2.5,5.0,0.004602062174369141,0.3289831053300247,0.11083888712474277,0.21719659149505333,0.3006932076426665,0.0,0.9895717828332918,0.9985998587012445,0.9909592658267604,0.008400188917067397,0.006387598417908116,0.035704892127083554,-0.007981731451582484,0.002383939999047662,0.014348532847807006,0.0042270429476575725,0.022870956376191402,0.00014692907007344768,0.004602062174369141
mild_diagonal,2.5,2.5,vertical,6,0.0,3.0,3.0,2.5,5.5,6.041522986797286,exact_true_distance,2.5,5.5,0.0,8.526512829121202e-14,5.684341886080802e-14,0.0,8.526512829121202e-14,0.0,1.0000000000000044,1.0000000000000036,1.0000000000000009,1.009659457224967e-16,5.551115123125783e-17,8.95090418262362e-16,-4.0143458564787605e-19,4.4724618648127985e-17,4.873927312121511e-16,6.139038529877065e-17,4.440892098500626e-16,5.551115123125783e-17,0.0
mild_diagonal,2.5,2.5,vertical,6,0.0,3.0,3.0,2.5,5.5,6.041522986797286,exact_distance_minus_5cm,2.5,5.5,0.5290447275127431,2.4158453015843406e-13,1.1368683772161603e-13,2.4158453015843406e-13,1.1368683772161603e-13,0.0,0.4444444444444465,0.6666666666666695,0.6666666666666669,0.5719807039808305,0.5820082014809669,1.01671523497289,-0.5719807039808305,4.5879875680221813e-17,3.885780586188048e-16,0.33333333333333337,0.8788582523671654,0.18519416599597935,0.5290447275127431
mild_diagonal,2.5,2.5,vertical,6,0.0,3.0,3.0,2.5,5.5,6.041522986797286,exact_distance_plus_5cm,2.5,5.5,0.5290447275127431,2.4158453015843406e-13,1.1368683772161603e-13,2.4158453015843406e-13,1.1368683772161603e-13,0.0,1.7777777777777857,1.333333333333339,1.3333333333333337,0.5719807039808305,0.5820082014809669,1.0167152349728905,0.5719807039808305,9.076700657526237e-17,6.661338147750939e-16,0.3333333333333333,0.8788582523671655,0.18519416599597938,0.5290447275127431
mild_diagonal,2.5,2.5,vertical,6,0.0,3.0,3.0,2.5,5.5,6.041522986797286,planar_no_correction,2.5,5.5,0.005829924963328499,0.38497215614245306,0.1446747901517611,0.2386608539189865,0.3576743655877408,0.0,0.9879860409441413,0.9985943661749748,0.9893767423588943,0.00991649896169009,0.007580079405851232,0.039964355026643285,-0.009433012698722446,0.0027737708091541036,0.01593378666383279,0.004757943236057392,0.026271683158505685,0.0002416672874087622,0.005829924963328499
mild_diagonal,2.5,2.5,vertical,7,0.0,3.5,3.5,2.5,6.0,6.5,exact_true_distance,2.5,6.0,2.220446049250313e-16,4.547473508864641e-13,1.7053025658242404e-13,3.410605131648481e-13,3.979039320256561e-13,0.0,0.9999999999999989,1.0000000000000044,0.9999999999999944,1.3491206745589487e-16,1.1102230246251565e-16,9.155133597044475e-16,1.3167880167738597e-17,5.3395052561470204e-17,6.666385670063389e-16,7.406684253369496e-17,4.440892098500626e-16,0.0,2.220446049250313e-16
mild_diagonal,2.5,2.5,vertical,7,0.0,3.5,3.5,2.5,6.0,6.5,exact_distance_minus_5cm,2.5,6.0,0.5695225339854131,1.4210854715202004e-13,8.526512829121202e-14,0.0,1.1368683772161603e-13,0.0,0.44444444444444464,0.6666666666666682,0.6666666666666654,0.6095932864316573,0.6154948168463451,1.0544682537070662,-0.6095932864316573,4.7349385632506746e-17,4.996003610813204e-16,0.33333333333333337,0.918832956979772,0.21828873179674352,0.5695225339854131
mild_diagonal,2.5,2.5,vertical,7,0.0,3.5,3.5,2.5,6.0,6.5,exact_distance_plus_5cm,2.5,6.0,0.5695225339854137,1.4210854715202004e-13,8.526512829121202e-14,0.0,1.1368683772161603e-13,0.0,1.7777777777777786,1.3333333333333364,1.3333333333333308,0.6095932864316573,0.6154948168463444,1.0544682537070669,0.6095932864316573,9.22571557122704e-17,8.881784197001252e-16,0.3333333333333333,0.9188329569797726,0.21828873179674343,0.5695225339854137
mild_diagonal,2.5,2.5,vertical,7,0.0,3.5,3.5,2.5,6.0,6.5,planar_no_correction,2.5,6.0,0.007281045952889239,0.4456728732374131,0.17927806680538083,0.2600523522143021,0.41908030245697603,0.0,0.9862512195384807,0.9985900492755714,0.9876437485572364,0.0116656440089791,0.009088288596561175,0.0446300603233898,-0.011112984463488785,0.003199996137683607,0.01760826614364995,0.0053411643237084635,0.02999153698545908,0.0004024585066214653,0.007281045952889239
mild_diagonal,2.5,2.5,vertical,8,0.0,4.0,4.0,2.5,6.5,6.96419413859206,exact_true_distance,2.5,6.5,0.0,8.526512829121202e-14,5.684341886080802e-14,0.0,8.526512829121202e-14,0.0,1.0000000000000044,1.0000000000000036,1.0000000000000009,1.1794400312991238e-16,0.0,8.95090418262362e-16,4.9335356317543485e-18,4.630077235075628e-17,4.873927312121511e-16,5.857632926715923e-17,4.440892098500626e-16,0.0,0.0
mild_diagonal,2.5,2.5,vertical,8,0.0,4.0,4.0,2.5,6.5,6.96419413859206,exact_distance_minus_5cm,2.5,6.5,0.6105806004130442,1.4210854715202004e-13,8.526512829121202e-14,0.0,1.1368683772161603e-13,0.0,0.4444444444444483,0.666666666666671,0.6666666666666682,0.6481428605392924,0.6507543615704651,1.0929066765365,-0.6481428605392924,4.8565033612697515e-17,3.885780586188048e-16,0.3333333333333333,0.958938908161469,0.25462165872192005,0.6105806004130442
mild_diagonal,2.5,2.5,vertical,8,0.0,4.0,4.0,2.5,6.5,6.96419413859206,exact_distance_plus_5cm,2.5,6.5,0.6105806004130437,1.4210854715202004e-13,8.526512829121202e-14,0.0,1.1368683772161603e-13,0.0,1.777777777777793,1.333333333333342,1.3333333333333364,0.6481428605392924,0.6507543615704655,1.0929066765365003,0.6481428605392924,9.636641739064022e-17,6.661338147750939e-16,0.3333333333333333,0.9589389081614693,0.2546216587219199,0.6105806004130437
mild_diagonal,2.5,2.5,vertical,8,0.0,4.0,4.0,2.5,6.5,6.96419413859206,planar_no_correction,2.5,6.5,0.008975905383592277,0.5116285852150497,0.2199190462624614,0.281364565116462,0.4849198559360701,0.0,0.9843678470516549,0.998586554642842,0.9857611665958467,0.013667401248046817,0.010732351394912614,0.04972297190972399,-0.01304194691995221,0.003663275812479726,0.019371954091071474,0.005976670484010492,0.03405496547360301,0.0006464333428906427,0.008975905383592277
mild_diagonal,2.5,2.5,vertical,9,0.0,4.5,4.5,2.5,7.0,7.433034373659253,exact_true_distance,2.5,7.0,2.220446049250313e-16,6.394884621840902e-13,3.268496584496461e-13,6.252776074688882e-13,3.979039320256561e-13,0.0,1.0000000000000044,1.000000000000008,0.9999999999999964,1.5826593350474132e-16,1.1102230246251565e-16,9.155133597044475e-16,2.162393663885892e-17,5.757840516635746e-17,6.666385670063389e-16,7.6396289553634e-17,4.47545209131181e-16,1.1102230246251565e-16,2.220446049250313e-16
mild_diagonal,2.5,2.5,vertical,9,0.0,4.5,4.5,2.5,7.0,7.433034373659253,exact_distance_minus_5cm,2.5,7.0,0.6521323767110843,1.4210854715202004e-13,8.526512829121202e-14,0.0,1.1368683772161603e-13,0.0,0.44444444444444464,0.6666666666666682,0.6666666666666654,0.6874857985243781,0.689487905679279,1.1319839871521598,-0.6874857985243781,4.883334301409785e-17,4.996003610813204e-16,0.3333333333333333,0.9995229269792493,0.29300858141638025,0.6521323767110843
mild_diagonal,2.5,2.5,vertical,9,0.0,4.5,4.5,2.5,7.0,7.433034373659253,exact_distance_plus_5cm,2.5,7.0,0.6521323767110847,1.4210854715202004e-13,8.526512829121202e-14,0.0,1.1368683772161603e-13,0.0,1.7777777777777786,1.3333333333333364,1.3333333333333308,0.6874857985243781,0.6894879056792794,1.13198398715216,0.6874857985243782,9.486491670203447e-17,8.881784197001252e-16,0.3333333333333333,0.9995229269792504,0.2930085814163803,0.6521323767110847
mild_diagonal,2.5,2.5,vertical,9,0.0,4.5,4.5,2.5,7.0,7.433034373659253,planar_no_correction,2.5,7.0,0.010935227630761685,0.5816856924275129,0.2613446112012525,0.3025909957098065,0.5552024103584472,0.0,0.9823364971684487,0.9985836481594289,0.983729804687943,0.01594181814053886,0.012759479521770433,0.055264549234704224,-0.015240500394516162,0.004164045704631862,0.021224834814696048,0.006664330210325889,0.03864820938602008,0.000992068078385455,0.010935227630761685
mild_diagonal,2.5,2.5,vertical,10,0.0,5.0,5.0,2.5,7.5,7.905694150420948,exact_true_distance,2.5,7.5,0.0,7.105427357601002e-13,3.268496584496461e-13,6.252776074688882e-13,8.526512829121202e-14,0.0,1.0000000000000155,1.0000000000000147,1.0000000000000009,1.4215583633750778e-16,5.551115123125783e-17,8.95090418262362e-16,2.5197616314172395e-17,5.098154932383715e-17,4.873927312121511e-16,6.32282636687824e-17,4.47545209131181e-16,1.1102230246251565e-16,0.0
mild_diagonal,2.5,2.5,vertical,10,0.0,5.0,5.0,2.5,7.5,7.905694150420948,exact_distance_minus_5cm,2.5,7.5,0.6941127140179891,9.663381206337363e-13,4.760636329592671e-13,9.663381206337363e-13,3.694822225952521e-13,0.0,0.4444444444444483,0.6666666666666754,0.6666666666666637,0.7275122160572486,0.7299007826450654,1.1716600912272659,-0.7275122160572486,5.16990938129007e-17,3.885780586188048e-16,0.3333333333333333,1.0406470452562986,0.33275868558522254,0.6941127140179891
mild_diagonal,2.5,2.5,vertical,10,0.0,5.0,5.0,2.5,7.5,7.905694150420948,exact_distance_plus_5cm,2.5,7.5,0.6941127140179891,9.663381206337363e-13,4.760636329592671e-13,9.663381206337363e-13,3.694822225952521e-13,0.0,1.777777777777793,1.3333333333333508,1.3333333333333275,0.7275122160572486,0.7299007826450647,1.1716600912272666,0.7275122160572486,1.0220937058575067e-16,7.216449660063518e-16,0.33333333333333337,1.0406470452562977,0.3327586855852228,0.6941127140179891
mild_diagonal,2.5,2.5,vertical,10,0.0,5.0,5.0,2.5,7.5,7.905694150420948,planar_no_correction,2.5,7.5,0.013179962501460049,0.6558429879460732,0.3112835077349061,0.3237251734160509,0.6299378785048191,0.0,0.9801577886483981,0.9985811700065723,0.9815504418553646,0.018509209063753772,0.015025733327950676,0.06127673012434459,-0.01772950923513698,0.00470258784615146,0.02316689981610607,0.0074039692477751995,0.04355324886836831,0.001458699421460526,0.013179962501460049
mild_diagonal,2.5,2.5,vertical,11,0.0,5.5,5.5,2.5,8.0,8.381527307120106,exact_true_distance,2.5,8.0,0.0,9.663381206337363e-13,3.339550858072471e-13,6.394884621840902e-13,8.810729923425242e-13,0.0,1.0000000000000266,1.0000000000000246,1.000000000000002,1.7690984543370693e-16,1.1102230246251565e-16,9.155133597044475e-16,4.562252940508692e-17,5.969211807082251e-17,6.666385670063389e-16,7.601695871532746e-17,4.47545209131181e-16,2.220446049250313e-16,0.0
mild_diagonal,2.5,2.5,vertical,11,0.0,5.5,5.5,2.5,8.0,8.381527307120106,exact_distance_minus_5cm,2.5,8.0,0.7364722743319576,8.810729923425242e-13,3.907985046680551e-13,4.831690603168681e-13,8.242295734817162e-13,0.0,0.4444444444444557,0.6666666666666825,0.6666666666666677,0.7681364325223733,0.7684766209537895,1.2119005188471703,-0.7681364325223733,5.3202658419978755e-17,4.996003610813204e-16,0.3333333333333333,1.082431680979602,0.37345730803347493,0.7364722743319576
mild_diagonal,2.5,2.5,vertical,11,0.0,5.5,5.5,2.5,8.0,8.381527307120106,exact_distance_plus_5cm,2.5,8.0,0.7364722743319576,8.810729923425242e-13,3.907985046680551e-13,4.831690603168681e-13,8.242295734817162e-13,0.0,1.7777777777778228,1.333333333333365,1.3333333333333355,0.7681364325223733,0.7684766209537892,1.2119005188471712,0.7681364325223733,1.0344256187295608e-16,8.881784197001252e-16,0.33333333333333337,1.0824316809796033,0.37345730803347504,0.7364722743319576
mild_diagonal,2.5,2.5,vertical,11,0.0,5.5,5.5,2.5,8.0,8.381527307120106,planar_no_correction,2.5,8.0,0.015731278387965474,0.7340990658395583,0.35269897163544783,0.34476065598084915,0.7091366819744565,0.0,0.9778323851373452,0.9985790081797575,0.9792238542243843,0.021390167136109462,0.0176461261933983,0.06778191763067012,-0.020530085658834307,0.005279081145683858,0.025198151263290204,0.00819540976708055,0.04902920277286045,0.0020661336205418496,0.015731278387965474
mild_diagonal,2.5,2.5,vertical,12,0.0,6.0,6.0,2.5,8.5,8.860022573334675,exact_true_distance,2.5,8.5,0.0,5.684341886080801e-13,3.979039320256561e-13,0.0,5.542233338928781e-13,0.0,1.0000000000000266,1.000000000000023,1.0000000000000036,1.4767910014733879e-16,3.469446951953614e-18,8.95090418262362e-16,2.7515284612116122e-17,5.0918187129451716e-17,4.873927312121511e-16,6.064476769269676e-17,4.47545209131181e-16,0.0,0.0
mild_diagonal,2.5,2.5,vertical,12,0.0,6.0,6.0,2.5,8.5,8.860022573334675,exact_distance_minus_5cm,2.5,8.5,0.7791735622570957,6.679101716144942e-13,2.3447910280083306e-13,4.831690603168681e-13,5.968558980384842e-13,0.0,0.444444444444452,0.6666666666666774,0.6666666666666673,0.8092908720226266,0.8089339946041394,1.2526757275261586,-0.8092908720226266,5.2439008585223943e-17,3.885780586188048e-16,0.3333333333333333,1.1248545266215393,0.414846608953243,0.7791735622570957
mild_diagonal,2.5,2.5,vertical,12,0.0,6.0,6.0,2.5,8.5,8.860022573334675,exact_distance_plus_5cm,2.5,8.5,0.7791735622570962,6.679101716144942e-13,2.3447910280083306e-13,4.831690603168681e-13,5.968558980384842e-13,0.0,1.777777777777808,1.3333333333333548,1.3333333333333346,0.8092908720226267,0.8089339946041394,1.2526757275261593,0.8092908720226267,1.0314122977599878e-16,7.216449660063518e-16,0.33333333333333337,1.1248545266215393,0.41484660895324327,0.7791735622570962
mild_diagonal,2.5,2.5,vertical,12,0.0,6.0,6.0,2.5,8.5,8.860022573334675,planar_no_correction,2.5,8.5,0.018610562919003978,0.8164522991864658,0.4094774540021149,0.3656910314471702,0.7928097300816717,0.0,0.9753609949652806,0.9985770823436078,0.9767508309685615,0.024605579391024653,0.020621343571879627,0.07480297108547625,-0.02366358562707381,0.0058936373501054075,0.027318603967769556,0.00903849487907253,0.05519500697204755,0.0028344536024846106,0.018610562919003978
mild_diagonal,2.5,2.5,vertical,13,0.0,6.5,6.5,2.5,9.0,9.340770846134703,exact_true_distance,2.5,9.0,0.0,1.1084466677857563e-12,4.547473508864641e-13,6.394884621840902e-13,3.979039320256561e-13,0.0,0.9999999999999822,1.0000000000000047,0.9999999999999776,1.9613619816955917e-16,1.1102230246251565e-16,1.3322676295501878e-15,4.343827596048621e-17,6.070073035753695e-17,6.666385670063389e-16,7.638803374275358e-17,4.47545209131181e-16,2.220446049250313e-16,0.0
mild_diagonal,2.5,2.5,vertical,13,0.0,6.5,6.5,2.5,9.0,9.340770846134703,exact_distance_minus_5cm,2.5,9.0,0.8221880724222123,6.821210263296962e-13,2.4868995751603507e-13,4.831690603168681e-13,1.1368683772161603e-13,0.0,0.44444444444444087,0.6666666666666691,0.666666666666659,0.8509218762639281,0.8502053202402303,1.2939604959142097,-0.8509218762639283,5.494666952908096e-17,4.996003610813204e-16,0.3333333333333333,1.1695763556613545,0.45676080401539537,0.8221880724222123
mild_diagonal,2.5,2.5,vertical,13,0.0,6.5,6.5,2.5,9.0,9.340770846134703,exact_distance_plus_5cm,2.5,9.0,0.8221880724222116,6.821210263296962e-13,2.4868995751603507e-13,4.831690603168681e-13,1.1368683772161603e-13,0.0,1.7777777777777635,1.3333333333333381,1.333333333333318,0.8509218762639281,0.8502053202402302,1.2939604959142101,0.8509218762639281,1.0635165495967744e-16,8.881784197001252e-16,0.33333333333333337,1.1695763556613543,0.4567608040153952,0.8221880724222116
mild_diagonal,2.5,2.5,vertical,13,0.0,6.5,6.5,2.5,9.0,9.340770846134703,planar_no_correction,2.5,9.0,0.021839428433660636,0.9029008168606936,0.4702377036291381,0.38650992012100005,0.8809683972373534,0.0,0.9727443709305388,0.9985753336823753,0.974132184242343,0.028176639962585896,0.02397533093003037,0.08236320121365077,-0.027151611926732926,0.006546325994600074,0.029528286367216293,0.009933100980783982,0.061536057942077144,0.0037839350790464872,0.021839428433660636
mild_diagonal,2.5,2.5,vertical,14,0.0,7.0,7.0,2.5,9.5,9.82344135219425,exact_true_distance,2.5,9.5,4.440892098500626e-16,8.242295734817162e-13,3.197442310920451e-13,6.394884621840902e-13,8.526512829121202e-14,0.0,0.9999999999999933,1.0000000000000056,0.9999999999999878,1.5383858695726555e-16,0.0,8.95090418262362e-16,2.7521902887835678e-17,4.9623825608754594e-17,4.873927312121511e-16,5.773183034819845e-17,4.47545209131181e-16,0.0,4.440892098500626e-16
mild_diagonal,2.5,2.5,vertical,14,0.0,7.0,7.0,2.5,9.5,9.82344135219425,exact_distance_minus_5cm,2.5,9.5,0.8654942128209437,3.694822225952521e-13,2.4868995751603507e-13,0.0,3.694822225952521e-13,0.0,0.44444444444444087,0.6666666666666682,0.6666666666666599,0.8929866890891678,0.8924590918798392,1.335733398054693,-0.8929866890891678,5.273518088600047e-17,4.440892098500626e-16,0.3333333333333333,1.2124532478927206,0.4990901931826464,0.8654942128209437
mild_diagonal,2.5,2.5,vertical,14,0.0,7.0,7.0,2.5,9.5,9.82344135219425,exact_distance_plus_5cm,2.5,9.5,0.8654942128209442,3.694822225952521e-13,2.4868995751603507e-13,0.0,3.694822225952521e-13,0.0,1.7777777777777635,1.3333333333333364,1.3333333333333197,0.8929866890891681,0.8924590918798386,1.335733398054693,0.8929866890891681,1.0486356974114172e-16,8.881784197001252e-16,0.33333333333333337,1.212453247892721,0.49909019318264614,0.8654942128209442
mild_diagonal,2.5,2.5,vertical,14,0.0,7.0,7.0,2.5,9.5,9.82344135219425,planar_no_correction,2.5,9.5,0.02543972063756133,0.9955599894633593,0.5249479914078634,0.4072109765268692,0.9736244987591078,0.0,0.969983310070729,0.9985737183405685,0.9713687555112595,0.03212485991655397,0.02776976212783773,0.09048636900406658,-0.031016021567424678,0.0072371913537836305,0.03182724086088055,0.010879141536735186,0.06847549703255712,0.004935013540453988,0.02543972063756133
mild_diagonal,2.5,2.5,vertical,15,0.0,7.5,7.5,2.5,10.0,10.307764064044152,exact_true_distance,2.5,10.0,0.0,9.663381206337363e-13,3.268496584496461e-13,6.252776074688882e-13,2.2737367544323206e-13,0.0,1.0000000000000266,1.0000000000000246,1.000000000000002,2.1102857099001495e-16,1.1102230246251565e-16,1.3322676295501878e-15,4.939610135813484e-17,6.184329747867246e-17,6.666385670063389e-16,7.605901379003748e-17,4.577566798522237e-16,2.220446049250313e-16,0.0
mild_diagonal,2.5,2.5,vertical,15,0.0,7.5,7.5,2.5,10.0,10.307764064044152,exact_distance_minus_5cm,2.5,10.0,0.9090757743147948,8.810729923425242e-13,3.836930773104541e-13,4.547473508864641e-13,3.552713678800501e-13,0.0,0.4444444444444557,0.6666666666666825,0.6666666666666677,0.935451213920735,0.9361035574410373,1.3779763484396694,-0.935451213920735,5.719737262313535e-17,4.996003610813204e-16,0.33333333333333337,1.2559863905784043,0.5417605016567597,0.9090757743147948
mild_diagonal,2.5,2.5,vertical,15,0.0,7.5,7.5,2.5,10.0,10.307764064044152,exact_distance_plus_5cm,2.5,10.0,0.9090757743147957,8.810729923425242e-13,3.836930773104541e-13,4.547473508864641e-13,3.552713678800501e-13,0.0,1.7777777777778228,1.333333333333365,1.3333333333333355,0.9354512139207352,0.936103557441037,1.3779763484396703,0.9354512139207352,1.1035978463290404e-16,8.881784197001252e-16,0.33333333333333337,1.2559863905784048,0.5417605016567602,0.9090757743147957
mild_diagonal,2.5,2.5,vertical,15,0.0,7.5,7.5,2.5,10.0,10.307764064044152,planar_no_correction,2.5,10.0,0.02943352943072218,1.0927717747484564,0.5778441367668634,0.4277878913467248,1.0707902650822803,0.0,0.9670786534197168,0.998572203077074,0.9684614196546723,0.036472074344597254,0.03187377676812152,0.09919668797723023,-0.035278935806840384,0.00796626372849283,0.03421552373603409,0.0118765656570353,0.07627112911422484,0.006308274697662862,0.02943352943072218
mild_diagonal,2.5,2.5,vertical,16,0.0,8.0,8.0,2.5,10.5,10.793516572461451,exact_true_distance,2.5,10.5,0.0,8.242295734817162e-13,3.197442310920451e-13,6.252776074688882e-13,7.105427357601002e-13,0.0,0.9999999999999933,1.0000000000000056,0.9999999999999878,1.715948149979081e-16,0.0,9.155133597044475e-16,5.598937832854198e-17,5.15003842999823e-17,5.505520396446621e-16,5.871187860834017e-17,4.577566798522237e-16,0.0,0.0
mild_diagonal,2.5,2.5,vertical,16,0.0,8.0,8.0,2.5,10.5,10.793516572461451,exact_distance_minus_5cm,2.5,10.5,0.9529207893288372,6.679101716144942e-13,2.4868995751603507e-13,4.547473508864641e-13,5.968558980384842e-13,0.0,0.44444444444444087,0.6666666666666691,0.666666666666659,0.9782883088771508,0.9778193623804838,1.420674208833223,-0.9782883088771508,5.478671584747691e-17,4.440892098500626e-16,0.3333333333333333,1.302086466694183,0.584720588248512,0.9529207893288372
mild_diagonal,2.5,2.5,vertical,16,0.0,8.0,8.0,2.5,10.5,10.793516572461451,exact_distance_plus_5cm,2.5,10.5,0.9529207893288381,6.679101716144942e-13,2.4868995751603507e-13,4.547473508864641e-13,5.968558980384842e-13,0.0,1.7777777777777635,1.3333333333333381,1.333333333333318,0.978288308877151,0.9778193623804837,1.4206742088332243,0.978288308877151,1.1011417833469913e-16,8.881784197001252e-16,0.33333333333333337,1.3020864666941838,0.5847205882485116,0.9529207893288381
mild_diagonal,2.5,2.5,vertical,16,0.0,8.0,8.0,2.5,10.5,10.793516572461451,planar_no_correction,2.5,10.5,0.033843201280685624,1.194353616876839,0.6488679669730075,0.44823439335982584,1.172478314307142,0.0,0.9640312857515496,0.9985707623207487,0.9654110876539916,0.0412404480103676,0.03640511101468833,0.10851882948571524,-0.03996275184710198,0.008733566809708913,0.03669320484724018,0.012925354047578164,0.08450247239258514,0.007924456059324259,0.033843201280685624
mild_diagonal,2.5,2.5,vertical,17,0.0,8.5,8.5,2.5,11.0,11.280514172678478,exact_true_distance,2.5,11.0,4.440892098500626e-16,6.536993168992922e-13,3.197442310920451e-13,6.394884621840902e-13,2.2737367544323206e-13,0.0,1.0000000000000044,1.000000000000008,0.9999999999999964,2.2183961829080514e-16,1.1102230246251565e-16,1.3322676295501878e-15,5.918142170533085e-17,6.140631984714929e-17,6.666385670063389e-16,7.314454492267609e-17,4.965068306494546e-16,2.220446049250313e-16,4.440892098500626e-16
mild_diagonal,2.5,2.5,vertical,17,0.0,8.5,8.5,2.5,11.0,11.280514172678478,exact_distance_minus_5cm,2.5,11.0,0.9970206712815012,1.4210854715202004e-13,8.526512829121202e-14,0.0,1.1368683772161603e-13,0.0,0.4444444444444483,0.666666666666671,0.6666666666666682,1.0214764701805559,1.020611513553072,1.463814448710564,-1.0214764701805559,5.75110882309265e-17,4.996003610813204e-16,0.33333333333333337,1.3465336675626653,0.6279348805498777,0.9970206712815012
mild_diagonal,2.5,2.5,vertical,17,0.0,8.5,8.5,2.5,11.0,11.280514172678478,exact_distance_plus_5cm,2.5,11.0,0.9970206712815017,1.4210854715202004e-13,8.526512829121202e-14,0.0,1.1368683772161603e-13,0.0,1.777777777777793,1.333333333333342,1.3333333333333364,1.021476470180556,1.0206115135530727,1.463814448710565,1.021476470180556,1.1193352246804064e-16,8.881784197001252e-16,0.33333333333333337,1.346533667562665,0.6279348805498781,0.9970206712815017
mild_diagonal,2.5,2.5,vertical,17,0.0,8.5,8.5,2.5,11.0,11.280514172678478,planar_no_correction,2.5,11.0,0.03869135275095055,1.3003101591052655,0.7234505469684791,0.46854425135290967,1.2787016230236787,0.0,0.9608421353111208,0.9985693761348117,0.9622187083588296,0.04645248079051006,0.04129431359317971,0.11847793070934054,-0.045090155678438555,0.00953912237758732,0.03926036715706463,0.014025514043077704,0.09337492753442839,0.009804454051380576,0.03869135275095055
mild_diagonal,2.5,2.5,vertical,18,0.0,9.0,9.0,2.5,11.5,11.76860229593982,exact_true_distance,2.5,11.5,4.440892098500626e-16,6.394884621840902e-13,3.268496584496461e-13,6.252776074688882e-13,3.979039320256561e-13,0.0,1.0000000000000044,1.000000000000008,0.9999999999999964,2.0529671842243498e-16,3.469446951953614e-18,9.155133597044475e-16,7.953685559069816e-17,5.583542690221002e-17,5.505520396446621e-16,6.486353439873483e-17,8.881784197001252e-16,0.0,4.440892098500626e-16
mild_diagonal,2.5,2.5,vertical,18,0.0,9.0,9.0,2.5,11.5,11.76860229593982,exact_distance_minus_5cm,2.5,11.5,1.0413695589282066,5.968558980384842e-13,4.263256414560601e-13,0.0,5.968558980384842e-13,0.0,0.4444444444444557,0.6666666666666821,0.6666666666666682,1.0649988034526081,1.0638517918986585,1.507386852077989,-1.0649988034526081,5.579597198043665e-17,4.440892098500626e-16,0.3333333333333333,1.391613177850879,0.6713785717761294,1.0413695589282066
mild_diagonal,2.5,2.5,vertical,18,0.0,9.0,9.0,2.5,11.5,11.76860229593982,exact_distance_plus_5cm,2.5,11.5,1.0413695589282075,5.968558980384842e-13,4.263256414560601e-13,0.0,5.968558980384842e-13,0.0,1.7777777777778228,1.3333333333333641,1.3333333333333364,1.0649988034526083,1.0638517918986599,1.5073868520779883,1.0649988034526081,1.1204187818783694e-16,8.881784197001252e-16,0.3333333333333334,1.3916131778508776,0.6713785717761297,1.0413695589282075
mild_diagonal,2.5,2.5,vertical,18,0.0,9.0,9.0,2.5,11.5,11.76860229593982,planar_no_correction,2.5,11.5,0.044000884941861974,1.4106459787650607,0.7946547058072397,0.4887112760355876,1.3894734953945829,0.0,0.9575121735311796,0.9985680287836456,0.958885269637086,0.05213101382555344,0.04654700865361254,0.12909960504638007,-0.05068413579563545,0.01038295322096979,0.041917106210077805,0.015177074715500338,0.10304865351282676,0.011969334062005494,0.044000884941861974
mild_diagonal,2.5,2.5,vertical,19,0.0,9.5,9.5,2.5,12.0,12.257650672131263,exact_true_distance,2.5,12.0,0.0,7.105427357601002e-13,3.268496584496461e-13,6.252776074688882e-13,8.526512829121202e-14,0.0,1.0000000000000155,1.0000000000000147,1.0000000000000009,2.591898692770633e-16,1.1102230246251565e-16,1.7763568394002505e-15,9.116174532308201e-17,6.595460992524276e-17,6.752473501762274e-16,7.847277232598902e-17,8.881784197001252e-16,0.0,0.0
mild_diagonal,2.5,2.5,vertical,19,0.0,9.5,9.5,2.5,12.0,12.257650672131263,exact_distance_minus_5cm,2.5,12.0,1.0859638119918522,3.694822225952521e-13,2.4868995751603507e-13,0.0,3.694822225952521e-13,0.0,0.44444444444444087,0.6666666666666682,0.6666666666666599,1.108842212518745,1.1068667032983617,1.5513832643297385,-1.108842212518745,6.00259728894366e-17,5.551115123125783e-16,0.3333333333333333,1.4385777663920138,0.7150344836980161,1.0859638119918522
mild_diagonal,2.5,2.5,vertical,19,0.0,9.5,9.5,2.5,12.0,12.257650672131263,exact_distance_plus_5cm,2.5,12.0,1.085963811991854,3.694822225952521e-13,2.4868995751603507e-13,0.0,3.694822225952521e-13,0.0,1.7777777777777635,1.3333333333333364,1.3333333333333197,1.1088422125187452,1.1068667032983612,1.5513832643297385,1.108842212518745,1.1786728807593275e-16,9.992007221626409e-16,0.3333333333333334,1.4385777663920134,0.7150344836980155,1.085963811991854
mild_diagonal,2.5,2.5,vertical,19,0.0,9.5,9.5,2.5,12.0,12.257650672131263,planar_no_correction,2.5,12.0,0.04979499869402038,1.525365552956913,0.8693217556547665,0.5087293219255571,1.5048075303945154,0.0,0.9540424147367098,0.9985667077068088,0.9554117991051911,0.05829923693444798,0.052500598718286814,0.1404099546456401,-0.05676799765151449,0.01126508488756789,0.044663529586728756,0.016380082544092622,0.1131833887129152,0.01444034214489155,0.04979499869402038
mild_diagonal,2.5,2.5,vertical,20,0.0,10.0,10.0,2.5,12.5,12.747548783981962,exact_true_distance,2.5,12.5,0.0,6.394884621840902e-13,3.268496584496461e-13,6.252776074688882e-13,3.979039320256561e-13,0.0,1.0000000000000044,1.000000000000008,0.9999999999999964,2.3244328215819257e-16,5.551115123125783e-17,9.155133597044475e-16,1.016102215180182e-16,5.844412845811539e-17,5.505520396446621e-16,6.694189217377934e-17,8.881784197001252e-16,0.0,0.0
mild_diagonal,2.5,2.5,vertical,20,0.0,10.0,10.0,2.5,12.5,12.747548783981962,exact_distance_minus_5cm,2.5,12.5,1.1308016197131967,9.663381206337363e-13,4.760636329592671e-13,9.663381206337363e-13,3.694822225952521e-13,0.0,0.4444444444444483,0.6666666666666754,0.6666666666666637,1.1529967548575863,1.1510538364568415,1.5957973736263795,-1.1529967548575863,5.722729944098384e-17,4.440892098500626e-16,0.33333333333333337,1.484448221912988,0.7588909650012692,1.1308016197131967
mild_diagonal,2.5,2.5,vertical,20,0.0,10.0,10.0,2.5,12.5,12.747548783981962,exact_distance_plus_5cm,2.5,12.5,1.1308016197131967,9.663381206337363e-13,4.760636329592671e-13,9.663381206337363e-13,3.694822225952521e-13,0.0,1.777777777777793,1.3333333333333508,1.3333333333333275,1.1529967548575868,1.1510538364568401,1.5957973736263806,1.1529967548575868,1.1367340574019823e-16,8.881784197001252e-16,0.3333333333333334,1.4844482219129893,0.7588909650012696,1.1308016197131967
mild_diagonal,2.5,2.5,vertical,20,0.0,10.0,10.0,2.5,12.5,12.747548783981962,planar_no_correction,2.5,12.5,0.05609721046385951,1.644473222632044,0.94748776418011,0.5285922892301755,1.6247175871944677,0.0,0.9504339158358225,0.9985654027733945,0.9517993645645116,0.06498069755880052,0.05886356907470026,0.15243558486707356,-0.06336537878668064,0.012185546678210793,0.04749975636643897,0.017634597818880937,0.12425160914056058,0.017238917748639143,0.05609721046385951
mild_diagonal,2.5,2.5,diagonal,0,0.0,0.0,0.0,2.5,2.5,3.5355339059327378,exact_true_distance,2.5,2.5,0.0,8.526512829121202e-14,5.684341886080802e-14,0.0,8.526512829121202e-14,0.0,1.0000000000000044,1.0000000000000036,1.0000000000000009,6.459383218040467e-17,5.551115123125783e-17,4.577566798522237e-16,-5.8183353026120645e-18,3.271534460877572e-17,3.751967237598433e-16,6.276165691995438e-17,2.220446049250313e-16,5.551115123125783e-17,0.0
mild_diagonal,2.5,2.5,diagonal,0,0.0,0.0,0.0,2.5,2.5,3.5355339059327378,exact_distance_minus_5cm,2.5,2.5,0.3088765840464717,1.1368683772161603e-13,5.684341886080802e-14,1.1368683772161603e-13,5.684341886080802e-14,0.0,0.4444444444444465,0.666666666666669,0.6666666666666674,0.38636601821134264,0.4013186984618008,0.8082567726407253,-0.38636601821134264,3.062339033290408e-17,3.885780586188048e-16,0.33333333333333337,0.6649383353840974,0.18519416599597935,0.3088765840464717
mild_diagonal,2.5,2.5,diagonal,0,0.0,0.0,0.0,2.5,2.5,3.5355339059327378,exact_distance_plus_5cm,2.5,2.5,0.3088765840464716,1.1368683772161603e-13,5.684341886080802e-14,1.1368683772161603e-13,5.684341886080802e-14,0.0,1.7777777777777857,1.333333333333338,1.3333333333333348,0.3863660182113426,0.401318698461801,0.808256772640725,0.3863660182113426,6.133243328240903e-17,8.326672684688674e-16,0.33333333333333337,0.6649383353840974,0.18519416599597938,0.3088765840464716
mild_diagonal,2.5,2.5,diagonal,0,0.0,0.0,0.0,2.5,2.5,3.5355339059327378,planar_no_correction,2.5,2.5,0.001119622912454363,0.11540641718050892,0.05452895003590186,0.10901351313555097,0.0818900523709658,0.0,0.995248990874609,0.9986839211534385,0.9965605431247334,0.0036531376154040228,0.002532169632839711,0.019804731517968747,-0.0034840275374228295,0.0009824886691974927,0.007759762845106552,0.0023441116362832915,0.011081386416259857,0.0002416672874087622,0.001119622912454363
mild_diagonal,2.5,2.5,diagonal,1,0.35355339059327373,0.35355339059327373,0.49999999999999994,2.853553390593274,2.853553390593274,4.035533905932738,exact_true_distance,2.853553390593274,2.853553390593274,2.482534153247273e-16,4.121147867408581e-13,2.2026824808563106e-13,1.7053025658242404e-13,3.979039320256561e-13,0.0,1.0000000000000018,1.0000000000000067,0.9999999999999951,1.02200261518058e-16,2.7755575615628914e-17,6.280369834735101e-16,1.9991498683085136e-17,4.5590985594829965e-17,6.148840488384371e-16,8.255643448074555e-17,4.440892098500626e-16,0.0,2.482534153247273e-16
mild_diagonal,2.5,2.5,diagonal,1,0.35355339059327373,0.35355339059327373,0.49999999999999994,2.853553390593274,2.853553390593274,4.035533905932738,exact_distance_minus_5cm,2.853553390593274,2.853553390593274,0.35267708856010993,8.526512829121202e-14,4.263256414560601e-14,0.0,5.684341886080802e-14,0.0,0.44444444444444553,0.6666666666666682,0.6666666666666667,0.41814200621097586,0.4385377798120417,0.8529414970488277,-0.41814200621097586,3.8207000769599233e-17,4.996003610813204e-16,0.3333333333333333,0.708121148840876,0.14151994332250986,0.35267708856010993
mild_diagonal,2.5,2.5,diagonal,1,0.35355339059327373,0.35355339059327373,0.49999999999999994,2.853553390593274,2.853553390593274,4.035533905932738,exact_distance_plus_5cm,2.853553390593274,2.853553390593274,0.3526770885601104,8.526512829121202e-14,4.263256414560601e-14,0.0,5.684341886080802e-14,0.0,1.7777777777777821,1.3333333333333364,1.3333333333333335,0.41814200621097586,0.4385377798120418,0.8529414970488288,0.41814200621097586,7.494603952576776e-17,9.43689570931383e-16,0.33333333333333337,0.7081211488408764,0.14151994332250986,0.3526770885601104
mild_diagonal,2.5,2.5,diagonal,1,0.35355339059327373,0.35355339059327373,0.49999999999999994,2.853553390593274,2.853553390593274,4.035533905932738,planar_no_correction,2.853553390593274,2.853553390593274,0.0016655412973235356,0.1503544881954042,0.07103775260229384,0.14200004463009464,0.1067205941404552,0.0,0.9938144040828436,0.9982855528033999,0.9955211725663058,0.004512379516932117,0.003284764101859973,0.023234942047974973,-0.004298206314397745,0.0012293212097562569,0.009098284400797853,0.002716899766490625,0.013396130781493956,0.00010787819031660906,0.0016655412973235356
mild_diagonal,2.5,2.5,diagonal,2,0.7071067811865475,0.7071067811865475,0.9999999999999999,3.2071067811865475,3.2071067811865475,4.535533905932738,exact_true_distance,3.2071067811865475,3.2071067811865475,1.5700924586837752e-16,1.9895196601282805e-13,8.526512829121202e-14,1.5631940186722204e-13,1.4210854715202004e-13,0.0,0.999999999999999,1.0000000000000016,0.9999999999999974,1.4954229142778548e-16,1.1443916996305594e-16,7.021666937153402e-16,6.220317683579204e-17,5.930308680391944e-17,5.116531062782726e-16,1.065789326456082e-16,4.440892098500626e-16,0.0,1.5700924586837752e-16
mild_diagonal,2.5,2.5,diagonal,2,0.7071067811865475,0.7071067811865475,0.9999999999999999,3.2071067811865475,3.2071067811865475,4.535533905932738,exact_distance_minus_5cm,3.2071067811865475,3.2071067811865475,0.3965247630823053,2.8421709430404007e-13,1.1368683772161603e-13,2.4158453015843406e-13,2.2737367544323206e-13,0.0,0.44444444444444464,0.6666666666666687,0.6666666666666649,0.45286641653982607,0.4746084246384898,0.8977422476662568,-0.452866416539826,4.3992164247485004e-17,3.3306690738754696e-16,0.3333333333333333,0.751472140639481,0.09786459254319162,0.3965247630823053
mild_diagonal,2.5,2.5,diagonal,2,0.7071067811865475,0.7071067811865475,0.9999999999999999,3.2071067811865475,3.2071067811865475,4.535533905932738,exact_distance_plus_5cm,3.2071067811865475,3.2071067811865475,0.3965247630823057,2.8421709430404007e-13,1.1368683772161603e-13,2.4158453015843406e-13,2.2737367544323206e-13,0.0,1.7777777777777786,1.3333333333333375,1.3333333333333297,0.4528664165398261,0.4746084246384899,0.897742247666256,0.4528664165398261,8.596204312809334e-17,6.106226635438361e-16,0.3333333333333334,0.7514721406394801,0.09786459254319169,0.3965247630823057
mild_diagonal,2.5,2.5,diagonal,2,0.7071067811865475,0.7071067811865475,0.9999999999999999,3.2071067811865475,3.2071067811865475,4.535533905932738,planar_no_correction,3.2071067811865475,3.2071067811865475,0.002365389092851976,0.1899174192776627,0.08972434313200495,0.17932807194790712,0.13484804558299857,0.0,0.992192497576246,0.9978345769430373,0.9943456766310139,0.005533765759406011,0.0042234664316058825,0.027043443197188988,-0.005262603502495125,0.0015382532740673542,0.010582886921002626,0.0031375693275932162,0.01603831770227447,3.5683179793778644e-05,0.002365389092851976
mild_diagonal,2.5,2.5,diagonal,3,1.0606601717798212,1.0606601717798212,1.4999999999999998,3.560660171779821,3.560660171779821,5.035533905932737,exact_true_distance,3.560660171779821,3.560660171779821,1.1102230246251565e-16,3.126388037344441e-13,1.4210854715202004e-13,3.126388037344441e-13,1.4210854715202004e-13,0.0,1.0000000000000018,1.0000000000000036,0.9999999999999982,1.3260447539017313e-16,1.1102230246251565e-16,6.280369834735101e-16,8.221387149015089e-17,5.4374070292504764e-17,4.1893614063698705e-16,8.778511667329713e-17,4.440892098500626e-16,0.0,1.1102230246251565e-16
mild_diagonal,2.5,2.5,diagonal,3,1.0606601717798212,1.0606601717798212,1.4999999999999998,3.560660171779821,3.560660171779821,5.035533905932737,exact_distance_minus_5cm,3.560660171779821,3.560660171779821,0.4404255216706836,2.4158453015843406e-13,1.1368683772161603e-13,2.4158453015843406e-13,1.1368683772161603e-13,0.0,0.4444444444444465,0.6666666666666695,0.6666666666666669,0.490074854591064,0.5128222209434828,0.9426653838729643,-0.490074854591064,4.2011834473303273e-17,3.3306690738754696e-16,0.3333333333333333,0.7950407512686587,0.05422228825858189,0.4404255216706836
mild_diagonal,2.5,2.5,diagonal,3,1.0606601717798212,1.0606601717798212,1.4999999999999998,3.560660171779821,3.560660171779821,5.035533905932737,exact_distance_plus_5cm,3.560660171779821,3.560660171779821,0.4404255216706837,2.4158453015843406e-13,1.1368683772161603e-13,2.4158453015843406e-13,1.1368683772161603e-13,0.0,1.7777777777777857,1.333333333333339,1.3333333333333337,0.4900748545910641,0.5128222209434826,0.9426653838729632,0.4900748545910641,8.178354343472275e-17,7.771561172376096e-16,0.33333333333333337,0.795040751268659,0.05422228825858188,0.4404255216706837
mild_diagonal,2.5,2.5,diagonal,3,1.0606601717798212,1.0606601717798212,1.4999999999999998,3.560660171779821,3.560660171779821,5.035533905932737,planar_no_correction,3.560660171779821,3.560660171779821,0.003238457086737349,0.2340947348016016,0.11058772580876308,0.22099182999608047,0.16627882010865846,0.0,0.9903840720673965,0.9973309972538815,0.9930344838317339,0.006734018297434632,0.005235827386743425,0.031250923572295676,-0.006392235489036842,0.0019225879657799381,0.012221234085698696,0.0036059253465129224,0.019011171083604377,6.06998580040983e-06,0.003238457086737349
mild_diagonal,2.5,2.5,diagonal,4,1.414213562373095,1.414213562373095,1.9999999999999998,3.914213562373095,3.914213562373095,5.535533905932738,exact_true_distance,3.914213562373095,3.914213562373095,0.0,6.536993168992922e-13,3.197442310920451e-13,3.410605131648481e-13,3.126388037344441e-13,0.0,1.0000000000000073,1.0000000000000124,0.9999999999999949,1.4695403889259459e-16,1.1102230246251565e-16,8.881784197001252e-16,4.4620413295974574e-17,6.676937262196416e-17,6.280129749881125e-16,8.499131274928945e-17,4.440892098500626e-16,0.0,0.0
mild_diagonal,2.5,2.5,diagonal,4,1.414213562373095,1.414213562373095,1.9999999999999998,3.914213562373095,3.914213562373095,5.535533905932738,exact_distance_minus_5cm,3.914213562373095,3.914213562373095,0.48438530292525184,4.831690603168681e-13,2.2737367544323206e-13,2.2737367544323206e-13,2.2737367544323206e-13,0.0,0.4444444444444483,0.6666666666666741,0.6666666666666651,0.5292206352813853,0.5533515289681307,0.987717322949669,-0.5292206352813853,4.726734487323241e-17,3.885780586188048e-16,0.3333333333333333,0.8388150200049763,0.010587211068750307,0.48438530292525184
mild_diagonal,2.5,2.5,diagonal,4,1.414213562373095,1.414213562373095,1.9999999999999998,3.914213562373095,3.914213562373095,5.535533905932738,exact_distance_plus_5cm,3.914213562373095,3.914213562373095,0.4843853029252518,4.831690603168681e-13,2.2737367544323206e-13,2.2737367544323206e-13,2.2737367544323206e-13,0.0,1.777777777777793,1.3333333333333481,1.3333333333333302,0.5292206352813854,0.5533515289681309,0.9877173229496686,0.5292206352813854,9.201206539368356e-17,8.326672684688674e-16,0.33333333333333337,0.8388150200049759,0.010587211068750307,0.4843853029252518
mild_diagonal,2.5,2.5,diagonal,4,1.414213562373095,1.414213562373095,1.9999999999999998,3.914213562373095,3.914213562373095,5.535533905932738,planar_no_correction,3.914213562373095,3.914213562373095,0.0043041131522304306,0.28288587400577114,0.13362679832987823,0.26698486240798047,0.2010200807308422,0.0,0.9883900197775577,0.9967748178948331,0.9915880718826906,0.008130989627715626,0.006577978239017485,0.03587825338794389,-0.007703276503049642,0.002395408689303532,0.014021008810977162,0.004121871589965634,0.022334991993600145,4.518846374382841e-08,0.0043041131522304306
mild_diagonal,2.5,2.5,diagonal,5,1.7677669529663687,1.7677669529663687,2.5,4.267766952966369,4.267766952966369,6.035533905932738,exact_true_distance,4.267766952966369,4.267766952966369,2.220446049250313e-16,3.410605131648481e-13,1.4921397450962104e-13,3.410605131648481e-13,1.5631940186722204e-13,0.0,1.0000000000000129,1.000000000000009,1.0000000000000038,1.4361768730138802e-16,1.1102230246251565e-16,6.280369834735101e-16,-1.3450517783925134e-17,6.786062879501065e-17,4.909896805282035e-16,7.9830052945198e-17,4.440892098500626e-16,1.3877787807814457e-17,2.220446049250313e-16
mild_diagonal,2.5,2.5,diagonal,5,1.7677669529663687,1.7677669529663687,2.5,4.267766952966369,4.267766952966369,6.035533905932738,exact_distance_minus_5cm,4.267766952966369,4.267766952966369,0.5284100727702543,5.115907697472721e-13,2.4868995751603507e-13,4.547473508864641e-13,1.1368683772161603e-13,0.0,0.4444444444444483,0.6666666666666727,0.6666666666666664,0.5696523516173593,0.5915902042109998,1.0329045432892177,-0.5696523516173593,5.250608593557403e-17,3.885780586188048e-16,0.33333333333333337,0.8833268900507545,0.03304645510361368,0.5284100727702543
mild_diagonal,2.5,2.5,diagonal,5,1.7677669529663687,1.7677669529663687,2.5,4.267766952966369,4.267766952966369,6.035533905932738,exact_distance_plus_5cm,4.267766952966369,4.267766952966369,0.5284100727702543,5.115907697472721e-13,2.4868995751603507e-13,4.547473508864641e-13,1.1368683772161603e-13,0.0,1.777777777777793,1.3333333333333455,1.3333333333333328,0.5696523516173593,0.5915902042109997,1.0329045432892185,0.5696523516173593,1.0486976149655865e-16,7.771561172376096e-16,0.3333333333333333,0.8833268900507544,0.03304645510361368,0.5284100727702543
mild_diagonal,2.5,2.5,diagonal,5,1.7677669529663687,1.7677669529663687,2.5,4.267766952966369,4.267766952966369,6.035533905932738,planar_no_correction,4.267766952966369,4.267766952966369,0.005581810978742307,0.3362901811958068,0.1588403551116997,0.3173000154818624,0.23907974046119307,0.0,0.9862113238081952,0.9961660435180616,0.990006967438169,0.009743373462923326,0.008013365974428949,0.040946494506343155,-0.009212798411857872,0.0029692319403988613,0.015989914180264995,0.004685423414081238,0.026030240135346456,1.3741924290673223e-06,0.005581810978742307
mild_diagonal,2.5,2.5,diagonal,6,2.1213203435596424,2.1213203435596424,2.9999999999999996,4.621320343559642,4.621320343559642,6.535533905932737,exact_true_distance,4.621320343559642,4.621320343559642,6.280369834735101e-16,5.115907697472721e-13,1.9895196601282805e-13,3.126388037344441e-13,1.5631940186722204e-13,0.0,1.0000000000000129,1.0000000000000127,1.0000000000000002,1.4392747437578722e-16,1.1102230246251565e-16,9.155133597044475e-16,-6.703073535747641e-18,7.534794051488707e-17,6.09523356679369e-16,8.349059298560285e-17,4.449557262054371e-16,2.7755575615628914e-17,6.280369834735101e-16
mild_diagonal,2.5,2.5,diagonal,6,2.1213203435596424,2.1213203435596424,2.9999999999999996,4.621320343559642,4.621320343559642,6.535533905932737,exact_distance_minus_5cm,4.621320343559642,4.621320343559642,0.5725058272602039,2.4158453015843406e-13,1.1368683772161603e-13,2.4158453015843406e-13,1.1368683772161603e-13,0.0,0.44444444444445386,0.6666666666666751,0.6666666666666724,0.6108092535062778,0.6321050919872614,1.0782335876636817,-0.6108092535062778,5.602300301239078e-17,3.885780586188048e-16,0.33333333333333337,0.9280582227732135,0.07668452568717957,0.5725058272602039
mild_diagonal,2.5,2.5,diagonal,6,2.1213203435596424,2.1213203435596424,2.9999999999999996,4.621320343559642,4.621320343559642,6.535533905932737,exact_distance_plus_5cm,4.621320343559642,4.621320343559642,0.5725058272602052,2.4158453015843406e-13,1.1368683772161603e-13,2.4158453015843406e-13,1.1368683772161603e-13,0.0,1.7777777777778154,1.3333333333333501,1.3333333333333448,0.6108092535062778,0.6321050919872615,1.0782335876636815,0.6108092535062778,1.1018847939970229e-16,7.216449660063518e-16,0.3333333333333333,0.9280582227732144,0.0766845256871795,0.5725058272602052
mild_diagonal,2.5,2.5,diagonal,6,2.1213203435596424,2.1213203435596424,2.9999999999999996,4.621320343559642,4.621320343559642,6.535533905932737,planar_no_correction,4.621320343559642,4.621320343559642,0.00709109887616454,0.3943068949312476,0.18622709083208377,0.37192943154718705,0.28046646271855025,0.0,0.9838490574488039,0.9955046792866205,0.9882917458045813,0.011590378653916947,0.009773587633001625,0.046476910646632626,-0.010938451096607705,0.003636582578729087,0.018135674373532695,0.005296689134533737,0.030089982411171293,1.7169099050058944e-05,0.00709109887616454
mild_diagonal,2.5,2.5,diagonal,7,2.4748737341529163,2.4748737341529163,3.5,4.974873734152917,4.974873734152917,7.035533905932738,exact_true_distance,4.974873734152917,4.974873734152917,0.0,8.242295734817162e-13,4.263256414560601e-13,3.410605131648481e-13,7.958078640513122e-13,0.0,1.0000000000000018,1.0000000000000124,0.9999999999999893,1.527582255587456e-16,1.1102230246251565e-16,6.280369834735101e-16,2.1431378034122862e-17,7.902512375781896e-17,6.27773729527189e-16,7.671917700356093e-17,4.47545209131181e-16,1.2412670766236366e-16,0.0
mild_diagonal,2.5,2.5,diagonal,7,2.4748737341529163,2.4748737341529163,3.5,4.974873734152917,4.974873734152917,7.035533905932738,exact_distance_minus_5cm,4.974873734152917,4.974873734152917,0.6166785954126212,4.831690603168681e-13,3.339550858072471e-13,0.0,4.831690603168681e-13,0.0,0.4444444444444465,0.6666666666666737,0.6666666666666626,0.6524999795017885,0.6729094539203399,1.1237110665503887,-0.6524999795017885,6.946736794102008e-17,5.551115123125783e-16,0.33333333333333337,0.9729293468246458,0.12033281813538595,0.6166785954126212
mild_diagonal,2.5,2.5,diagonal,7,2.4748737341529163,2.4748737341529163,3.5,4.974873734152917,4.974873734152917,7.035533905932738,exact_distance_plus_5cm,4.974873734152917,4.974873734152917,0.6166785954126213,4.831690603168681e-13,3.339550858072471e-13,0.0,4.831690603168681e-13,0.0,1.7777777777777857,1.3333333333333475,1.3333333333333253,0.6524999795017886,0.67290945392034,1.1237110665503889,0.6524999795017885,1.3815870253645149e-16,1.1657341758564144e-15,0.33333333333333337,0.972929346824645,0.12033281813538613,0.6166785954126213
mild_diagonal,2.5,2.5,diagonal,7,2.4748737341529163,2.4748737341529163,3.5,4.974873734152917,4.974873734152917,7.035533905932738,planar_no_correction,4.974873734152917,4.974873734152917,0.00885162866061307,0.45693513619950465,0.21578560430747018,0.43086454177148426,0.3251896617539245,0.0,0.9813043834215304,0.9947907308938065,0.9864430306259904,0.013691487852583081,0.011803539815710523,0.05249097777373993,-0.012898197715382313,0.004401629738555986,0.02046603559434551,0.005955781188649846,0.0345555922355071,6.632683541419243e-05,0.00885162866061307
mild_diagonal,2.5,2.5,diagonal,8,2.82842712474619,2.82842712474619,3.9999999999999996,5.32842712474619,5.32842712474619,7.535533905932737,exact_true_distance,5.32842712474619,5.32842712474619,3.1401849173675503e-16,3.836930773104541e-13,1.5631940186722204e-13,3.126388037344441e-13,3.126388037344441e-13,0.0,0.9999999999999962,1.000000000000002,0.9999999999999942,1.3235147556964087e-16,0.0,9.155133597044475e-16,2.5785906494169022e-17,7.340058964773642e-17,6.591519159062474e-16,6.119929401391633e-17,4.440892098500626e-16,0.0,3.1401849173675503e-16
mild_diagonal,2.5,2.5,diagonal,8,2.82842712474619,2.82842712474619,3.9999999999999996,5.32842712474619,5.32842712474619,7.535533905932737,exact_distance_minus_5cm,5.32842712474619,5.32842712474619,0.6609344420700408,3.979039320256561e-13,1.4210854715202004e-13,2.2737367544323206e-13,1.1368683772161603e-13,0.0,0.4444444444444465,0.6666666666666713,0.6666666666666651,0.6946265350754136,0.7142259902727518,1.1693436615201738,-0.6946265350754136,6.772129291344556e-17,4.996003610813204e-16,0.33333333333333337,1.0179449687606574,0.1639971546016251,0.6609344420700408
mild_diagonal,2.5,2.5,diagonal,8,2.82842712474619,2.82842712474619,3.9999999999999996,5.32842712474619,5.32842712474619,7.535533905932737,exact_distance_plus_5cm,5.32842712474619,5.32842712474619,0.6609344420700412,3.979039320256561e-13,1.4210854715202004e-13,2.2737367544323206e-13,1.1368683772161603e-13,0.0,1.7777777777777857,1.3333333333333426,1.3333333333333302,0.6946265350754136,0.7142259902727515,1.169343661520174,0.6946265350754136,1.329906506817865e-16,9.43689570931383e-16,0.33333333333333337,1.0179449687606583,0.1639971546016251,0.6609344420700412
mild_diagonal,2.5,2.5,diagonal,8,2.82842712474619,2.82842712474619,3.9999999999999996,5.32842712474619,5.32842712474619,7.535533905932737,planar_no_correction,5.32842712474619,5.32842712474619,0.01088316462941885,0.5241738955662356,0.24751440270205194,0.49409605842220117,0.373259503060936,0.0,0.9785785530634505,0.9940242045842023,0.9844614935435977,0.016066385839399813,0.01402747354360697,0.05901039467671883,-0.015110223092938167,0.00527203024619855,0.022988766994599848,0.0066627898454669114,0.039452214499307726,0.00016784947267963488,0.01088316462941885
mild_diagonal,2.5,2.5,diagonal,9,3.181980515339464,3.181980515339464,4.5,5.681980515339464,5.681980515339464,8.035533905932738,exact_true_distance,5.681980515339464,5.681980515339464,0.0,9.521272659185342e-13,4.831690603168681e-13,9.521272659185342e-13,4.831690603168681e-13,0.0,1.0000000000000018,1.000000000000009,0.9999999999999927,1.777509518839684e-16,1.1102230246251565e-16,9.930136612989092e-16,1.796850303542839e-17,9.970379051145848e-17,7.197730550707588e-16,8.068242045039464e-17,4.577566798522237e-16,0.0,0.0
mild_diagonal,2.5,2.5,diagonal,9,3.181980515339464,3.181980515339464,4.5,5.681980515339464,5.681980515339464,8.035533905932738,exact_distance_minus_5cm,5.681980515339464,5.681980515339464,0.7052794707939141,7.958078640513122e-13,3.481659405224491e-13,7.105427357601002e-13,1.1368683772161603e-13,0.0,0.4444444444444465,0.6666666666666732,0.6666666666666632,0.7371241435542841,0.7563457959252995,1.2151381286912226,-0.7371241435542841,8.425740771359569e-17,4.440892098500626e-16,0.33333333333333337,1.0631101479563825,0.20768336461855244,0.7052794707939141
mild_diagonal,2.5,2.5,diagonal,9,3.181980515339464,3.181980515339464,4.5,5.681980515339464,5.681980515339464,8.035533905932738,exact_distance_plus_5cm,5.681980515339464,5.681980515339464,0.7052794707939138,7.958078640513122e-13,3.481659405224491e-13,7.105427357601002e-13,1.1368683772161603e-13,0.0,1.7777777777777857,1.3333333333333464,1.3333333333333264,0.7371241435542841,0.7563457959252989,1.215138128691223,0.7371241435542841,1.6371826889754222e-16,9.992007221626409e-16,0.33333333333333337,1.0631101479563818,0.20768336461855236,0.7052794707939138
mild_diagonal,2.5,2.5,diagonal,9,3.181980515339464,3.181980515339464,4.5,5.681980515339464,5.681980515339464,8.035533905932738,planar_no_correction,5.681980515339464,5.681980515339464,0.013205592633327334,0.5960220193287711,0.2814119060753768,0.5616139666165054,0.42468690379379836,0.0,0.975672905446799,0.9932051071765183,0.9823478538289439,0.018734939035247748,0.016489423670097765,0.06605709374680215,-0.017592905196569145,0.0062554389193672805,0.025711661596783016,0.007417787586875592,0.04480104399536072,0.00034076226702244787,0.013205592633327334
mild_diagonal,2.5,2.5,diagonal,10,3.5355339059327373,3.5355339059327373,5.0,6.035533905932738,6.035533905932738,8.535533905932738,exact_true_distance,6.035533905932738,6.035533905932738,3.1401849173675503e-16,6.536993168992922e-13,3.126388037344441e-13,3.126388037344441e-13,6.252776074688882e-13,0.0,1.0000000000000073,1.0000000000000124,0.9999999999999949,1.6967137361444444e-16,2.220446049250313e-16,9.930136612989092e-16,3.974511433329903e-18,1.0066115795406457e-16,9.256244284050278e-16,7.511874279659932e-17,4.965068306494546e-16,1.1102230246251565e-16,3.1401849173675503e-16
mild_diagonal,2.5,2.5,diagonal,10,3.5355339059327373,3.5355339059327373,5.0,6.035533905932738,6.035533905932738,8.535533905932738,exact_distance_minus_5cm,6.035533905932738,6.035533905932738,0.7497198267930439,4.831690603168681e-13,3.268496584496461e-13,0.0,4.689582056016661e-13,0.0,0.4444444444444502,0.6666666666666765,0.6666666666666654,0.7799473809304783,0.799560312497687,1.2611013022519821,-0.7799473809304786,8.141745589569671e-17,6.661338147750939e-16,0.33333333333333337,1.1084302423947061,0.25139728778386966,0.7497198267930439
mild_diagonal,2.5,2.5,diagonal,10,3.5355339059327373,3.5355339059327373,5.0,6.035533905932738,6.035533905932738,8.535533905932738,exact_distance_plus_5cm,6.035533905932738,6.035533905932738,0.7497198267930442,4.831690603168681e-13,3.268496584496461e-13,0.0,4.689582056016661e-13,0.0,1.7777777777778005,1.333333333333353,1.3333333333333308,0.7799473809304783,0.799560312497687,1.261101302251983,0.7799473809304783,1.5897125641122854e-16,1.1102230246251565e-15,0.3333333333333333,1.108430242394706,0.25139728778386966,0.7497198267930442
mild_diagonal,2.5,2.5,diagonal,10,3.5355339059327373,3.5355339059327373,5.0,6.035533905932738,6.035533905932738,8.535533905932738,planar_no_correction,6.035533905932738,6.035533905932738,0.01583892925398517,0.6724781946506795,0.3174764522613316,0.6334075155673986,0.4794835331484677,0.0,0.9725888664383031,0.9923334460881467,0.9801028779915881,0.02171718707462019,0.019339167371316347,0.07365325196572822,-0.02036480316859228,0.007359512780383068,0.028642537213580625,0.008220832687502276,0.05062348358922575,0.0006041220972620116,0.01583892925398517
mild_diagonal,2.5,2.5,diagonal,11,3.8890872965260113,3.8890872965260113,5.5,6.389087296526011,6.389087296526011,9.035533905932738,exact_true_distance,6.389087296526011,6.389087296526011,0.0,3.979039320256561e-13,1.5631940186722204e-13,3.126388037344441e-13,0.0,0.0,1.0000000000000073,1.0000000000000075,0.9999999999999998,1.5394878902086965e-16,1.1102230246251565e-16,1.3322676295501878e-15,2.868739601627255e-17,9.860305461248605e-17,9.148156263378432e-16,6.605949743072235e-17,4.440892098500626e-16,1.5700924586837752e-16,0.0
mild_diagonal,2.5,2.5,diagonal,11,3.8890872965260113,3.8890872965260113,5.5,6.389087296526011,6.389087296526011,9.035533905932738,exact_distance_minus_5cm,6.389087296526011,6.389087296526011,0.7942616998892728,5.968558980384842e-13,2.4158453015843406e-13,4.831690603168681e-13,0.0,0.0,0.4444444444444465,0.6666666666666722,0.6666666666666642,0.8230634458305603,0.8411366173893361,1.3072400980567174,-0.8230634458305603,8.985475461050121e-17,4.440892098500626e-16,0.33333333333333337,1.153910867680653,0.2951447764549465,0.7942616998892728
mild_diagonal,2.5,2.5,diagonal,11,3.8890872965260113,3.8890872965260113,5.5,6.389087296526011,6.389087296526011,9.035533905932738,exact_distance_plus_5cm,6.389087296526011,6.389087296526011,0.7942616998892723,5.968558980384842e-13,2.4158453015843406e-13,4.831690603168681e-13,0.0,0.0,1.7777777777777857,1.3333333333333444,1.3333333333333284,0.8230634458305603,0.8411366173893363,1.3072400980567178,0.8230634458305603,1.7982508865545182e-16,9.43689570931383e-16,0.33333333333333337,1.1539108676806538,0.29514477645494674,0.7942616998892723
mild_diagonal,2.5,2.5,diagonal,11,3.8890872965260113,3.8890872965260113,5.5,6.389087296526011,6.389087296526011,9.035533905932738,planar_no_correction,6.389087296526011,6.389087296526011,0.018803331094960938,0.75354093369927,0.35570630208108156,0.7094652093558125,0.5376618127249344,0.0,0.9693279476981559,0.9914092293615617,0.9777273793611689,0.025033340679001998,0.022581890736466693,0.08182130211520804,-0.02344465365382261,0.008591914499480208,0.03178923736465998,0.009071972030379518,0.05694115475915109,0.000977025929441031,0.018803331094960938
mild_diagonal,2.5,2.5,diagonal,12,4.242640687119285,4.242640687119285,5.999999999999999,6.742640687119285,6.742640687119285,9.535533905932738,exact_true_distance,6.742640687119285,6.742640687119285,3.1401849173675503e-16,3.979039320256561e-13,1.5631940186722204e-13,3.126388037344441e-13,0.0,0.0,0.9999999999999962,1.000000000000002,0.9999999999999942,2.446505706466161e-16,2.220446049250313e-16,9.930136612989092e-16,6.883977899098307e-17,1.2752460706551909e-16,9.541414138674165e-16,9.199907060048368e-17,6.280369834735101e-16,1.5700924586837752e-16,3.1401849173675503e-16
mild_diagonal,2.5,2.5,diagonal,12,4.242640687119285,4.242640687119285,5.999999999999999,6.742640687119285,6.742640687119285,9.535533905932738,exact_distance_minus_5cm,6.742640687119285,6.742640687119285,0.8389113275231732,1.4210854715202004e-14,0.0,0.0,0.0,0.0,0.4444444444444502,0.666666666666671,0.666666666666671,0.8664483020131958,0.8842200560258291,1.3535615172973947,-0.8664483020131958,9.79453150219576e-17,6.661338147750939e-16,0.3333333333333333,1.1995578659021586,0.3389316984546549,0.8389113275231732
mild_diagonal,2.5,2.5,diagonal,12,4.242640687119285,4.242640687119285,5.999999999999999,6.742640687119285,6.742640687119285,9.535533905932738,exact_distance_plus_5cm,6.742640687119285,6.742640687119285,0.8389113275231723,1.4210854715202004e-14,0.0,0.0,0.0,0.0,1.7777777777778005,1.333333333333342,1.333333333333342,0.866448302013196,0.8842200560258295,1.3535615172973936,0.866448302013196,1.925883604882187e-16,1.2212453270876722e-15,0.33333333333333337,1.1995578659021588,0.3389316984546546,0.8389113275231723
mild_diagonal,2.5,2.5,diagonal,12,4.242640687119285,4.242640687119285,5.999999999999999,6.742640687119285,6.742640687119285,9.535533905932738,planar_no_correction,6.742640687119285,6.742640687119285,0.022119104194687555,0.8392085567858345,0.3960996448926437,0.7897747972593265,0.5992349168385545,0.0,0.9658917456195042,0.9904324656924823,0.9752222176442692,0.028703783356883374,0.026256455528486853,0.09058394421869871,-0.026851371940262228,0.009960315261457697,0.03515963219042616,0.00997124332657915,0.06377590832534295,0.0014786193155984374,0.022119104194687555
mild_diagonal,2.5,2.5,diagonal,13,4.596194077712559,4.596194077712559,6.5,7.096194077712559,7.096194077712559,10.035533905932738,exact_true_distance,7.096194077712559,7.096194077712559,4.965068306494546e-16,3.126388037344441e-13,1.4210854715202004e-13,3.126388037344441e-13,1.4210854715202004e-13,0.0,1.0000000000000018,1.0000000000000036,0.9999999999999982,2.680425169787948e-16,2.220446049250313e-16,9.155133597044475e-16,5.3419626919095876e-17,1.3691586744361813e-16,6.864592149116098e-16,9.546921082321547e-17,6.280369834735101e-16,1.5700924586837752e-16,4.965068306494546e-16
mild_diagonal,2.5,2.5,diagonal,13,4.596194077712559,4.596194077712559,6.5,7.096194077712559,7.096194077712559,10.035533905932738,exact_distance_minus_5cm,7.096194077712559,7.096194077712559,0.883674997802564,5.684341886080801e-13,2.2737367544323206e-13,4.831690603168681e-13,4.689582056016661e-13,0.0,0.4444444444444465,0.6666666666666722,0.6666666666666642,0.9100842576521374,0.9263990710090856,1.400072650255701,-0.9100842576521374,1.0033946044983755e-16,5.551115123125783e-16,0.33333333333333337,1.245377281915041,0.38276393979080264,0.883674997802564
mild_diagonal,2.5,2.5,diagonal,13,4.596194077712559,4.596194077712559,6.5,7.096194077712559,7.096194077712559,10.035533905932738,exact_distance_plus_5cm,7.096194077712559,7.096194077712559,0.8836749978025651,5.684341886080801e-13,2.2737367544323206e-13,4.831690603168681e-13,4.689582056016661e-13,0.0,1.7777777777777857,1.3333333333333444,1.3333333333333284,0.9100842576521375,0.9263990710090848,1.4000726502557022,0.9100842576521375,1.970959584317444e-16,1.1102230246251565e-15,0.3333333333333334,1.24537728191504,0.3827639397908029,0.8836749978025651
mild_diagonal,2.5,2.5,diagonal,13,4.596194077712559,4.596194077712559,6.5,7.096194077712559,7.096194077712559,10.035533905932738,planar_no_correction,7.096194077712559,7.096194077712559,0.02580671356991228,0.9294791745097939,0.43865460446939153,0.8743232636503535,0.6642167727792412,0.0,0.962281940209366,0.9894031644598624,0.9725882984563705,0.03274907560429829,0.030070676817419068,0.09996415722704519,-0.030604056106350155,0.011472397197917194,0.0387616193625695,0.0109186768674309,0.07114983538095679,0.002128104934026588,0.02580671356991228
mild_diagonal,2.5,2.5,diagonal,14,4.949747468305833,4.949747468305833,7.0,7.449747468305833,7.449747468305833,10.535533905932738,exact_true_distance,7.449747468305833,7.449747468305833,3.1401849173675503e-16,3.410605131648481e-13,1.4921397450962104e-13,3.410605131648481e-13,1.5631940186722204e-13,0.0,1.0000000000000129,1.000000000000009,1.0000000000000038,2.4207688805310346e-16,2.220446049250313e-16,9.930136612989092e-16,4.6960742193779455e-17,1.4853932995216275e-16,9.547998619137908e-16,8.408433032265366e-17,6.280369834735101e-16,1.1102230246251565e-16,3.1401849173675503e-16
mild_diagonal,2.5,2.5,diagonal,14,4.949747468305833,4.949747468305833,7.0,7.449747468305833,7.449747468305833,10.535533905932738,exact_distance_minus_5cm,7.449747468305833,7.449747468305833,0.9285590525967259,2.2737367544323206e-13,1.6342482922482304e-13,0.0,2.2737367544323206e-13,0.0,0.4444444444444465,0.6666666666666708,0.6666666666666655,0.9539583549802847,0.9702294386650716,1.4467806801391172,-0.9539583549802848,1.0965186059690161e-16,6.661338147750939e-16,0.3333333333333333,1.2913753452933936,0.4266474073915821,0.9285590525967259
mild_diagonal,2.5,2.5,diagonal,14,4.949747468305833,4.949747468305833,7.0,7.449747468305833,7.449747468305833,10.535533905932738,exact_distance_plus_5cm,7.449747468305833,7.449747468305833,0.9285590525967271,2.2737367544323206e-13,1.6342482922482304e-13,0.0,2.2737367544323206e-13,0.0,1.7777777777777857,1.3333333333333417,1.333333333333331,0.9539583549802848,0.9702294386650714,1.4467806801391179,0.9539583549802848,2.131449884724293e-16,1.2212453270876722e-15,0.33333333333333337,1.2913753452933932,0.4266474073915817,0.9285590525967271
mild_diagonal,2.5,2.5,diagonal,14,4.949747468305833,4.949747468305833,7.0,7.449747468305833,7.449747468305833,10.535533905932738,planar_no_correction,7.449747468305833,7.449747468305833,0.02988679289839609,1.024350668920846,0.483369245214611,0.963096817508017,0.7326220609981391,0.0,0.9585002939119345,0.988321335757755,0.969826572829214,0.037189960822877816,0.03441056112399478,0.10998521095986709,-0.034721993148193166,0.013135855490140633,0.042603124991177604,0.011914296908989106,0.0790852784369273,0.0029447511783565476,0.02988679289839609
mild_diagonal,2.5,2.5,diagonal,15,5.303300858899106,5.303300858899106,7.499999999999999,7.803300858899106,7.803300858899106,11.035533905932736,exact_true_distance,7.803300858899106,7.803300858899106,0.0,6.252776074688882e-13,3.268496584496461e-13,6.252776074688882e-13,3.126388037344441e-13,0.0,0.9999999999999574,0.9999999999999842,0.9999999999999731,2.1736513332759534e-16,2.220446049250313e-16,9.930136612989092e-16,-8.016893671006051e-17,1.2639794472761443e-16,9.101669373220455e-16,7.219234331711762e-17,6.280369834735101e-16,0.0,0.0
mild_diagonal,2.5,2.5,diagonal,15,5.303300858899106,5.303300858899106,7.499999999999999,7.803300858899106,7.803300858899106,11.035533905932736,exact_distance_minus_5cm,7.803300858899106,7.803300858899106,0.9735698906792614,1.4779288903810084e-12,7.105427357601002e-13,1.4210854715202004e-12,4.831690603168681e-13,0.0,0.44444444444443165,0.6666666666666657,0.6666666666666484,0.9980612539310079,1.0128795934451282,1.4936928870050934,-0.9980612539310079,1.0894187264242687e-16,4.440892098500626e-16,0.33333333333333337,1.3375584566528524,0.47058803185945625,0.9735698906792614
mild_diagonal,2.5,2.5,diagonal,15,5.303300858899106,5.303300858899106,7.499999999999999,7.803300858899106,7.803300858899106,11.035533905932736,exact_distance_plus_5cm,7.803300858899106,7.803300858899106,0.9735698906792611,1.4779288903810084e-12,7.105427357601002e-13,1.4210854715202004e-12,4.831690603168681e-13,0.0,1.7777777777777266,1.3333333333333315,1.3333333333332968,0.9980612539310076,1.0128795934451282,1.4936928870050916,0.9980612539310076,2.16694928244803e-16,1.2212453270876722e-15,0.3333333333333333,1.3375584566528524,0.4705880318594562,0.9735698906792611
mild_diagonal,2.5,2.5,diagonal,15,5.303300858899106,5.303300858899106,7.499999999999999,7.803300858899106,7.803300858899106,11.035533905932736,planar_no_correction,7.803300858899106,7.803300858899106,0.03438015434982934,1.1238206737003225,0.5302415787062031,1.0560808815620248,0.8044662152082935,0.0,0.9545486503751505,0.9871869904289952,0.9669380366938777,0.04204737246650064,0.03908964987469121,0.12067067831499191,-0.03922466647099324,0.014958400220539972,0.046692104528203195,0.012958122766585834,0.08760982096315191,0.003947900802880876,0.03438015434982934
mild_diagonal,2.5,2.5,diagonal,16,5.65685424949238,5.65685424949238,7.999999999999999,8.15685424949238,8.15685424949238,11.535533905932736,exact_true_distance,8.15685424949238,8.15685424949238,0.0,6.536993168992922e-13,4.405364961712621e-13,0.0,6.252776074688882e-13,0.0,0.9999999999999796,1.0000000000000009,0.9999999999999787,1.9339207343232672e-16,0.0,1.3322676295501878e-15,-2.362123900175539e-18,1.2053643912561603e-16,9.624582540177398e-16,6.21252159222867e-17,4.965068306494546e-16,2.220446049250313e-16,0.0
mild_diagonal,2.5,2.5,diagonal,16,5.65685424949238,5.65685424949238,7.999999999999999,8.15685424949238,8.15685424949238,11.535533905932736,exact_distance_minus_5cm,8.15685424949238,8.15685424949238,1.0187139709226172,5.968558980384842e-13,2.3447910280083306e-13,4.547473508864641e-13,0.0,0.0,0.4444444444444391,0.6666666666666666,0.6666666666666586,1.0423864338987068,1.057206265496069,1.5408166517775248,-1.042386433898707,1.10692075506946e-16,6.661338147750939e-16,0.33333333333333337,1.383933177386308,0.5145917702459514,1.0187139709226172
mild_diagonal,2.5,2.5,diagonal,16,5.65685424949238,5.65685424949238,7.999999999999999,8.15685424949238,8.15685424949238,11.535533905932736,exact_distance_plus_5cm,8.15685424949238,8.15685424949238,1.0187139709226172,5.968558980384842e-13,2.3447910280083306e-13,4.547473508864641e-13,0.0,0.0,1.7777777777777561,1.3333333333333333,1.3333333333333173,1.042386433898707,1.0572062654960692,1.5408166517775248,1.0423864338987068,2.216813552739047e-16,1.1657341758564144e-15,0.33333333333333337,1.3839331773863086,0.5145917702459515,1.0187139709226172
mild_diagonal,2.5,2.5,diagonal,16,5.65685424949238,5.65685424949238,7.999999999999999,8.15685424949238,8.15685424949238,11.535533905932736,planar_no_correction,8.15685424949238,8.15685424949238,0.039307798574131136,1.2278865533759387,0.5792695705746524,1.1532600811086695,0.8797654223849634,0.0,0.9504289331616728,0.9860001401008168,0.9639237303399298,0.04734244210040785,0.04427525971161251,0.13204444775862517,-0.044131764361829404,0.01694775803078125,0.05103654366705323,0.01405016968052234,0.09677493044345398,0.005156979631614175,0.039307798574131136
mild_diagonal,2.5,2.5,diagonal,17,6.010407640085654,6.010407640085654,8.5,8.510407640085653,8.510407640085653,12.035533905932736,exact_true_distance,8.510407640085653,8.510407640085653,0.0,3.410605131648481e-13,2.2026824808563106e-13,0.0,3.126388037344441e-13,0.0,1.000000000000035,1.000000000000023,1.000000000000012,2.624472596880207e-16,2.220446049250313e-16,9.930136612989092e-16,-3.585905993812756e-18,1.582810885172623e-16,9.291727182738493e-16,8.167177760034527e-17,6.280369834735101e-16,0.0,0.0
mild_diagonal,2.5,2.5,diagonal,17,6.010407640085654,6.010407640085654,8.5,8.510407640085653,8.510407640085653,12.035533905932736,exact_distance_minus_5cm,8.510407640085653,8.510407640085653,1.0639978155473564,4.831690603168681e-13,2.2737367544323206e-13,4.831690603168681e-13,2.2737367544323206e-13,0.0,0.4444444444444502,0.6666666666666737,0.6666666666666682,1.0869296089337441,1.1015989487753857,1.5881594603598461,-1.0869296089337441,1.1264041454480694e-16,4.440892098500626e-16,0.33333333333333337,1.4305062220910993,0.5586646088498307,1.0639978155473564
mild_diagonal,2.5,2.5,diagonal,17,6.010407640085654,6.010407640085654,8.5,8.510407640085653,8.510407640085653,12.035533905932736,exact_distance_plus_5cm,8.510407640085653,8.510407640085653,1.0639978155473573,4.831690603168681e-13,2.2737367544323206e-13,4.831690603168681e-13,2.2737367544323206e-13,0.0,1.7777777777778005,1.3333333333333475,1.3333333333333364,1.086929608933744,1.1015989487753859,1.5881594603598461,1.086929608933744,2.225399453583858e-16,9.992007221626409e-16,0.3333333333333333,1.4305062220910998,0.5586646088498306,1.0639978155473573
mild_diagonal,2.5,2.5,diagonal,17,6.010407640085654,6.010407640085654,8.5,8.510407640085653,8.510407640085653,12.035533905932736,planar_no_correction,8.510407640085653,8.510407640085653,0.044690924856524004,1.336545381570204,0.6304511477073333,1.2546182325209543,0.9585366226441749,0.0,0.946143144405344,0.9847607972223682,0.9607847378511107,0.05309650816379124,0.04990464754381797,0.14413073610937494,-0.04946318919985084,0.019111673630136505,0.05564445923805615,0.015190449500869313,0.10657254210127565,0.006591505338662226,0.044690924856524004
mild_diagonal,2.5,2.5,diagonal,18,6.363961030678928,6.363961030678928,9.0,8.863961030678928,8.863961030678928,12.535533905932738,exact_true_distance,8.863961030678928,8.863961030678928,0.0,6.536993168992922e-13,3.268496584496461e-13,6.394884621840902e-13,3.126388037344441e-13,0.0,1.0000000000000018,1.0000000000000064,0.9999999999999953,2.6318149224783795e-16,2.220446049250313e-16,9.930136612989092e-16,6.576122415151235e-17,1.5659628397958769e-16,7.164717891830227e-16,7.850113517889e-17,6.280369834735101e-16,2.220446049250313e-16,0.0
mild_diagonal,2.5,2.5,diagonal,18,6.363961030678928,6.363961030678928,9.0,8.863961030678928,8.863961030678928,12.535533905932738,exact_distance_minus_5cm,8.863961030678928,8.863961030678928,1.1094280134293555,5.968558980384842e-13,2.4158453015843406e-13,4.831690603168681e-13,0.0,0.0,0.4444444444444465,0.6666666666666722,0.6666666666666642,1.1316882907928825,1.1455693340709576,1.635728907849228,-1.1316882907928825,1.231746544274787e-16,5.551115123125783e-16,0.33333333333333337,1.4772844531414255,0.6028125660411814,1.1094280134293555
mild_diagonal,2.5,2.5,diagonal,18,6.363961030678928,6.363961030678928,9.0,8.863961030678928,8.863961030678928,12.535533905932738,exact_distance_plus_5cm,8.863961030678928,8.863961030678928,1.1094280134293562,5.968558980384842e-13,2.4158453015843406e-13,4.831690603168681e-13,0.0,0.0,1.7777777777777857,1.3333333333333444,1.3333333333333284,1.1316882907928827,1.1455693340709567,1.635728907849228,1.1316882907928825,2.4149497260808356e-16,1.2212453270876722e-15,0.33333333333333337,1.477284453141426,0.6028125660411808,1.1094280134293562
mild_diagonal,2.5,2.5,diagonal,18,6.363961030678928,6.363961030678928,9.0,8.863961030678928,8.863961030678928,12.535533905932738,planar_no_correction,8.863961030678928,8.863961030678928,0.05055094144902946,1.4497939183142137,0.6837842057904382,1.3601383315103703,1.040797508990579,0.0,0.9416933634139277,0.9834689751041354,0.9575221865175928,0.05933112529588712,0.056035619817203314,0.1569541016297179,-0.0552390672459245,0.021457911186892623,0.06052390009955621,0.01637897122909236,0.11702611433366977,0.008271096307583551,0.05055094144902946
mild_diagonal,2.5,2.5,diagonal,19,6.717514421272201,6.717514421272201,9.499999999999998,9.2175144212722,9.2175144212722,13.035533905932736,exact_true_distance,9.2175144212722,9.2175144212722,6.280369834735101e-16,6.536993168992922e-13,4.476419235288631e-13,0.0,6.394884621840902e-13,0.0,0.9999999999999796,1.0000000000000009,0.9999999999999787,2.8531746452915065e-16,2.220446049250313e-16,1.4043333874306805e-15,7.310920192029361e-17,1.9116819471577755e-16,1.2433779456348235e-15,8.305536417009507e-17,8.881784197001252e-16,0.0,6.280369834735101e-16
mild_diagonal,2.5,2.5,diagonal,19,6.717514421272201,6.717514421272201,9.499999999999998,9.2175144212722,9.2175144212722,13.035533905932736,exact_distance_minus_5cm,9.2175144212722,9.2175144212722,1.1550112234681735,1.4210854715202004e-14,0.0,0.0,0.0,0.0,0.44444444444444275,0.6666666666666654,0.6666666666666654,1.176661457095581,1.1909042752363033,1.6835327028565177,-1.176661457095581,1.4150225046159416e-16,8.881784197001252e-16,0.33333333333333337,1.5242748769885177,0.6470416951139603,1.1550112234681735
mild_diagonal,2.5,2.5,diagonal,19,6.717514421272201,6.717514421272201,9.499999999999998,9.2175144212722,9.2175144212722,13.035533905932736,exact_distance_plus_5cm,9.2175144212722,9.2175144212722,1.155011223468174,1.4210854715202004e-14,0.0,0.0,0.0,0.0,1.777777777777771,1.3333333333333308,1.3333333333333308,1.176661457095581,1.1909042752363042,1.683532702856518,1.176661457095581,2.790087547607956e-16,1.887379141862766e-15,0.33333333333333337,1.5242748769885184,0.6470416951139604,1.155011223468174
mild_diagonal,2.5,2.5,diagonal,19,6.717514421272201,6.717514421272201,9.499999999999998,9.2175144212722,9.2175144212722,13.035533905932736,planar_no_correction,9.2175144212722,9.2175144212722,0.05690947608826595,1.5676285864025346,0.739266617167857,1.4698025411390745,1.1265665268939244,0.0,0.9370817452200438,0.9821246879593893,0.9541372462259006,0.06606807413131975,0.0626791449210414,0.17053945743894636,-0.06147975890857968,0.02399425562770544,0.06568294802436606,0.017615741446154617,0.1281594163314542,0.0102154805775373,0.05690947608826595
mild_diagonal,2.5,2.5,diagonal,20,7.071067811865475,7.071067811865475,10.0,9.571067811865476,9.571067811865476,13.535533905932738,exact_true_distance,9.571067811865476,9.571067811865476,6.280369834735101e-16,1.0231815394945443e-12,3.836930773104541e-13,6.394884621840902e-13,9.379164112033322e-13,0.0,1.0000000000000018,1.0000000000000133,0.9999999999999885,2.9996365010373696e-16,4.440892098500626e-16,9.930136612989092e-16,5.0521499505041323e-17,1.9257018843940644e-16,9.779219699250223e-16,8.289891570804504e-17,6.280369834735101e-16,2.220446049250313e-16,6.280369834735101e-16
mild_diagonal,2.5,2.5,diagonal,20,7.071067811865475,7.071067811865475,10.0,9.571067811865476,9.571067811865476,13.535533905932738,exact_distance_minus_5cm,9.571067811865476,9.571067811865476,1.2007541780199509,9.947598300641403e-13,4.831690603168681e-13,4.831690603168681e-13,9.379164112033322e-13,0.0,0.4444444444444465,0.666666666666677,0.6666666666666594,1.221849295813894,1.2364290079794038,1.7315786719367223,-1.221849295813894,1.5761732589339299e-16,7.771561172376096e-16,0.33333333333333337,1.5714846418670736,0.6913580871696081,1.2007541780199509
mild_diagonal,2.5,2.5,diagonal,20,7.071067811865475,7.071067811865475,10.0,9.571067811865476,9.571067811865476,13.535533905932738,exact_distance_plus_5cm,9.571067811865476,9.571067811865476,1.2007541780199498,9.947598300641403e-13,4.831690603168681e-13,4.831690603168681e-13,9.379164112033322e-13,0.0,1.7777777777777857,1.333333333333354,1.3333333333333188,1.221849295813894,1.2364290079794047,1.7315786719367243,1.221849295813894,3.1368258509560864e-16,1.4432899320127035e-15,0.33333333333333337,1.5714846418670734,0.6913580871696078,1.2007541780199498
mild_diagonal,2.5,2.5,diagonal,20,7.071067811865475,7.071067811865475,10.0,9.571067811865476,9.571067811865476,13.535533905932738,planar_no_correction,9.571067811865476,9.571067811865476,0.06378838670973384,1.6900454468502204,0.7968962390389365,1.5835921796666526,1.215862873705106,0.0,0.9323105190805535,0.9807279509476079,0.9506311288260195,0.07332937150138899,0.0698745671480419,0.18491208526214817,-0.06820586941889127,0.02672851386386829,0.07112971858129977,0.01890076465040767,0.13998619714936444,0.012444504884119096,0.06378838670973384
strong_horizontal,5.0,0.0,horizontal,0,0.0,0.0,0.0,5.0,0.0,5.0,exact_true_distance,5.0,0.0,2.220446049250313e-16,4.263256414560601e-14,1.4210854715202004e-14,0.0,2.842170943040401e-14,0.0,1.0000000000000009,1.0000000000000009,1.0,9.630641865103639e-17,1.1102230246251565e-16,4.002966042486721e-16,8.339624818870238e-18,4.227106870990588e-17,3.121465642018263e-16,6.668652298594944e-17,2.482534153247273e-16,0.0,2.220446049250313e-16
strong_horizontal,5.0,0.0,horizontal,0,0.0,0.0,0.0,5.0,0.0,5.0,exact_distance_minus_5cm,5.0,0.0,0.4374433176296201,1.9895196601282805e-13,1.3500311979441904e-13,0.0,1.9895196601282805e-13,0.0,0.4444444444444473,0.666666666666671,0.6666666666666666,0.491913607294367,0.48631856526696726,0.8674395174284654,-0.491913607294367,3.291949963334928e-17,2.7755575615628914e-16,0.33333333333333337,0.7927104450984527,0.3604139331570203,0.4374433176296201
strong_horizontal,5.0,0.0,horizontal,0,0.0,0.0,0.0,5.0,0.0,5.0,exact_distance_plus_5cm,5.0,0.0,0.43744331762961974,1.9895196601282805e-13,1.3500311979441904e-13,0.0,1.9895196601282805e-13,0.0,1.7777777777777892,1.333333333333342,1.3333333333333333,0.491913607294367,0.4863185652669673,0.8674395174284653,0.491913607294367,6.365330960452196e-17,4.718447854656915e-16,0.3333333333333333,0.7927104450984525,0.3604139331570202,0.43744331762961974
strong_horizontal,5.0,0.0,horizontal,0,0.0,0.0,0.0,5.0,0.0,5.0,planar_no_correction,5.0,0.0,0.0033330138931129127,0.10922103609269129,0.07693723186263668,0.0,0.10922103609269129,0.0,0.9886263350020031,0.996194112239044,0.9924033106158081,0.0066541338322842775,0.004367099634035951,0.024525418178760035,-0.006525015828534744,0.0011081637501056754,0.005505511566598483,0.003574137035358158,0.01925598800117473,0.0018645947205953688,0.0033330138931129127
strong_horizontal,5.0,0.0,horizontal,1,0.5,0.0,0.5,5.5,0.0,5.5,exact_true_distance,5.5,0.0,0.0,1.9895196601282805e-13,1.2789769243681803e-13,0.0,1.8474111129762605e-13,0.0,1.0000000000000064,1.0000000000000064,1.0,9.031196996751886e-17,2.7755575615628914e-17,4.965068306494546e-16,-6.257193853213154e-18,4.64876594019409e-17,2.815036482596467e-16,5.679665030415498e-17,4.440892098500626e-16,2.220446049250313e-16,0.0
strong_horizontal,5.0,0.0,horizontal,1,0.5,0.0,0.5,5.5,0.0,5.5,exact_distance_minus_5cm,5.5,0.0,0.48144524098769303,1.9895196601282805e-13,1.2789769243681803e-13,0.0,1.8474111129762605e-13,0.0,0.44444444444444736,0.666666666666671,0.6666666666666667,0.5306420193861069,0.5254645211267526,0.9087111538933365,-0.5306420193861069,3.75117182342397e-17,2.7755575615628914e-16,0.33333333333333337,0.8369001557454446,0.37345730803347493,0.48144524098769303
strong_horizontal,5.0,0.0,horizontal,1,0.5,0.0,0.5,5.5,0.0,5.5,exact_distance_plus_5cm,5.5,0.0,0.4814452409876928,1.9895196601282805e-13,1.2789769243681803e-13,0.0,1.8474111129762605e-13,0.0,1.7777777777777892,1.333333333333342,1.3333333333333335,0.5306420193861069,0.5254645211267522,0.9087111538933367,0.5306420193861069,7.594394410712979e-17,4.163336342344337e-16,0.3333333333333333,0.836900155745445,0.37345730803347504,0.4814452409876928
strong_horizontal,5.0,0.0,horizontal,1,0.5,0.0,0.5,5.5,0.0,5.5,planar_no_correction,5.5,0.0,0.004439090067757334,0.13219264531980457,0.09311894351171901,0.0,0.13219264531980457,0.0,0.9862509456190174,0.995395613922118,0.9908130313463326,0.008063677817855514,0.005547142257486688,0.028220996957205563,-0.007923617720670817,0.0012632238783741063,0.006009038429472141,0.004097876165091267,0.022543700488920303,0.0020661336205418496,0.004439090067757334
strong_horizontal,5.0,0.0,horizontal,2,1.0,0.0,1.0,6.0,0.0,6.0,exact_true_distance,6.0,0.0,2.220446049250313e-16,1.4210854715202004e-13,8.526512829121202e-14,0.0,1.2789769243681803e-13,0.0,0.9999999999999951,0.9999999999999998,0.9999999999999953,1.1676218271168466e-16,1.1102230246251565e-16,4.965068306494546e-16,3.0845127673487936e-17,4.762346043820424e-17,3.121465642018263e-16,7.027067806740477e-17,3.1401849173675503e-16,0.0,2.220446049250313e-16
strong_horizontal,5.0,0.0,horizontal,2,1.0,0.0,1.0,6.0,0.0,6.0,exact_distance_minus_5cm,6.0,0.0,0.525521176328382,5.684341886080802e-14,2.842170943040401e-14,0.0,5.684341886080802e-14,0.0,0.44444444444444353,0.6666666666666666,0.6666666666666654,0.5704075439771836,0.5652231335161632,0.9504340015281165,-0.5704075439771836,3.8816114708739813e-17,2.7755575615628914e-16,0.33333333333333337,0.8813041044751202,0.390998146949499,0.525521176328382
strong_horizontal,5.0,0.0,horizontal,2,1.0,0.0,1.0,6.0,0.0,6.0,exact_distance_plus_5cm,6.0,0.0,0.5255211763283829,5.684341886080802e-14,2.842170943040401e-14,0.0,5.684341886080802e-14,0.0,1.7777777777777741,1.3333333333333333,1.3333333333333308,0.5704075439771836,0.5652231335161636,0.9504340015281167,0.5704075439771836,7.316590984340014e-17,4.718447854656915e-16,0.33333333333333337,0.8813041044751196,0.3909981469494991,0.5255211763283829
strong_horizontal,5.0,0.0,horizontal,2,1.0,0.0,1.0,6.0,0.0,6.0,planar_no_correction,6.0,0.0,0.005767202190249954,0.15736604494486528,0.11085171335750488,0.0,0.15736604494486528,0.0,0.9836544227228686,0.9945213124618951,0.9890732459899467,0.009698232768169451,0.007011202500431899,0.03231236364949013,-0.00954794813975905,0.0014296258921162684,0.00653860036271579,0.00467303436635352,0.026207873760237456,0.002353617077113386,0.005767202190249954
strong_horizontal,5.0,0.0,horizontal,3,1.5,0.0,1.5,6.5,0.0,6.5,exact_true_distance,6.5,0.0,0.0,4.263256414560601e-14,1.4210854715202004e-14,0.0,2.842170943040401e-14,0.0,1.000000000000001,1.0000000000000009,1.0000000000000002,1.0233931083519839e-16,2.7755575615628914e-17,4.965068306494546e-16,-1.4887414722401558e-18,4.9163002633962315e-17,3.6853988242309197e-16,5.198969632107643e-17,4.440892098500626e-16,0.0,0.0
strong_horizontal,5.0,0.0,horizontal,3,1.5,0.0,1.5,6.5,0.0,6.5,exact_distance_minus_5cm,6.5,0.0,0.5696780415082277,5.684341886080802e-14,4.263256414560601e-14,0.0,5.684341886080802e-14,0.0,0.44444444444444364,0.6666666666666667,0.6666666666666654,0.6109880622034782,0.6073609782988947,0.9925760244600937,-0.6109880622034782,4.086352183327163e-17,2.7755575615628914e-16,0.33333333333333337,0.924623967361623,0.41247297499322017,0.5696780415082277
strong_horizontal,5.0,0.0,horizontal,3,1.5,0.0,1.5,6.5,0.0,6.5,exact_distance_plus_5cm,6.5,0.0,0.5696780415082272,5.684341886080802e-14,4.263256414560601e-14,0.0,5.684341886080802e-14,0.0,1.7777777777777746,1.3333333333333335,1.3333333333333308,0.6109880622034782,0.6073609782988945,0.992576024460094,0.6109880622034782,8.14752456129214e-17,4.163336342344337e-16,0.33333333333333337,0.9246239673616236,0.41247297499322005,0.5696780415082272
strong_horizontal,5.0,0.0,horizontal,3,1.5,0.0,1.5,6.5,0.0,6.5,planar_no_correction,6.5,0.0,0.007338103830211162,0.18474505937973618,0.13013826946538387,0.0,0.18474505937972197,0.0,0.9808381463652233,0.993571274439117,0.987184484493997,0.011578407395643912,0.008648995783319941,0.036821767220737336,-0.011418582356617536,0.0016079121875470159,0.007094422730702368,0.00529988646969916,0.03027059910675363,0.002735665970730624,0.007338103830211162
strong_horizontal,5.0,0.0,horizontal,4,2.0,0.0,2.0,7.0,0.0,7.0,exact_true_distance,7.0,0.0,2.220446049250313e-16,4.263256414560601e-14,2.842170943040401e-14,0.0,2.842170943040401e-14,0.0,1.0000000000000007,1.0000000000000009,0.9999999999999998,1.3442151732437666e-16,1.1102230246251565e-16,4.965068306494546e-16,3.4334303844792414e-17,5.050917720923218e-17,3.253556323348892e-16,7.127021005586427e-17,4.440892098500626e-16,1.1102230246251565e-16,2.220446049250313e-16
strong_horizontal,5.0,0.0,horizontal,4,2.0,0.0,2.0,7.0,0.0,7.0,exact_distance_minus_5cm,7.0,0.0,0.6139228045145229,1.9895196601282805e-13,1.3500311979441904e-13,0.0,1.9895196601282805e-13,0.0,0.4444444444444473,0.666666666666671,0.6666666666666666,0.6522266953257257,0.6496250754517428,1.035111308261867,-0.6522266953257257,4.0064785384487544e-17,2.7755575615628914e-16,0.33333333333333337,0.9672420854377213,0.4373146592980149,0.6139228045145229
strong_horizontal,5.0,0.0,horizontal,4,2.0,0.0,2.0,7.0,0.0,7.0,exact_distance_plus_5cm,7.0,0.0,0.6139228045145233,1.9895196601282805e-13,1.3500311979441904e-13,0.0,1.9895196601282805e-13,0.0,1.7777777777777892,1.333333333333342,1.3333333333333333,0.6522266953257257,0.6496250754517428,1.0351113082618677,0.6522266953257257,7.499247769139475e-17,4.718447854656915e-16,0.33333333333333337,0.9672420854377216,0.4373146592980149,0.6139228045145233
strong_horizontal,5.0,0.0,horizontal,4,2.0,0.0,2.0,7.0,0.0,7.0,planar_no_correction,7.0,0.0,0.009172698949522662,0.21433384612009831,0.1509815843027127,0.0,0.21433384612009831,0.0,0.9778036126012849,0.9925455722020965,0.9851473221848095,0.013725135408178017,0.010497287013893443,0.041771731070356075,-0.01355633048265515,0.0017985174685103496,0.0076767029067959895,0.005978612697598106,0.034754231559227994,0.003225143061604345,0.009172698949522662
strong_horizontal,5.0,0.0,horizontal,5,2.5,0.0,2.5,7.5,0.0,7.5,exact_true_distance,7.5,0.0,0.0,4.263256414560601e-14,1.4210854715202004e-14,0.0,2.842170943040401e-14,0.0,1.0000000000000009,1.0000000000000009,1.0,1.1612950987729706e-16,2.7755575615628914e-17,4.965068306494546e-16,1.4070220338211285e-17,5.3193907718911656e-17,3.6853988242309197e-16,5.3509697108227403e-17,4.441434166503682e-16,1.1102230246251565e-16,0.0
strong_horizontal,5.0,0.0,horizontal,5,2.5,0.0,2.5,7.5,0.0,7.5,exact_distance_minus_5cm,7.5,0.0,0.6582624879369792,1.9895196601282805e-13,1.2789769243681803e-13,0.0,1.8474111129762605e-13,0.0,0.44444444444444736,0.666666666666671,0.6666666666666667,0.6940105347121772,0.691383200339703,1.0780189953497026,-0.694010534712177,4.3336096163099365e-17,2.7755575615628914e-16,0.33333333333333337,1.0118666290496345,0.4649977705876839,0.6582624879369792
strong_horizontal,5.0,0.0,horizontal,5,2.5,0.0,2.5,7.5,0.0,7.5,exact_distance_plus_5cm,7.5,0.0,0.6582624879369792,1.9895196601282805e-13,1.2789769243681803e-13,0.0,1.8474111129762605e-13,0.0,1.7777777777777892,1.333333333333342,1.3333333333333335,0.6940105347121772,0.6913832003397027,1.0780189953497035,0.6940105347121772,8.592711775769471e-17,4.440892098500626e-16,0.33333333333333337,1.0118666290496352,0.4649977705876841,0.6582624879369792
strong_horizontal,5.0,0.0,horizontal,5,2.5,0.0,2.5,7.5,0.0,7.5,planar_no_correction,7.5,0.0,0.011292055317317029,0.24613689585805787,0.1733848765659758,0.0,0.24613689585805787,0.0,0.9745524324974907,0.9914442838612135,0.9829623795923892,0.016159591587752015,0.012691150264438605,0.04718507024446264,-0.015982221757043807,0.002001784162004673,0.008285616615527331,0.0067093060805931744,0.03968140384452575,0.0038383469305792615,0.011292055317317029
strong_horizontal,5.0,0.0,horizontal,6,3.0,0.0,3.0,8.0,0.0,8.0,exact_true_distance,8.0,0.0,0.0,4.263256414560601e-14,1.4210854715202004e-14,0.0,2.842170943040401e-14,0.0,1.000000000000001,1.0000000000000009,1.0000000000000002,1.3535539989232101e-16,1.1102230246251565e-16,4.965068306494546e-16,5.000331106206483e-17,5.0083288917030534e-17,3.253556323348892e-16,6.429040384953091e-17,4.449557262054371e-16,2.220446049250313e-16,0.0
strong_horizontal,5.0,0.0,horizontal,6,3.0,0.0,3.0,8.0,0.0,8.0,exact_distance_minus_5cm,8.0,0.0,0.7027041735119572,5.684341886080802e-14,4.263256414560601e-14,0.0,5.684341886080802e-14,0.0,0.44444444444444364,0.6666666666666667,0.6666666666666654,0.736257269321695,0.734198072069378,1.1212824318368781,-0.736257269321695,4.2415588524448976e-17,2.7755575615628914e-16,0.33333333333333337,1.0562762916994002,0.49506130429785533,0.7027041735119572
strong_horizontal,5.0,0.0,horizontal,6,3.0,0.0,3.0,8.0,0.0,8.0,exact_distance_plus_5cm,8.0,0.0,0.702704173511957,5.684341886080802e-14,4.263256414560601e-14,0.0,5.684341886080802e-14,0.0,1.7777777777777746,1.3333333333333335,1.3333333333333308,0.7362572693216951,0.734198072069378,1.1212824318368788,0.7362572693216951,8.030500383912145e-17,4.996003610813204e-16,0.3333333333333334,1.056276291699401,0.4950613042978556,0.702704173511957
strong_horizontal,5.0,0.0,horizontal,6,3.0,0.0,3.0,8.0,0.0,8.0,planar_no_correction,8.0,0.0,0.013717418142676241,0.28015903259120023,0.19735161316369698,0.0,0.28015903259120023,0.0,0.9710863310631376,0.9902674932829629,0.9806303222614776,0.018903155591850972,0.015178245664666414,0.05308490805457208,-0.01871750383035723,0.0022179804558242647,0.008921322872333404,0.007491996195408219,0.04514271449227528,0.004593909233150734,0.013717418142676241
strong_horizontal,5.0,0.0,horizontal,7,3.5,0.0,3.5,8.5,0.0,8.5,exact_true_distance,8.5,0.0,0.0,4.263256414560601e-14,1.4210854715202004e-14,0.0,2.842170943040401e-14,0.0,1.0000000000000009,1.0000000000000009,1.0,1.147134156172161e-16,2.7755575615628914e-17,4.965068306494546e-16,1.1550395392508087e-17,5.384597900208398e-17,3.6853988242309197e-16,4.939574289650725e-17,4.441434166503682e-16,2.220446049250313e-16,0.0
strong_horizontal,5.0,0.0,horizontal,7,3.5,0.0,3.5,8.5,0.0,8.5,exact_distance_minus_5cm,8.5,0.0,0.7472550067456389,5.684341886080802e-14,4.263256414560601e-14,0.0,5.684341886080802e-14,0.0,0.44444444444444364,0.6666666666666667,0.6666666666666654,0.7789063453279174,0.7767156565106156,1.1648884808126874,-0.7789063453279174,4.4029572769795626e-17,2.7755575615628914e-16,0.33333333333333337,1.100696806171064,0.5271148985505326,0.7472550067456389
strong_horizontal,5.0,0.0,horizontal,7,3.5,0.0,3.5,8.5,0.0,8.5,exact_distance_plus_5cm,8.5,0.0,0.7472550067456392,5.684341886080802e-14,4.263256414560601e-14,0.0,5.684341886080802e-14,0.0,1.7777777777777746,1.3333333333333335,1.3333333333333308,0.7789063453279176,0.7767156565106158,1.1648884808126874,0.7789063453279176,8.701067495565762e-17,4.996003610813204e-16,0.33333333333333337,1.100696806171064,0.5271148985505327,0.7472550067456392
strong_horizontal,5.0,0.0,horizontal,7,3.5,0.0,3.5,8.5,0.0,8.5,planar_no_correction,8.5,0.0,0.016470223944146767,0.31640541373195674,0.2228855113625272,0.0,0.31640541373195674,0.0,0.9674071461064814,0.9890152900835706,0.978151860548826,0.021977404463839043,0.018035823346746208,0.059494692504358446,-0.021783648488412133,0.0024473171244723036,0.009583967850149658,0.008326674743341754,0.05113941662852726,0.00551180873608695,0.016470223944146767
strong_horizontal,5.0,0.0,horizontal,8,4.0,0.0,4.0,9.0,0.0,9.0,exact_true_distance,9.0,0.0,0.0,4.263256414560601e-14,1.4210854715202004e-14,0.0,2.842170943040401e-14,0.0,1.0000000000000009,1.0000000000000009,1.0,1.5011877556007143e-16,1.1102230246251565e-16,4.965068306494546e-16,4.270885935162963e-17,5.094743475747268e-17,3.253556323348892e-16,6.390166235213475e-17,4.577566798522237e-16,3.1401849173675503e-16,0.0
strong_horizontal,5.0,0.0,horizontal,8,4.0,0.0,4.0,9.0,0.0,9.0,exact_distance_minus_5cm,9.0,0.0,0.7919222016226815,5.684341886080802e-14,4.263256414560601e-14,0.0,5.684341886080802e-14,0.0,0.44444444444444364,0.6666666666666667,0.6666666666666654,0.8219129529860674,0.819229923978947,1.2088269670774914,-0.8219129529860674,4.181292433053437e-17,2.7755575615628914e-16,0.3333333333333333,1.145377788294527,0.5608353767286972,0.7919222016226815
strong_horizontal,5.0,0.0,horizontal,8,4.0,0.0,4.0,9.0,0.0,9.0,exact_distance_plus_5cm,9.0,0.0,0.7919222016226812,5.684341886080802e-14,4.263256414560601e-14,0.0,5.684341886080802e-14,0.0,1.7777777777777746,1.3333333333333335,1.3333333333333308,0.8219129529860674,0.8192299239789483,1.2088269670774903,0.8219129529860674,8.000160782369184e-17,4.996003610813204e-16,0.3333333333333334,1.1453777882945266,0.5608353767286969,0.7919222016226812
strong_horizontal,5.0,0.0,horizontal,8,4.0,0.0,4.0,9.0,0.0,9.0,planar_no_correction,9.0,0.0,0.019572114675699304,0.354881530212964,0.24999054109774477,0.0,0.354881530212964,0.0,0.9635168270161605,0.9876877696221693,0.975527749406824,0.02540412025728922,0.021222152174728965,0.0664382128031436,-0.025202360336739355,0.0026899616122265,0.010273687922406485,0.00921331621950314,0.057496334712330406,0.006612678482317543,0.019572114675699304
strong_horizontal,5.0,0.0,horizontal,9,4.5,0.0,4.5,9.5,0.0,9.5,exact_true_distance,9.5,0.0,0.0,4.263256414560601e-14,1.4210854715202004e-14,0.0,2.842170943040401e-14,0.0,1.0000000000000009,1.0000000000000009,1.0,1.1135221474767606e-16,2.7755575615628914e-17,4.965068306494546e-16,6.7926285556854975e-18,5.442492344331638e-17,3.6853988242309197e-16,4.4527568690489775e-17,4.441434166503682e-16,0.0,0.0
strong_horizontal,5.0,0.0,horizontal,9,4.5,0.0,4.5,9.5,0.0,9.5,exact_distance_minus_5cm,9.5,0.0,0.8367130454070977,5.684341886080802e-14,2.842170943040401e-14,0.0,5.684341886080802e-14,0.0,0.44444444444444353,0.6666666666666666,0.6666666666666654,0.8652438560397474,0.8619096990781486,1.2530902261470647,-0.8652438560397476,4.436186364383759e-17,2.7755575615628914e-16,0.33333333333333337,1.1903174400444885,0.5959587994842985,0.8367130454070977
strong_horizontal,5.0,0.0,horizontal,9,4.5,0.0,4.5,9.5,0.0,9.5,exact_distance_plus_5cm,9.5,0.0,0.8367130454070981,5.684341886080802e-14,2.842170943040401e-14,0.0,5.684341886080802e-14,0.0,1.7777777777777741,1.3333333333333333,1.3333333333333308,0.8652438560397476,0.861909699078148,1.2530902261470647,0.8652438560397476,8.717166059649783e-17,4.996003610813204e-16,0.33333333333333337,1.1903174400444885,0.5959587994842983,0.8367130454070981
strong_horizontal,5.0,0.0,horizontal,9,4.5,0.0,4.5,9.5,0.0,9.5,planar_no_correction,9.5,0.0,0.02304495212937363,0.395593206583726,0.27867092745041333,0.0,0.395593206583726,0.0,0.9594174334688423,0.9862850329935372,0.9727587881536159,0.02920530448835903,0.024738662854487174,0.07393961615865685,-0.028995587115652824,0.0029460491354485765,0.010990612071512994,0.010151892061316725,0.06450800536473136,0.00791740759379576,0.02304495212937363
strong_horizontal,5.0,0.0,horizontal,10,5.0,0.0,5.0,10.0,0.0,10.0,exact_true_distance,10.0,0.0,0.0,4.263256414560601e-14,1.4210854715202004e-14,0.0,2.842170943040401e-14,0.0,1.0000000000000009,1.0000000000000009,1.0,1.5012050899411483e-16,1.1102230246251565e-16,4.965068306494546e-16,5.262475183506677e-17,5.105860805486055e-17,3.253556323348892e-16,5.82700894702588e-17,4.577566798522237e-16,3.1401849173675503e-16,0.0
strong_horizontal,5.0,0.0,horizontal,10,5.0,0.0,5.0,10.0,0.0,10.0,exact_distance_minus_5cm,10.0,0.0,0.8816349035423248,5.684341886080802e-14,2.842170943040401e-14,0.0,5.684341886080802e-14,0.0,0.44444444444444353,0.6666666666666666,0.6666666666666654,0.9088744533256334,0.9059140596467992,1.2976727363406626,-0.9088744533256334,4.312557647892372e-17,2.7755575615628914e-16,0.3333333333333333,1.2355154389651777,0.6322712230463806,0.8816349035423248
strong_horizontal,5.0,0.0,horizontal,10,5.0,0.0,5.0,10.0,0.0,10.0,exact_distance_plus_5cm,10.0,0.0,0.881634903542325,5.684341886080802e-14,2.842170943040401e-14,0.0,5.684341886080802e-14,0.0,1.7777777777777741,1.3333333333333333,1.3333333333333308,0.9088744533256335,0.9059140596467996,1.2976727363406633,0.9088744533256334,8.492611729862423e-17,4.996003610813204e-16,0.33333333333333337,1.235515438965178,0.6322712230463815,0.881634903542325
strong_horizontal,5.0,0.0,horizontal,10,5.0,0.0,5.0,10.0,0.0,10.0,planar_no_correction,10.0,0.0,0.02691083263548011,0.43854660110329746,0.30893115329963905,0.0,0.43854660110326904,0.0,0.9551111340637473,0.984807187020399,0.9698458202295424,0.033403195049458816,0.028731900050439973,0.08202342498301125,-0.03318553115562162,0.0032156911423536047,0.011734863806385484,0.011142379131954115,0.0721349787980033,0.009446959892184343,0.02691083263548011
strong_horizontal,5.0,0.0,horizontal,11,5.5,0.0,5.5,10.5,0.0,10.5,exact_true_distance,10.5,0.0,0.0,3.410605131648481e-13,2.4158453015843406e-13,0.0,3.410605131648481e-13,0.0,1.000000000000012,1.000000000000012,1.0,1.2279999086700965e-16,5.551115123125783e-17,4.965068306494546e-16,1.817584893166399e-17,5.744278721468515e-17,3.6853988242309197e-16,4.599358282181664e-17,4.449557262054371e-16,0.0,0.0
strong_horizontal,5.0,0.0,horizontal,11,5.5,0.0,5.5,10.5,0.0,10.5,exact_distance_minus_5cm,10.5,0.0,0.9266952246576718,1.9895196601282805e-13,1.3500311979441904e-13,0.0,1.9895196601282805e-13,0.0,0.4444444444444473,0.666666666666671,0.6666666666666666,0.9527866793436623,0.9507534746094581,1.3425708173910396,-0.9527866793436623,4.62874995785031e-17,2.7755575615628914e-16,0.33333333333333337,1.2809727184905355,0.6695998321423838,0.9266952246576718
strong_horizontal,5.0,0.0,horizontal,11,5.5,0.0,5.5,10.5,0.0,10.5,exact_distance_plus_5cm,10.5,0.0,0.9266952246576721,1.9895196601282805e-13,1.3500311979441904e-13,0.0,1.9895196601282805e-13,0.0,1.7777777777777892,1.333333333333342,1.3333333333333333,0.9527866793436623,0.9507534746094584,1.3425708173910404,0.9527866793436623,9.19145452458669e-17,4.996003610813204e-16,0.33333333333333337,1.280972718490535,0.6695998321423835,0.9266952246576721
strong_horizontal,5.0,0.0,horizontal,11,5.5,0.0,5.5,10.5,0.0,10.5,planar_no_correction,10.5,0.0,0.031192102081946782,0.48374820581477707,0.3407759621462034,0.0,0.48374820581477707,0.0,0.9506002048853497,0.9832543442452929,0.9667897329403541,0.03802028363515673,0.0331432216082323,0.09071455460704003,-0.037794661783297316,0.0034989816409607298,0.012506562698286837,0.012184764122236194,0.080357135906896,0.011222322089767277,0.031192102081946782
strong_horizontal,5.0,0.0,horizontal,12,6.0,0.0,6.0,11.0,0.0,11.0,exact_true_distance,11.0,0.0,4.440892098500626e-16,4.263256414560601e-14,1.4210854715202004e-14,0.0,2.842170943040401e-14,0.0,1.000000000000001,1.0000000000000009,1.0000000000000002,1.4783902737169772e-16,2.7755575615628914e-17,9.155133597044475e-16,6.825824924703783e-17,5.092678089970409e-17,4.1512623450582695e-16,4.880177601607194e-17,4.577566798522237e-16,2.220446049250313e-16,4.440892098500626e-16
strong_horizontal,5.0,0.0,horizontal,12,6.0,0.0,6.0,11.0,0.0,11.0,exact_distance_minus_5cm,11.0,0.0,0.9719015456885922,1.9895196601282805e-13,1.2789769243681803e-13,0.0,1.8474111129762605e-13,0.0,0.44444444444444736,0.666666666666671,0.6666666666666667,0.9969674844764287,0.9948534298010346,1.3877823825807243,-0.9969674844764288,4.4254539883277454e-17,2.7755575615628914e-16,0.3333333333333333,1.3270893463097213,0.7078051580142383,0.9719015456885922
strong_horizontal,5.0,0.0,horizontal,12,6.0,0.0,6.0,11.0,0.0,11.0,exact_distance_plus_5cm,11.0,0.0,0.9719015456885929,1.9895196601282805e-13,1.2789769243681803e-13,0.0,1.8474111129762605e-13,0.0,1.7777777777777892,1.333333333333342,1.3333333333333335,0.9969674844764289,0.9948534298010352,1.3877823825807256,0.9969674844764289,8.684968931481742e-17,4.996003610813204e-16,0.33333333333333337,1.3270893463097218,0.7078051580142386,0.9719015456885929
strong_horizontal,5.0,0.0,horizontal,12,6.0,0.0,6.0,11.0,0.0,11.0,planar_no_correction,11.0,0.0,0.03591137127513333,0.5312048466118142,0.37421036112058914,0.0,0.5312048466118142,0.0,0.9458870279948189,0.9816266229220004,0.963591457186852,0.04307933301407814,0.037981383114242546,0.10003833157297584,-0.04284572858753325,0.0037960018914136974,0.013305825618495047,0.013279045346400295,0.08899738650060658,0.013264516033452033,0.03591137127513333
strong_horizontal,5.0,0.0,horizontal,13,6.5,0.0,6.5,11.5,0.0,11.5,exact_true_distance,11.5,0.0,0.0,4.263256414560601e-14,1.4210854715202004e-14,0.0,2.842170943040401e-14,0.0,1.000000000000001,1.0000000000000009,1.0000000000000002,1.5910861526697263e-16,5.551115123125783e-17,9.155133597044475e-16,5.558792783536758e-17,6.039599732221068e-17,4.1629228265941034e-16,5.2240626684436366e-17,4.965068306494546e-16,2.220446049250313e-16,0.0
strong_horizontal,5.0,0.0,horizontal,13,6.5,0.0,6.5,11.5,0.0,11.5,exact_distance_minus_5cm,11.5,0.0,1.0172614971184966,1.9895196601282805e-13,1.2789769243681803e-13,0.0,1.8474111129762605e-13,0.0,0.44444444444444736,0.666666666666671,0.6666666666666667,1.0414077210365633,1.0389719193868088,1.4333067341651078,-1.0414077210365633,4.786639720982048e-17,2.7755575615628914e-16,0.33333333333333337,1.3736994780420755,0.7467745695952331,1.0172614971184966
strong_horizontal,5.0,0.0,horizontal,13,6.5,0.0,6.5,11.5,0.0,11.5,exact_distance_plus_5cm,11.5,0.0,1.0172614971184974,1.9895196601282805e-13,1.2789769243681803e-13,0.0,1.8474111129762605e-13,0.0,1.7777777777777892,1.333333333333342,1.3333333333333335,1.0414077210365633,1.0389719193868094,1.4333067341651076,1.0414077210365635,9.484737339501984e-17,4.996003610813204e-16,0.33333333333333337,1.373699478042076,0.7467745695952331,1.0172614971184974
strong_horizontal,5.0,0.0,horizontal,13,6.5,0.0,6.5,11.5,0.0,11.5,planar_no_correction,11.5,0.0,0.04109153166527202,0.5809236832787974,0.40923962416968607,0.0,0.5809236832787832,0.0,0.9409740898517087,0.9799241470065412,0.9602519671815246,0.048603394063157716,0.04331208557206507,0.11002051255966176,-0.04836177548666454,0.004106823877315756,0.014132767741858461,0.014425233031401363,0.09845599469118164,0.015594635608396986,0.04109153166527202
strong_horizontal,5.0,0.0,horizontal,14,7.0,0.0,7.0,12.0,0.0,12.0,exact_true_distance,12.0,0.0,0.0,2.8421709430404007e-13,2.0605739337042905e-13,0.0,2.8421709430404007e-13,0.0,0.9999999999999898,1.0,0.9999999999999898,1.8472443820126294e-16,5.551115123125783e-17,9.155133597044475e-16,1.0530842983810055e-16,5.4419997757275064e-17,4.1512623450582695e-16,5.4851858932341117e-17,8.881784197001252e-16,0.0,0.0
strong_horizontal,5.0,0.0,horizontal,14,7.0,0.0,7.0,12.0,0.0,12.0,exact_distance_minus_5cm,12.0,0.0,1.0627828083501103,1.9895196601282805e-13,1.3500311979441904e-13,0.0,1.9895196601282805e-13,0.0,0.4444444444444473,0.666666666666671,0.6666666666666666,1.0861013170556209,1.0833956363114938,1.4791443939796745,-1.0861013170556209,4.6498019262678745e-17,2.7755575615628914e-16,0.3333333333333333,1.4196545001001748,0.7864169763718971,1.0627828083501103
strong_horizontal,5.0,0.0,horizontal,14,7.0,0.0,7.0,12.0,0.0,12.0,exact_distance_plus_5cm,12.0,0.0,1.0627828083501112,1.9895196601282805e-13,1.3500311979441904e-13,0.0,1.9895196601282805e-13,0.0,1.7777777777777892,1.333333333333342,1.3333333333333333,1.086101317055621,1.0833956363114938,1.4791443939796736,1.086101317055621,9.027992181579713e-17,4.996003610813204e-16,0.33333333333333337,1.4196545001001766,0.786416976371897,1.0627828083501112
strong_horizontal,5.0,0.0,horizontal,14,7.0,0.0,7.0,12.0,0.0,12.0,planar_no_correction,12.0,0.0,0.04675577146053822,0.6329122095225443,0.44586929544153264,0.0,0.6329122095225301,0.0,0.9358639796662958,0.9781470461477352,0.9567722801515743,0.05461582269385036,0.04917715228533861,0.12068730398496193,-0.05436615555148981,0.00443151287849645,0.014987503365654447,0.015623348824253211,0.1084651587406166,0.01823388846540213,0.04675577146053822
strong_horizontal,5.0,0.0,horizontal,15,7.5,0.0,7.5,12.5,0.0,12.5,exact_true_distance,12.5,0.0,0.0,3.694822225952521e-13,2.4158453015843406e-13,0.0,3.410605131648481e-13,0.0,1.0000000000000118,1.000000000000012,0.9999999999999998,1.8019669870548325e-16,5.551115123125783e-17,9.155133597044475e-16,9.725017331314221e-17,6.103372285103644e-17,4.1629228265941034e-16,5.095392009810375e-17,8.881784197001252e-16,0.0,0.0
strong_horizontal,5.0,0.0,horizontal,15,7.5,0.0,7.5,12.5,0.0,12.5,exact_distance_minus_5cm,12.5,0.0,1.1084733132146996,1.9895196601282805e-13,1.3500311979441904e-13,0.0,1.9895196601282805e-13,0.0,0.4444444444444472,0.666666666666671,0.6666666666666665,1.1310446566033705,1.1290650005948877,1.525296962791157,-1.1310446566033705,4.852478720248746e-17,2.220446049250313e-16,0.3333333333333333,1.4661686886998488,0.8266585834463535,1.1084733132146996
strong_horizontal,5.0,0.0,horizontal,15,7.5,0.0,7.5,12.5,0.0,12.5,exact_distance_plus_5cm,12.5,0.0,1.1084733132146996,1.9895196601282805e-13,1.3500311979441904e-13,0.0,1.9895196601282805e-13,0.0,1.7777777777777888,1.333333333333342,1.333333333333333,1.1310446566033707,1.1290650005948877,1.5252969627911577,1.131044656603371,9.65831288302328e-17,4.996003610813204e-16,0.33333333333333337,1.466168688699848,0.8266585834463537,1.1084733132146996
strong_horizontal,5.0,0.0,horizontal,15,7.5,0.0,7.5,12.5,0.0,12.5,planar_no_correction,12.5,0.0,0.052927592154730974,0.6871782529653387,0.4841051928544644,0.0,0.6871782529653387,0.0,0.9305593876845671,0.9762954556773293,0.9531534560293209,0.06114029684548067,0.05555929508606376,0.13206538232478895,-0.060882546547908506,0.0047701293865232,0.015870146581992216,0.016873424955375207,0.11930083843185971,0.021203634406797293,0.052927592154730974
strong_horizontal,5.0,0.0,horizontal,16,8.0,0.0,8.0,13.0,0.0,13.0,exact_true_distance,13.0,0.0,0.0,3.410605131648481e-13,2.4158453015843406e-13,0.0,3.410605131648481e-13,0.0,1.000000000000012,1.000000000000012,1.0,2.2693739898714014e-16,1.1102230246251565e-16,9.155133597044475e-16,1.0562674869596811e-16,5.869459258793401e-17,4.1740559685917266e-16,6.336080591174797e-17,8.881784197001252e-16,2.220446049250313e-16,0.0
strong_horizontal,5.0,0.0,horizontal,16,8.0,0.0,8.0,13.0,0.0,13.0,exact_distance_minus_5cm,13.0,0.0,1.154340955627816,1.9895196601282805e-13,1.3500311979441904e-13,0.0,1.9895196601282805e-13,0.0,0.4444444444444473,0.666666666666671,0.6666666666666666,1.1762361101252696,1.1739720261935613,1.5717670032508948,-1.1762361101252696,4.8691964598744594e-17,2.7755575615628914e-16,0.3333333333333333,1.513548248672884,0.8674395174284654,1.154340955627816
strong_horizontal,5.0,0.0,horizontal,16,8.0,0.0,8.0,13.0,0.0,13.0,exact_distance_plus_5cm,13.0,0.0,1.154340955627815,1.9895196601282805e-13,1.3500311979441904e-13,0.0,1.9895196601282805e-13,0.0,1.7777777777777892,1.333333333333342,1.3333333333333333,1.1762361101252699,1.1739720261935604,1.5717670032508957,1.1762361101252699,9.420755866860365e-17,4.996003610813204e-16,0.33333333333333337,1.513548248672884,0.8674395174284653,1.154340955627815
strong_horizontal,5.0,0.0,horizontal,16,8.0,0.0,8.0,13.0,0.0,13.0,planar_no_correction,13.0,0.0,0.05963082549450416,0.7437299751207433,0.5239534118738263,0.0,0.7437299751207149,0.0,0.9250631034061869,0.9743695165996932,0.9493965971292151,0.06820083370360688,0.06225348025956839,0.1441819151856936,-0.06793496717251056,0.005122730539936194,0.016780811833552234,0.018175503303800102,0.13087184225411888,0.024525418178760035,0.05963082549450416
strong_horizontal,5.0,0.0,horizontal,17,8.5,0.0,8.5,13.5,0.0,13.5,exact_true_distance,13.5,0.0,0.0,4.263256414560601e-14,1.4210854715202004e-14,0.0,2.842170943040401e-14,0.0,1.0000000000000009,1.0000000000000009,1.0,1.907795462169744e-16,5.551115123125783e-17,9.155133597044475e-16,1.2910281666089526e-16,6.196722148915818e-17,4.1629228265941034e-16,5.0567647128892805e-17,8.881784197001252e-16,0.0,0.0
strong_horizontal,5.0,0.0,horizontal,17,8.5,0.0,8.5,13.5,0.0,13.5,exact_distance_minus_5cm,13.5,0.0,1.20039379540058,3.126388037344441e-13,2.1316282072803006e-13,0.0,2.8421709430404007e-13,0.0,0.44444444444444,0.6666666666666667,0.6666666666666599,1.2216756750177555,1.2195871314988305,1.6185579423272123,-1.2216756750177555,5.0353418968954386e-17,2.7755575615628914e-16,0.3333333333333333,1.561185339021933,0.9087111538933365,1.20039379540058
strong_horizontal,5.0,0.0,horizontal,17,8.5,0.0,8.5,13.5,0.0,13.5,exact_distance_plus_5cm,13.5,0.0,1.20039379540058,3.126388037344441e-13,2.1316282072803006e-13,0.0,2.8421709430404007e-13,0.0,1.7777777777777597,1.3333333333333335,1.3333333333333197,1.2216756750177562,1.2195871314988305,1.6185579423272132,1.2216756750177562,1.0014338819496806e-16,5.551115123125783e-16,0.33333333333333337,1.5611853390219321,0.9087111538933367,1.20039379540058
strong_horizontal,5.0,0.0,horizontal,17,8.5,0.0,8.5,13.5,0.0,13.5,planar_no_correction,13.5,0.0,0.06688965091322308,0.8025758713303048,0.5654203294896263,0.0,0.8025758713303048,0.0,0.9193780137372579,0.9723693755810812,0.9455028478121743,0.07582180726846965,0.06948480055976622,0.15706458316734304,-0.07554779396381389,0.0054893712077112465,0.0177196143759576,0.019529634491391126,0.14319560848766938,0.028220996957205563,0.06688965091322308
strong_horizontal,5.0,0.0,horizontal,18,9.0,0.0,9.0,14.0,0.0,14.0,exact_true_distance,14.0,0.0,4.440892098500626e-16,6.252776074688882e-13,4.263256414560601e-13,0.0,6.110667527536862e-13,0.0,0.9999999999999787,1.0,0.9999999999999787,2.481618647791422e-16,1.1102230246251565e-16,9.155133597044475e-16,4.0822454619407226e-17,5.815896141834556e-17,4.1740559685917266e-16,6.29404423762816e-17,8.899114524108741e-16,2.220446049250313e-16,4.440892098500626e-16
strong_horizontal,5.0,0.0,horizontal,18,9.0,0.0,9.0,14.0,0.0,14.0,exact_distance_minus_5cm,14.0,0.0,1.2466400142159033,7.673861546209082e-13,5.400124791776761e-13,0.0,7.673861546209082e-13,0.0,0.4444444444444325,0.6666666666666666,0.6666666666666488,1.26736469812134,1.2656375944697,1.665673989896044,-1.26736469812134,4.671266678379902e-17,2.7755575615628914e-16,0.33333333333333337,1.6090887329859553,0.9504340015281165,1.2466400142159033
strong_horizontal,5.0,0.0,horizontal,18,9.0,0.0,9.0,14.0,0.0,14.0,exact_distance_plus_5cm,14.0,0.0,1.2466400142159042,7.673861546209082e-13,5.400124791776761e-13,0.0,7.673861546209082e-13,0.0,1.77777777777773,1.3333333333333333,1.3333333333332975,1.2673646981213404,1.2656375944697005,1.6656739898960424,1.2673646981213404,9.214157627782103e-17,4.996003610813204e-16,0.33333333333333337,1.6090887329859545,0.9504340015281167,1.2466400142159042
strong_horizontal,5.0,0.0,horizontal,18,9.0,0.0,9.0,14.0,0.0,14.0,planar_no_correction,14.0,0.0,0.07472861345961812,0.8637247706654705,0.6085126084063504,0.0,0.8637247706654563,0.0,0.9135071010788635,0.9702951849384654,0.9414733941370601,0.08402796636829114,0.07728813599624922,0.17074160255194495,-0.08374577888079716,0.005870104813930158,0.018686670665085947,0.020935877064187897,0.15630010977731854,0.03231236364949013,0.07472861345961812
strong_horizontal,5.0,0.0,horizontal,19,9.5,0.0,9.5,14.5,0.0,14.5,exact_true_distance,14.5,0.0,0.0,2.8421709430404007e-13,2.0605739337042905e-13,0.0,2.8421709430404007e-13,0.0,0.9999999999999898,1.0,0.9999999999999898,1.9119875744139528e-16,2.7755575615628914e-17,9.155133597044475e-16,1.5077398172479653e-16,5.94434374253293e-17,4.1629228265941034e-16,4.65376552679167e-17,8.886119947416683e-16,2.220446049250313e-16,0.0
strong_horizontal,5.0,0.0,horizontal,19,9.5,0.0,9.5,14.5,0.0,14.5,exact_distance_minus_5cm,14.5,0.0,1.2930879217794513,3.126388037344441e-13,2.1316282072803006e-13,0.0,2.8421709430404007e-13,0.0,0.44444444444444,0.6666666666666667,0.6666666666666599,1.3133056597472088,1.3118495443425866,1.7131200708039895,-1.313305659747209,4.912951531487438e-17,2.7755575615628914e-16,0.3333333333333333,1.6562245451187232,0.9925760244600937,1.2930879217794513
strong_horizontal,5.0,0.0,horizontal,19,9.5,0.0,9.5,14.5,0.0,14.5,exact_distance_plus_5cm,14.5,0.0,1.2930879217794522,3.126388037344441e-13,2.1316282072803006e-13,0.0,2.8421709430404007e-13,0.0,1.7777777777777597,1.3333333333333335,1.3333333333333197,1.3133056597472093,1.3118495443425855,1.7131200708039898,1.313305659747209,9.719817653498127e-17,5.551115123125783e-16,0.33333333333333337,1.656224545118724,0.992576024460094,1.2930879217794522
strong_horizontal,5.0,0.0,horizontal,19,9.5,0.0,9.5,14.5,0.0,14.5,planar_no_correction,14.5,0.0,0.08317264225068799,0.9271858357936367,0.6532372014547008,0.0,0.9271858357936367,0.0,0.9074534413525733,0.9681471026279356,0.9373094634992807,0.09284445318937094,0.08579547249795008,0.1852417488590969,-0.09255406754855829,0.0062649839709648415,0.019682098683797028,0.02239429678103394,0.17011869889443748,0.036821767220737336,0.08317264225068799
strong_horizontal,5.0,0.0,horizontal,20,10.0,0.0,10.0,15.0,0.0,15.0,exact_true_distance,15.0,0.0,8.881784197001252e-16,1.2505552149377763e-12,8.668621376273222e-13,0.0,1.2505552149377763e-12,0.0,0.9999999999999563,0.9999999999999998,0.9999999999999565,2.5941334525008227e-16,1.1102230246251565e-16,9.155133597044475e-16,7.275299527018697e-17,5.957529593000352e-17,4.1740559685917266e-16,6.300126201269165e-17,8.95090418262362e-16,4.440892098500626e-16,8.881784197001252e-16
strong_horizontal,5.0,0.0,horizontal,20,10.0,0.0,10.0,15.0,0.0,15.0,exact_distance_minus_5cm,15.0,0.0,1.3397459621556131,7.673861546209082e-13,5.400124791776761e-13,0.0,7.673861546209082e-13,0.0,0.44444444444443243,0.6666666666666665,0.6666666666666488,1.3595020044077348,1.3585903233889363,1.7609017682227133,-1.3595020044077348,4.700780712533939e-17,2.7755575615628914e-16,0.3333333333333333,1.7046337913641318,1.035111308261867,1.3397459621556131
strong_horizontal,5.0,0.0,horizontal,20,10.0,0.0,10.0,15.0,0.0,15.0,exact_distance_plus_5cm,15.0,0.0,1.3397459621556145,7.673861546209082e-13,5.400124791776761e-13,0.0,7.673861546209082e-13,0.0,1.7777777777777295,1.333333333333333,1.3333333333332975,1.3595020044077348,1.358590323388938,1.7609017682227133,1.3595020044077348,9.372666566455534e-17,4.996003610813204e-16,0.33333333333333337,1.704633791364131,1.0351113082618677,1.3397459621556145
strong_horizontal,5.0,0.0,horizontal,20,10.0,0.0,10.0,15.0,0.0,15.0,planar_no_correction,15.0,0.0,0.09224706947959893,0.9929685627911056,0.6996013562221535,0.0,0.9929685627911056,0.0,0.9012202019646907,0.9659252922326723,0.9330123242570654,0.10229682237949822,0.09496218429840111,0.20059438130672047,-0.10199821817818365,0.006674060970052482,0.02070601821955846,0.023904966010058135,0.18480048644261643,0.041771731070356075,0.09224706947959893
strong_horizontal,5.0,0.0,vertical,0,0.0,0.0,0.0,5.0,0.0,5.0,exact_true_distance,5.0,0.0,2.220446049250313e-16,4.263256414560601e-14,1.4210854715202004e-14,0.0,2.842170943040401e-14,0.0,1.0000000000000009,1.0000000000000009,1.0,9.630641865103639e-17,1.1102230246251565e-16,4.002966042486721e-16,8.339624818870238e-18,4.227106870990588e-17,3.121465642018263e-16,6.668652298594944e-17,2.482534153247273e-16,0.0,2.220446049250313e-16
strong_horizontal,5.0,0.0,vertical,0,0.0,0.0,0.0,5.0,0.0,5.0,exact_distance_minus_5cm,5.0,0.0,0.4374433176296201,1.9895196601282805e-13,1.3500311979441904e-13,0.0,1.9895196601282805e-13,0.0,0.4444444444444473,0.666666666666671,0.6666666666666666,0.491913607294367,0.48631856526696726,0.8674395174284654,-0.491913607294367,3.291949963334928e-17,2.7755575615628914e-16,0.33333333333333337,0.7927104450984527,0.3604139331570203,0.4374433176296201
strong_horizontal,5.0,0.0,vertical,0,0.0,0.0,0.0,5.0,0.0,5.0,exact_distance_plus_5cm,5.0,0.0,0.43744331762961974,1.9895196601282805e-13,1.3500311979441904e-13,0.0,1.9895196601282805e-13,0.0,1.7777777777777892,1.333333333333342,1.3333333333333333,0.491913607294367,0.4863185652669673,0.8674395174284653,0.491913607294367,6.365330960452196e-17,4.718447854656915e-16,0.3333333333333333,0.7927104450984525,0.3604139331570202,0.43744331762961974
strong_horizontal,5.0,0.0,vertical,0,0.0,0.0,0.0,5.0,0.0,5.0,planar_no_correction,5.0,0.0,0.0033330138931129127,0.10922103609269129,0.07693723186263668,0.0,0.10922103609269129,0.0,0.9886263350020031,0.996194112239044,0.9924033106158081,0.0066541338322842775,0.004367099634035951,0.024525418178760035,-0.006525015828534744,0.0011081637501056754,0.005505511566598483,0.003574137035358158,0.01925598800117473,0.0018645947205953688,0.0033330138931129127
strong_horizontal,5.0,0.0,vertical,1,0.0,0.5,0.5,5.0,0.5,5.024937810560445,exact_true_distance,5.0,0.5,2.220446049250313e-16,5.684341886080802e-14,2.842170943040401e-14,4.263256414560601e-14,1.4210854715202004e-14,0.0,1.0000000000000007,1.0000000000000009,0.9999999999999998,9.54157261252753e-17,5.551115123125783e-17,4.965068306494546e-16,1.918939287957262e-17,4.183403671314436e-17,4.037237054320749e-16,6.68374870546936e-17,2.482534153247273e-16,0.0,2.220446049250313e-16
strong_horizontal,5.0,0.0,vertical,1,0.0,0.5,0.5,5.0,0.5,5.024937810560445,exact_distance_minus_5cm,5.0,0.5,0.4396307371616946,2.2737367544323206e-13,1.3500311979441904e-13,5.684341886080802e-14,1.5631940186722204e-13,0.0,0.44444444444444736,0.666666666666671,0.6666666666666667,0.49368695606652147,0.49033269522044065,0.8864954731262806,-0.49368695606652147,3.7800666820363145e-17,3.3306690738754696e-16,0.33333333333333337,0.7931535102896187,0.318067805654523,0.4396307371616946
strong_horizontal,5.0,0.0,vertical,1,0.0,0.5,0.5,5.0,0.5,5.024937810560445,exact_distance_plus_5cm,5.0,0.5,0.43963073716169426,2.2737367544323206e-13,1.3500311979441904e-13,5.684341886080802e-14,1.5631940186722204e-13,0.0,1.7777777777777892,1.333333333333342,1.3333333333333335,0.4936869560665215,0.49033269522044054,0.8864954731262805,0.4936869560665215,7.441664443762017e-17,7.771561172376096e-16,0.33333333333333337,0.7931535102896184,0.3180678056545233,0.43963073716169426
strong_horizontal,5.0,0.0,vertical,1,0.0,0.5,0.5,5.0,0.5,5.024937810560445,planar_no_correction,5.0,0.5,0.003370807627633456,0.13102735434861756,0.07395940900534015,0.04374201307223302,0.08524175669842293,0.0,0.9885510489336785,0.9961565578218738,0.9923651469957443,0.0067171158648491784,0.004472172097015052,0.026018764205045602,-0.006580949524452052,0.001141184265049742,0.006518616612109059,0.0035982176369208463,0.01937939408521636,0.0012814725093199554,0.003370807627633456
strong_horizontal,5.0,0.0,vertical,2,0.0,1.0,1.0,5.0,1.0,5.0990195135927845,exact_true_distance,5.0,1.0,2.220446049250313e-16,8.526512829121202e-14,4.973799150320701e-14,8.526512829121202e-14,2.842170943040401e-14,0.0,1.0000000000000018,1.0000000000000016,1.0000000000000002,9.735668311543138e-17,1.1102230246251565e-16,4.965068306494546e-16,4.677167275259618e-18,4.333290164378377e-17,3.137146392206502e-16,6.666639474291826e-17,2.482534153247273e-16,1.1102230246251565e-16,2.220446049250313e-16
strong_horizontal,5.0,0.0,vertical,2,0.0,1.0,1.0,5.0,1.0,5.0990195135927845,exact_distance_minus_5cm,5.0,1.0,0.44612995958628526,1.9895196601282805e-13,1.2789769243681803e-13,0.0,1.8474111129762605e-13,0.0,0.44444444444444736,0.666666666666671,0.6666666666666667,0.49899248773595084,0.4954113777471314,0.9073575546690203,-0.49899248773595084,3.412895585812312e-17,2.7755575615628914e-16,0.33333333333333337,0.7968367665467831,0.2762286845013597,0.44612995958628526
strong_horizontal,5.0,0.0,vertical,2,0.0,1.0,1.0,5.0,1.0,5.0990195135927845,exact_distance_plus_5cm,5.0,1.0,0.44612995958628493,1.9895196601282805e-13,1.2789769243681803e-13,0.0,1.8474111129762605e-13,0.0,1.7777777777777892,1.333333333333342,1.3333333333333335,0.49899248773595084,0.49541137774713156,0.90735755466902,0.49899248773595084,6.556037027293667e-17,4.996003610813204e-16,0.33333333333333337,0.7968367665467829,0.2762286845013598,0.44612995958628493
strong_horizontal,5.0,0.0,vertical,2,0.0,1.0,1.0,5.0,1.0,5.0990195135927845,planar_no_correction,5.0,1.0,0.003487568368463184,0.1530062485308008,0.06405249650525491,0.08747065097679751,0.056878806517289604,0.0,0.9883252136612062,0.9960484165411073,0.9922461571630012,0.006907161849178819,0.004718277747211845,0.02776360562813723,-0.006749904063640959,0.0012383947161911256,0.007632736586222835,0.0036704616791936773,0.019605735268975088,0.0008386949536840413,0.003487568368463184
strong_horizontal,5.0,0.0,vertical,3,0.0,1.5,1.5,5.0,1.5,5.220153254455275,exact_true_distance,5.0,1.5,2.220446049250313e-16,5.684341886080802e-14,2.842170943040401e-14,0.0,2.842170943040401e-14,0.0,1.000000000000003,1.0000000000000022,1.0000000000000009,9.608043183287807e-17,5.551115123125783e-17,4.965068306494546e-16,1.3295823287440042e-17,4.2142925709955786e-17,4.037237054320749e-16,6.580415375290743e-17,2.482534153247273e-16,1.1102230246251565e-16,2.220446049250313e-16
strong_horizontal,5.0,0.0,vertical,3,0.0,1.5,1.5,5.0,1.5,5.220153254455275,exact_distance_minus_5cm,5.0,1.5,0.4567608040153954,1.7053025658242404e-13,5.684341886080802e-14,1.1368683772161603e-13,1.5631940186722204e-13,0.0,0.4444444444444488,0.6666666666666713,0.6666666666666685,0.5077860369307091,0.5093505814776366,0.9299165983291869,-0.5077860369307091,3.783368951592011e-17,3.3306690738754696e-16,0.33333333333333337,0.8049461984985142,0.2351349628787563,0.4567608040153954
strong_horizontal,5.0,0.0,vertical,3,0.0,1.5,1.5,5.0,1.5,5.220153254455275,exact_distance_plus_5cm,5.0,1.5,0.4567608040153951,1.7053025658242404e-13,5.684341886080802e-14,1.1368683772161603e-13,1.5631940186722204e-13,0.0,1.777777777777795,1.3333333333333426,1.333333333333337,0.5077860369307091,0.5093505814776361,0.9299165983291865,0.5077860369307091,7.459414142623886e-17,7.771561172376096e-16,0.33333333333333337,0.8049461984985142,0.2351349628787561,0.4567608040153951
strong_horizontal,5.0,0.0,vertical,3,0.0,1.5,1.5,5.0,1.5,5.220153254455275,planar_no_correction,5.0,1.5,0.0036928984917721334,0.17622369844548302,0.06546971579449945,0.1311725427606234,0.024127823219046718,0.0,0.9879488979751068,0.9958830676010385,0.9920330309008625,0.007227571741591624,0.005161986246714163,0.029778384366141646,-0.007035333023789213,0.0014022001140401312,0.008853143140959262,0.0037908841797452617,0.019905077656704705,0.0005161211193726759,0.0036928984917721334
strong_horizontal,5.0,0.0,vertical,4,0.0,2.0,2.0,5.0,2.0,5.385164807134504,exact_true_distance,5.0,2.0,2.220446049250313e-16,1.9895196601282805e-13,7.815970093361102e-14,1.7053025658242404e-13,0.0,0.0,1.0000000000000044,1.0000000000000042,1.0000000000000002,1.0153637530409464e-16,5.551115123125783e-17,4.965068306494546e-16,1.0130593652471908e-17,4.407358800747669e-17,3.1398951717666784e-16,6.54568992347481e-17,2.482534153247273e-16,0.0,2.220446049250313e-16
strong_horizontal,5.0,0.0,vertical,4,0.0,2.0,2.0,5.0,2.0,5.385164807134504,exact_distance_minus_5cm,5.0,2.0,0.47124994588991825,1.9895196601282805e-13,7.815970093361102e-14,1.1368683772161603e-13,1.7053025658242404e-13,0.0,0.4444444444444483,0.6666666666666711,0.6666666666666681,0.5199918437896986,0.5269255220913716,0.9540656380837882,-0.5199918437896986,3.8690215681928885e-17,3.885780586188048e-16,0.33333333333333337,0.8186734184415938,0.1952249329489127,0.47124994588991825
strong_horizontal,5.0,0.0,vertical,4,0.0,2.0,2.0,5.0,2.0,5.385164807134504,exact_distance_plus_5cm,5.0,2.0,0.4712499458899179,1.9895196601282805e-13,7.815970093361102e-14,1.1368683772161603e-13,1.7053025658242404e-13,0.0,1.777777777777793,1.3333333333333421,1.3333333333333361,0.5199918437896986,0.526925522091371,0.9540656380837883,0.5199918437896986,7.387176996093025e-17,7.216449660063518e-16,0.3333333333333333,0.8186734184415939,0.19522493294891244,0.4712499458899179
strong_horizontal,5.0,0.0,vertical,4,0.0,2.0,2.0,5.0,2.0,5.385164807134504,planar_no_correction,5.0,2.0,0.00400114877396551,0.20194891312911523,0.08730273258359489,0.17483432589693848,0.013016209120848998,0.0,0.9874222165029651,0.9956815197487041,0.9917048744182542,0.00768384441909468,0.00572848714626992,0.0320812515422891,-0.007442968747848079,0.0016313444316498704,0.010184109240538145,0.0039595375599084225,0.02070082540458333,0.00029376348513463163,0.00400114877396551
strong_horizontal,5.0,0.0,vertical,5,0.0,2.5,2.5,5.0,2.5,5.5901699437494745,exact_true_distance,5.0,2.5,2.482534153247273e-16,3.410605131648481e-13,1.7053025658242404e-13,3.126388037344441e-13,2.2737367544323206e-13,0.0,1.0000000000000044,1.0000000000000053,0.9999999999999991,1.0067568112370763e-16,5.551115123125783e-17,4.965068306494546e-16,8.122144953183947e-18,4.576084605518821e-17,4.037237054320749e-16,6.49441345558575e-17,2.482534153247273e-16,0.0,2.482534153247273e-16
strong_horizontal,5.0,0.0,vertical,5,0.0,2.5,2.5,5.0,2.5,5.5901699437494745,exact_distance_minus_5cm,5.0,2.5,0.4892631025345735,2.8421709430404007e-13,1.2079226507921703e-13,2.4158453015843406e-13,0.0,0.0,0.4444444444444483,0.6666666666666715,0.6666666666666676,0.5354990338129108,0.5482957486545956,0.9797014653683586,-0.5354990338129108,4.247750607861828e-17,3.3306690738754696e-16,0.33333333333333337,0.8403515049589874,0.15736825437682442,0.4892631025345735
strong_horizontal,5.0,0.0,vertical,5,0.0,2.5,2.5,5.0,2.5,5.5901699437494745,exact_distance_plus_5cm,5.0,2.5,0.4892631025345731,2.8421709430404007e-13,1.2079226507921703e-13,2.4158453015843406e-13,0.0,0.0,1.777777777777793,1.333333333333343,1.3333333333333353,0.5354990338129108,0.5482957486545956,0.9797014653683583,0.5354990338129108,8.398703439372304e-17,7.771561172376096e-16,0.33333333333333337,0.8403515049589872,0.1573682543768243,0.4892631025345731
strong_horizontal,5.0,0.0,vertical,5,0.0,2.5,2.5,5.0,2.5,5.5901699437494745,planar_no_correction,5.0,2.5,0.004429430313962211,0.230917258331516,0.1091333631436271,0.21844265049446676,0.05455895154462098,0.0,0.9867453296745279,0.9954687121295512,0.9912369094591008,0.008283668874776341,0.006400072574845998,0.034690043783299374,-0.007980783163653972,0.0019289109788443572,0.011629048625458998,0.00417655172036588,0.02216019600567369,0.00015191899367293023,0.004429430313962211
strong_horizontal,5.0,0.0,vertical,6,0.0,3.0,3.0,5.0,3.0,5.830951894845301,exact_true_distance,5.0,3.0,2.482534153247273e-16,1.7053025658242404e-13,8.526512829121202e-14,1.5631940186722204e-13,7.105427357601002e-14,0.0,1.0000000000000018,1.0000000000000022,0.9999999999999996,1.1551631649808039e-16,1.1102230246251565e-16,4.965068306494546e-16,1.443921403823276e-17,5.1101306764373893e-17,3.481226313423064e-16,6.874165683645218e-17,3.1401849173675503e-16,0.0,2.482534153247273e-16
strong_horizontal,5.0,0.0,vertical,6,0.0,3.0,3.0,5.0,3.0,5.830951894845301,exact_distance_minus_5cm,5.0,3.0,0.5104376698914093,2.5579538487363607e-13,1.6342482922482304e-13,0.0,2.4158453015843406e-13,0.0,0.4444444444444465,0.6666666666666708,0.6666666666666655,0.5541560755267421,0.5706564618195912,1.0067257759574826,-0.554156075526742,4.406053154688028e-17,3.885780586188048e-16,0.33333333333333337,0.8633478080636132,0.12343534874250395,0.5104376698914093
strong_horizontal,5.0,0.0,vertical,6,0.0,3.0,3.0,5.0,3.0,5.830951894845301,exact_distance_plus_5cm,5.0,3.0,0.510437669891409,2.5579538487363607e-13,1.6342482922482304e-13,0.0,2.4158453015843406e-13,0.0,1.7777777777777857,1.3333333333333417,1.333333333333331,0.554156075526742,0.5706564618195917,1.0067257759574828,0.5541560755267421,8.503756889612898e-17,7.216449660063518e-16,0.33333333333333337,0.863347808063613,0.12343534874250384,0.510437669891409
strong_horizontal,5.0,0.0,vertical,6,0.0,3.0,3.0,5.0,3.0,5.830951894845301,planar_no_correction,5.0,3.0,0.0049957512770779575,0.2652110250359385,0.13090598262644448,0.26198418350344355,0.10050670054296518,0.0,0.9859184436728187,0.9952672137073717,0.990606773833402,0.009036896986648925,0.0071607792064475395,0.03762235308710639,-0.008658924845574121,0.002294449087688407,0.013190651864799213,0.004442188234299742,0.02394992459473092,7.158927813007946e-05,0.0049957512770779575
strong_horizontal,5.0,0.0,vertical,7,0.0,3.5,3.5,5.0,3.5,6.103277807866851,exact_true_distance,5.0,3.5,2.220446049250313e-16,1.9895196601282805e-13,7.815970093361102e-14,1.5631940186722204e-13,0.0,0.0,0.999999999999999,1.0000000000000016,0.9999999999999974,1.0635636965000916e-16,5.551115123125783e-17,7.021666937153402e-16,9.034776262743604e-18,4.9925815249316796e-17,4.037237054320749e-16,6.379470062243525e-17,2.482534153247273e-16,0.0,2.220446049250313e-16
strong_horizontal,5.0,0.0,vertical,7,0.0,3.5,3.5,5.0,3.5,6.103277807866851,exact_distance_minus_5cm,5.0,3.5,0.5344100938037016,2.5579538487363607e-13,1.6342482922482304e-13,0.0,2.4158453015843406e-13,0.0,0.4444444444444465,0.6666666666666708,0.6666666666666655,0.5757628233664492,0.5961356604931514,1.0350459500535423,-0.5757628233664492,4.859702434901832e-17,3.3306690738754696e-16,0.33333333333333337,0.8905202088983598,0.0975782656279865,0.5344100938037016
strong_horizontal,5.0,0.0,vertical,7,0.0,3.5,3.5,5.0,3.5,6.103277807866851,exact_distance_plus_5cm,5.0,3.5,0.5344100938037014,2.5579538487363607e-13,1.6342482922482304e-13,0.0,2.4158453015843406e-13,0.0,1.7777777777777857,1.3333333333333417,1.333333333333331,0.5757628233664492,0.5961356604931518,1.035045950053542,0.5757628233664492,9.676888149274072e-17,7.771561172376096e-16,0.3333333333333333,0.8905202088983595,0.09757826562798645,0.5344100938037014
strong_horizontal,5.0,0.0,vertical,7,0.0,3.5,3.5,5.0,3.5,6.103277807866851,planar_no_correction,5.0,3.5,0.0057178229229843955,0.3054456129108303,0.15271296229830966,0.3054456129108303,0.15086637716345308,0.0,0.9849418103713823,0.995091452100087,0.9898002925185575,0.009955481501388924,0.008168672293800302,0.04089565077677899,-0.009489622480935473,0.0027320206254377237,0.014871012525468488,0.004756907978589102,0.026362870910394846,3.532699698472182e-05,0.0057178229229843955
strong_horizontal,5.0,0.0,vertical,8,0.0,4.0,4.0,5.0,4.0,6.4031242374328485,exact_true_distance,5.0,4.0,3.1401849173675503e-16,3.410605131648481e-13,1.5631940186722204e-13,3.410605131648481e-13,1.7053025658242404e-13,0.0,1.0000000000000018,1.0000000000000036,0.9999999999999982,1.2820043543645612e-16,1.1102230246251565e-16,4.965068306494546e-16,1.1156925428318746e-17,5.992545136218806e-17,3.481226313423064e-16,7.123801513731984e-17,3.1401849173675503e-16,0.0,3.1401849173675503e-16
strong_horizontal,5.0,0.0,vertical,8,0.0,4.0,4.0,5.0,4.0,6.4031242374328485,exact_distance_minus_5cm,5.0,4.0,0.5608353767286972,1.4210854715202004e-13,8.526512829121202e-14,0.0,1.1368683772161603e-13,0.0,0.4444444444444483,0.666666666666671,0.6666666666666682,0.6000619782060506,0.6203235832618204,1.0645755218636965,-0.6000619782060506,5.1156283254683093e-17,3.885780586188048e-16,0.33333333333333337,0.9166291783775038,0.08727532464108795,0.5608353767286972
strong_horizontal,5.0,0.0,vertical,8,0.0,4.0,4.0,5.0,4.0,6.4031242374328485,exact_distance_plus_5cm,5.0,4.0,0.5608353767286969,1.4210854715202004e-13,8.526512829121202e-14,0.0,1.1368683772161603e-13,0.0,1.777777777777793,1.333333333333342,1.3333333333333364,0.6000619782060506,0.620323583261821,1.0645755218636959,0.6000619782060506,9.981522515787072e-17,7.216449660063518e-16,0.33333333333333337,0.9166291783775042,0.08727532464108789,0.5608353767286969
strong_horizontal,5.0,0.0,vertical,8,0.0,4.0,4.0,5.0,4.0,6.4031242374328485,planar_no_correction,5.0,4.0,0.006612678482317543,0.3516492132256275,0.17450224216100452,0.3488136519299019,0.20564551487885296,0.0,0.9838157272575083,0.9949463320541767,0.9888128591080002,0.01105335399790006,0.009247707746286278,0.0445274316104918,-0.010487037858543472,0.0032423747080070962,0.016671739784029735,0.005121456580829544,0.028767174132084985,2.658612411438055e-05,0.006612678482317543
strong_horizontal,5.0,0.0,vertical,9,0.0,4.5,4.5,5.0,4.5,6.726812023536855,exact_true_distance,5.0,4.5,2.220446049250313e-16,3.410605131648481e-13,2.2737367544323206e-13,0.0,3.268496584496461e-13,0.0,0.9999999999999907,1.0000000000000009,0.9999999999999898,1.2039739134406424e-16,1.1102230246251565e-16,8.95090418262362e-16,9.649396788257354e-18,6.001661864913011e-17,4.551186444024067e-16,6.617364971607377e-17,4.440892098500626e-16,0.0,2.220446049250313e-16
strong_horizontal,5.0,0.0,vertical,9,0.0,4.5,4.5,5.0,4.5,6.726812023536855,exact_distance_minus_5cm,5.0,4.5,0.5893987426041896,4.831690603168681e-13,3.339550858072471e-13,0.0,4.831690603168681e-13,0.0,0.44444444444444275,0.666666666666671,0.6666666666666599,0.6267429126875216,0.6483845706788534,1.0952343973413765,-0.6267429126875216,5.722007572633076e-17,3.3306690738754696e-16,0.33333333333333337,0.946092696397713,0.0975782656279865,0.5893987426041896
strong_horizontal,5.0,0.0,vertical,9,0.0,4.5,4.5,5.0,4.5,6.726812023536855,exact_distance_plus_5cm,5.0,4.5,0.5893987426041895,4.831690603168681e-13,3.339550858072471e-13,0.0,4.831690603168681e-13,0.0,1.777777777777771,1.333333333333342,1.3333333333333197,0.6267429126875216,0.6483845706788537,1.095234397341376,0.6267429126875216,1.1462177627822483e-16,6.106226635438361e-16,0.3333333333333334,0.9460926963977131,0.09757826562798645,0.5893987426041895
strong_horizontal,5.0,0.0,vertical,9,0.0,4.5,4.5,5.0,4.5,6.726812023536855,planar_no_correction,5.0,4.5,0.007696861687335428,0.4038719595729816,0.19626113290290448,0.39207504318096653,0.26485224618062375,0.0,0.9825405373416759,0.9948300742726198,0.9876465968925098,0.012346190516077927,0.010481982719608963,0.04853535376776784,-0.011667037549387605,0.0038230558087729823,0.018594055967304637,0.0055369166778127124,0.031596770696951,3.532699698472182e-05,0.007696861687335428
strong_horizontal,5.0,0.0,vertical,10,0.0,5.0,5.0,5.0,5.0,7.0710678118654755,exact_true_distance,5.0,5.0,3.1401849173675503e-16,1.0516032489249483e-12,4.689582056016661e-13,9.521272659185342e-13,1.4210854715202004e-13,0.0,0.9999999999999907,1.0000000000000053,0.9999999999999853,1.4653411899992717e-16,1.1102230246251565e-16,4.965068306494546e-16,5.958607206176701e-18,7.078907771208141e-17,3.481226313423064e-16,7.512522924000489e-17,4.440892098500626e-16,0.0,3.1401849173675503e-16
strong_horizontal,5.0,0.0,vertical,10,0.0,5.0,5.0,5.0,5.0,7.0710678118654755,exact_distance_minus_5cm,5.0,5.0,0.6198209475901588,6.821210263296962e-13,2.4868995751603507e-13,4.831690603168681e-13,1.1368683772161603e-13,0.0,0.44444444444444464,0.6666666666666718,0.6666666666666617,0.655480341701698,0.6754581829283527,1.1269488758738835,-0.655480341701698,5.8990917775573e-17,3.885780586188048e-16,0.33333333333333337,0.9761236811399419,0.12343534874250395,0.6198209475901588
strong_horizontal,5.0,0.0,vertical,10,0.0,5.0,5.0,5.0,5.0,7.0710678118654755,exact_distance_plus_5cm,5.0,5.0,0.6198209475901584,6.821210263296962e-13,2.4868995751603507e-13,4.831690603168681e-13,1.1368683772161603e-13,0.0,1.7777777777777786,1.3333333333333437,1.3333333333333235,0.655480341701698,0.6754581829283527,1.1269488758738828,0.655480341701698,1.1558769012326604e-16,7.216449660063518e-16,0.3333333333333333,0.9761236811399413,0.12343534874250384,0.6198209475901584
strong_horizontal,5.0,0.0,vertical,10,0.0,5.0,5.0,5.0,5.0,7.0710678118654755,planar_no_correction,5.0,5.0,0.008986826306138094,0.4615614737453768,0.2179688806748743,0.4352165628577609,0.32849528786866244,0.0,0.9811166290530706,0.9947379909920465,0.9863065831783591,0.013850996155138013,0.011967128718248373,0.052937360468695425,-0.013046858628591122,0.004459919421670212,0.020638879025215568,0.006004444141578105,0.03488910872399468,7.158927813007946e-05,0.008986826306138094
strong_horizontal,5.0,0.0,vertical,11,0.0,5.5,5.5,5.0,5.5,7.433034373659253,exact_true_distance,5.0,5.5,3.1401849173675503e-16,1.7053025658242404e-13,1.1368683772161603e-13,0.0,1.4210854715202004e-13,0.0,1.0000000000000073,1.0000000000000064,1.0000000000000009,1.3987257260935636e-16,1.1102230246251565e-16,9.155133597044475e-16,1.7217696804600085e-17,6.955887895677163e-17,6.206713429497909e-16,6.926768888358299e-17,4.440892098500626e-16,0.0,3.1401849173675503e-16
strong_horizontal,5.0,0.0,vertical,11,0.0,5.5,5.5,5.0,5.5,7.433034373659253,exact_distance_minus_5cm,5.0,5.5,0.6518591526611012,1.4210854715202004e-13,8.526512829121202e-14,0.0,1.1368683772161603e-13,0.0,0.4444444444444483,0.666666666666671,0.6666666666666682,0.6859840979775398,0.705079016191876,1.1596515256917674,-0.6859840979775398,6.662328828617648e-17,4.440892098500626e-16,0.33333333333333337,1.0095695010376227,0.15736825437682442,0.6518591526611012
strong_horizontal,5.0,0.0,vertical,11,0.0,5.5,5.5,5.0,5.5,7.433034373659253,exact_distance_plus_5cm,5.0,5.5,0.6518591526611006,1.4210854715202004e-13,8.526512829121202e-14,0.0,1.1368683772161603e-13,0.0,1.777777777777793,1.333333333333342,1.3333333333333364,0.6859840979775398,0.705079016191876,1.1596515256917674,0.6859840979775398,1.3319704252901752e-16,7.771561172376096e-16,0.3333333333333333,1.0095695010376227,0.1573682543768243,0.6518591526611006
strong_horizontal,5.0,0.0,vertical,11,0.0,5.5,5.5,5.0,5.5,7.433034373659253,planar_no_correction,5.0,5.5,0.010499297892509245,0.5248438128785011,0.23984230850899735,0.4782250248820219,0.39658392500464856,0.0,0.9795444361212693,0.9946649911000736,0.9847983440514163,0.015585637584701445,0.013503973174691907,0.05775177719356226,-0.014644746918510117,0.005156027246480388,0.02280689089869922,0.006524872393439325,0.03850445457496378,0.00015191899367293023,0.010499297892509245
strong_horizontal,5.0,0.0,vertical,12,0.0,6.0,6.0,5.0,6.0,7.810249675906654,exact_true_distance,5.0,6.0,2.220446049250313e-16,3.979039320256561e-13,1.5631940186722204e-13,3.126388037344441e-13,0.0,0.0,0.9999999999999962,1.000000000000002,0.9999999999999942,1.7133528521430748e-16,2.220446049250313e-16,9.155133597044475e-16,2.4851162265582845e-17,8.203848426503182e-17,6.027983945225152e-16,8.025837807904321e-17,4.577566798522237e-16,0.0,2.220446049250313e-16
strong_horizontal,5.0,0.0,vertical,12,0.0,6.0,6.0,5.0,6.0,7.810249675906654,exact_distance_minus_5cm,5.0,6.0,0.6853050859324562,1.4210854715202004e-14,0.0,0.0,0.0,0.0,0.4444444444444502,0.666666666666671,0.666666666666671,0.7180149487220922,0.7356484799641249,1.1932809553366215,-0.7180149487220922,6.956230819074635e-17,4.440892098500626e-16,0.33333333333333337,1.0433499351261364,0.1952249329489127,0.6853050859324562
strong_horizontal,5.0,0.0,vertical,12,0.0,6.0,6.0,5.0,6.0,7.810249675906654,exact_distance_plus_5cm,5.0,6.0,0.6853050859324562,1.4210854715202004e-14,0.0,0.0,0.0,0.0,1.7777777777778005,1.333333333333342,1.333333333333342,0.7180149487220922,0.7356484799641253,1.1932809553366215,0.7180149487220922,1.3677174932305896e-16,7.771561172376096e-16,0.3333333333333333,1.0433499351261375,0.19522493294891244,0.6853050859324562
strong_horizontal,5.0,0.0,vertical,12,0.0,6.0,6.0,5.0,6.0,7.810249675906654,planar_no_correction,5.0,6.0,0.012251505051267942,0.5939845232788628,0.26143058756520077,0.5210872850424835,0.4691279934921937,0.0,0.9778244374441074,0.9946066581363421,0.9831267762437058,0.017568541107576698,0.015316810077881122,0.06299738409143066,-0.016479687209402547,0.0059137454151349435,0.025098593269568592,0.007098675370951882,0.042896995934917866,0.00029376348513463163,0.012251505051267942
strong_horizontal,5.0,0.0,vertical,13,0.0,6.5,6.5,5.0,6.5,8.200609733428363,exact_true_distance,5.0,6.5,2.220446049250313e-16,3.979039320256561e-13,1.5631940186722204e-13,3.126388037344441e-13,0.0,0.0,0.9999999999999962,1.000000000000002,0.9999999999999942,1.578019836577548e-16,1.1102230246251565e-16,9.155133597044475e-16,2.7724718993957806e-17,7.568397433033032e-17,6.206713429497909e-16,6.881414920791802e-17,4.965068306494546e-16,1.1102230246251565e-16,2.220446049250313e-16
strong_horizontal,5.0,0.0,vertical,13,0.0,6.5,6.5,5.0,6.5,8.200609733428363,exact_distance_minus_5cm,5.0,6.5,0.7199817981353421,2.5579538487363607e-13,1.6342482922482304e-13,0.0,2.4158453015843406e-13,0.0,0.4444444444444465,0.6666666666666708,0.6666666666666655,0.7513779231764576,0.7678264667602034,1.2277815158164809,-0.7513779231764576,7.270771994254724e-17,4.440892098500626e-16,0.3333333333333333,1.0791096938135807,0.2351349628787563,0.7199817981353421
strong_horizontal,5.0,0.0,vertical,13,0.0,6.5,6.5,5.0,6.5,8.200609733428363,exact_distance_plus_5cm,5.0,6.5,0.7199817981353417,2.5579538487363607e-13,1.6342482922482304e-13,0.0,2.4158453015843406e-13,0.0,1.7777777777777857,1.3333333333333417,1.333333333333331,0.7513779231764578,0.767826466760204,1.2277815158164813,0.7513779231764576,1.4392941858503108e-16,7.771561172376096e-16,0.3333333333333333,1.0791096938135807,0.2351349628787561,0.7199817981353417
strong_horizontal,5.0,0.0,vertical,13,0.0,6.5,6.5,5.0,6.5,8.200609733428363,planar_no_correction,5.0,6.5,0.01426128573116076,0.667183202275595,0.2833115482423807,0.5637902451206287,0.5461378612432668,0.0,0.9759571569419074,0.9945595006630916,0.9812958966167619,0.019818537601212112,0.01739049258149777,0.06869346637711056,-0.018571230596966484,0.006734881844188473,0.0275143523918285,0.007726057031968769,0.04704745116052404,0.0005161211193726759,0.01426128573116076
strong_horizontal,5.0,0.0,vertical,14,0.0,7.0,7.0,5.0,7.0,8.602325267042627,exact_true_distance,5.0,7.0,3.1401849173675503e-16,1.4210854715202004e-14,0.0,0.0,0.0,0.0,1.0000000000000018,1.0000000000000009,1.0000000000000009,1.884760594542581e-16,2.220446049250313e-16,9.155133597044475e-16,2.9956699630810564e-17,8.800088517312946e-17,6.027983945225152e-16,8.078919336231388e-17,4.965068306494546e-16,1.1102230246251565e-16,3.1401849173675503e-16
strong_horizontal,5.0,0.0,vertical,14,0.0,7.0,7.0,5.0,7.0,8.602325267042627,exact_distance_minus_5cm,5.0,7.0,0.7557398813418901,2.5579538487363607e-13,1.6342482922482304e-13,0.0,2.4158453015843406e-13,0.0,0.4444444444444465,0.6666666666666708,0.6666666666666655,0.7859129038869938,0.8012748772093599,1.2631029608263025,-0.7859129038869938,7.442490011150941e-17,4.440892098500626e-16,0.33333333333333337,1.1147287749562251,0.2762286845013597,0.7557398813418901
strong_horizontal,5.0,0.0,vertical,14,0.0,7.0,7.0,5.0,7.0,8.602325267042627,exact_distance_plus_5cm,5.0,7.0,0.7557398813418899,2.5579538487363607e-13,1.6342482922482304e-13,0.0,2.4158453015843406e-13,0.0,1.7777777777777857,1.3333333333333417,1.333333333333331,0.7859129038869938,0.8012748772093604,1.2631029608263027,0.7859129038869938,1.445568498006134e-16,7.771561172376096e-16,0.3333333333333333,1.114728774956226,0.2762286845013598,0.7557398813418899
strong_horizontal,5.0,0.0,vertical,14,0.0,7.0,7.0,5.0,7.0,8.602325267042627,planar_no_correction,5.0,7.0,0.016547108192762543,0.7458598375872469,0.30466024544205794,0.6063208569916014,0.6276244078940749,0.0,0.9739431633977906,0.9945208675527435,0.9793089267140375,0.022354785185468413,0.019681365231697508,0.07485984691078063,-0.02093938324886496,0.007620803712502653,0.03005443471193465,0.008407026076340576,0.0521307221182179,0.0008386949536840413,0.016547108192762543
strong_horizontal,5.0,0.0,vertical,15,0.0,7.5,7.5,5.0,7.5,9.013878188659973,exact_true_distance,5.0,7.5,2.220446049250313e-16,6.679101716144942e-13,3.126388037344441e-13,6.394884621840902e-13,4.831690603168681e-13,0.0,1.0000000000000073,1.0000000000000098,0.9999999999999976,1.8056867452770923e-16,2.220446049250313e-16,9.155133597044475e-16,4.647141858254674e-17,8.331726523378481e-17,6.206713429497909e-16,7.225798661870796e-17,4.965068306494546e-16,0.0,2.220446049250313e-16
strong_horizontal,5.0,0.0,vertical,15,0.0,7.5,7.5,5.0,7.5,9.013878188659973,exact_distance_minus_5cm,5.0,7.5,0.7924536740192902,4.831690603168681e-13,2.2737367544323206e-13,4.831690603168681e-13,2.2737367544323206e-13,0.0,0.4444444444444502,0.6666666666666737,0.6666666666666682,0.8214872037519407,0.8341194959186801,1.2992000860023312,-0.8214872037519407,7.882517429447497e-17,4.440892098500626e-16,0.3333333333333333,1.1503237332920655,0.318067805654523,0.7924536740192902
strong_horizontal,5.0,0.0,vertical,15,0.0,7.5,7.5,5.0,7.5,9.013878188659973,exact_distance_plus_5cm,5.0,7.5,0.79245367401929,4.831690603168681e-13,2.2737367544323206e-13,4.831690603168681e-13,2.2737367544323206e-13,0.0,1.7777777777778005,1.3333333333333475,1.3333333333333364,0.821487203751941,0.8341194959186803,1.2992000860023318,0.821487203751941,1.5603223650665867e-16,7.771561172376096e-16,0.33333333333333337,1.1503237332920655,0.3180678056545233,0.79245367401929
strong_horizontal,5.0,0.0,vertical,15,0.0,7.5,7.5,5.0,7.5,9.013878188659973,planar_no_correction,5.0,7.5,0.01912804555027885,0.8298300479012539,0.32650273250229134,0.6486661267130103,0.7135990030223525,0.0,0.9717830702845476,0.9944887758135562,0.9771684647617729,0.025196738056894926,0.02216019600567369,0.08151690538219444,-0.023604534616012116,0.008572534733206428,0.03271903487179107,0.009141457987560001,0.057361997273629776,0.0012814725093199554,0.01912804555027885
strong_horizontal,5.0,0.0,vertical,16,0.0,8.0,8.0,5.0,8.0,9.433981132056603,exact_true_distance,5.0,8.0,2.220446049250313e-16,6.536993168992922e-13,3.268496584496461e-13,6.394884621840902e-13,3.126388037344441e-13,0.0,1.0000000000000018,1.0000000000000064,0.9999999999999953,2.0896106719205718e-16,2.220446049250313e-16,9.155133597044475e-16,5.758213657288932e-17,9.282414722149453e-17,6.027983945225152e-16,8.131260434914517e-17,4.965068306494546e-16,0.0,2.220446049250313e-16
strong_horizontal,5.0,0.0,vertical,16,0.0,8.0,8.0,5.0,8.0,9.433981132056603,exact_distance_minus_5cm,5.0,8.0,0.8300177322757263,5.968558980384842e-13,2.4158453015843406e-13,4.831690603168681e-13,0.0,0.0,0.4444444444444465,0.6666666666666722,0.6666666666666642,0.857990075500654,0.8693143311959388,1.336032362766237,-0.8579900755006538,8.230081300184552e-17,5.551115123125783e-16,0.33333333333333337,1.1886540252643896,0.3604139331570203,0.8300177322757263
strong_horizontal,5.0,0.0,vertical,16,0.0,8.0,8.0,5.0,8.0,9.433981132056603,exact_distance_plus_5cm,5.0,8.0,0.8300177322757255,5.968558980384842e-13,2.4158453015843406e-13,4.831690603168681e-13,0.0,0.0,1.7777777777777857,1.3333333333333444,1.3333333333333284,0.857990075500654,0.8693143311959397,1.3360323627662383,0.857990075500654,1.6110122027465277e-16,9.992007221626409e-16,0.33333333333333337,1.1886540252643905,0.3604139331570202,0.8300177322757255
strong_horizontal,5.0,0.0,vertical,16,0.0,8.0,8.0,5.0,8.0,9.433981132056603,planar_no_correction,5.0,8.0,0.022023731137895488,0.9170346582157549,0.348404094638731,0.6908131185887783,0.8040734828270502,0.0,0.9694775355777034,0.9944617453286115,0.9748766507427069,0.02836414295815291,0.024987953889187012,0.088685588112314,-0.026587412383932026,0.00959083441455861,0.03550829751236541,0.009929146403736303,0.0633761905825287,0.0018645947205953688,0.022023731137895488
strong_horizontal,5.0,0.0,vertical,17,0.0,8.5,8.5,5.0,8.5,9.86154146165801,exact_true_distance,5.0,8.5,2.220446049250313e-16,1.3500311979441904e-12,6.394884621840902e-13,1.2789769243681803e-12,9.521272659185342e-13,0.0,1.0000000000000129,1.0000000000000189,0.999999999999994,1.8546371411928554e-16,2.220446049250313e-16,9.155133597044475e-16,5.267955546351685e-17,8.378627312210628e-17,6.206713429497909e-16,6.928505980369777e-17,4.965068306494546e-16,0.0,2.220446049250313e-16
strong_horizontal,5.0,0.0,vertical,17,0.0,8.5,8.5,5.0,8.5,9.86154146165801,exact_distance_minus_5cm,5.0,8.5,0.8683436919327185,1.0089706847793423e-12,4.760636329592671e-13,9.521272659185342e-13,7.105427357601002e-13,0.0,0.44444444444445386,0.66666666666668,0.6666666666666675,0.8953285981724313,0.9037385174739769,1.3735635779015043,-0.8953285981724313,7.99727129650795e-17,4.440892098500626e-16,0.3333333333333333,1.2263153277388474,0.40312917035649476,0.8683436919327185
strong_horizontal,5.0,0.0,vertical,17,0.0,8.5,8.5,5.0,8.5,9.86154146165801,exact_distance_plus_5cm,5.0,8.5,0.8683436919327185,1.0089706847793423e-12,4.760636329592671e-13,9.521272659185342e-13,7.105427357601002e-13,0.0,1.7777777777778154,1.33333333333336,1.333333333333335,0.8953285981724314,0.903738517473977,1.373563577901505,0.8953285981724314,1.5995368160404824e-16,7.771561172376096e-16,0.33333333333333337,1.2263153277388483,0.40312917035649487,0.8683436919327185
strong_horizontal,5.0,0.0,vertical,17,0.0,8.5,8.5,5.0,8.5,9.86154146165801,planar_no_correction,5.0,8.5,0.025254310600462314,1.0089797748611602,0.3691323231783059,0.7327489592076972,0.8990601252133956,0.0,0.9670272615551626,0.9944386662077436,0.9724352988434033,0.03187705080102313,0.028144380876015535,0.09638741180536697,-0.029909055925448513,0.010676261707216944,0.038422334097334546,0.01076984389657533,0.06982628452919885,0.0026083199261462335,0.025254310600462314
strong_horizontal,5.0,0.0,vertical,18,0.0,9.0,9.0,5.0,9.0,10.295630140987,exact_true_distance,5.0,9.0,2.220446049250313e-16,6.536993168992922e-13,3.268496584496461e-13,6.394884621840902e-13,3.126388037344441e-13,0.0,1.0000000000000018,1.0000000000000064,0.9999999999999953,2.237687773954125e-16,2.220446049250313e-16,1.3322676295501878e-15,5.914865537592653e-17,9.502327896895402e-17,6.027983945225152e-16,8.07224895619589e-17,4.965068306494546e-16,2.220446049250313e-16,2.220446049250313e-16
strong_horizontal,5.0,0.0,vertical,18,0.0,9.0,9.0,5.0,9.0,10.295630140987,exact_distance_minus_5cm,5.0,9.0,0.9073575546690205,5.968558980384842e-13,2.4158453015843406e-13,4.831690603168681e-13,0.0,0.0,0.4444444444444465,0.6666666666666722,0.6666666666666642,0.9334245197999987,0.9391425041245671,1.411761486509872,-0.9334245197999987,8.674236555425728e-17,5.551115123125783e-16,0.3333333333333333,1.266010275689199,0.4461299595862853,0.9073575546690205
strong_horizontal,5.0,0.0,vertical,18,0.0,9.0,9.0,5.0,9.0,10.295630140987,exact_distance_plus_5cm,5.0,9.0,0.9073575546690198,5.968558980384842e-13,2.4158453015843406e-13,4.831690603168681e-13,0.0,0.0,1.7777777777777857,1.3333333333333444,1.3333333333333284,0.9334245197999991,0.9391425041245677,1.4117614865098722,0.9334245197999989,1.7028152963948899e-16,9.992007221626409e-16,0.33333333333333337,1.2660102756891998,0.44612995958628493,0.9073575546690198
strong_horizontal,5.0,0.0,vertical,18,0.0,9.0,9.0,5.0,9.0,10.295630140987,planar_no_correction,5.0,9.0,0.028840398648915404,1.107660242832793,0.39088535437874583,0.7744608414684535,0.99857162324831,0.0,0.9644329945832582,0.9944186994524636,0.969845996574968,0.035755835113520276,0.031726503177830774,0.10464446385401154,-0.03359080262361452,0.011829225411824249,0.041461235779566355,0.011663292647922747,0.07646723359035253,0.0035330185801053958,0.028840398648915404
strong_horizontal,5.0,0.0,vertical,19,0.0,9.5,9.5,5.0,9.5,10.735455276791944,exact_true_distance,5.0,9.5,2.220446049250313e-16,7.673861546209082e-13,3.126388037344441e-13,6.394884621840902e-13,6.252776074688882e-13,0.0,1.0000000000000129,1.0000000000000142,0.9999999999999987,1.945857878528592e-16,1.1102230246251565e-16,9.155133597044475e-16,5.855480621303984e-17,8.470774786977176e-17,6.206713429497909e-16,6.7589321474084e-17,4.965068306494546e-16,2.220446049250313e-16,2.220446049250313e-16
strong_horizontal,5.0,0.0,vertical,19,0.0,9.5,9.5,5.0,9.5,10.735455276791944,exact_distance_minus_5cm,5.0,9.5,0.9469973822320362,1.4210854715202004e-14,0.0,0.0,0.0,0.0,0.4444444444444502,0.666666666666671,0.666666666666671,0.9722117798527021,0.9791248217316557,1.4505974832988764,-0.9722117798527021,8.151652398236761e-17,4.440892098500626e-16,0.3333333333333333,1.306379059964988,0.4893639993171663,0.9469973822320362
strong_horizontal,5.0,0.0,vertical,19,0.0,9.5,9.5,5.0,9.5,10.735455276791944,exact_distance_plus_5cm,5.0,9.5,0.9469973822320367,1.4210854715202004e-14,0.0,0.0,0.0,0.0,1.7777777777778005,1.333333333333342,1.333333333333342,0.9722117798527022,0.9791248217316563,1.4505974832988768,0.9722117798527022,1.641723309614505e-16,7.771561172376096e-16,0.33333333333333337,1.3063790599649867,0.48936399931716573,0.9469973822320367
strong_horizontal,5.0,0.0,vertical,19,0.0,9.5,9.5,5.0,9.5,10.735455276791944,planar_no_correction,5.0,9.5,0.032803043665525736,1.210041635823913,0.4126940796416818,0.8159360285609409,1.1026210569109622,0.0,0.9616955248895573,0.9944012046769264,0.9671101768244591,0.04002121205538327,0.035610237741505665,0.11347940113383409,-0.03765428314480984,0.01305002358760586,0.04462508315212001,0.012609246064246607,0.08428944319826971,0.004659178756437446,0.032803043665525736
strong_horizontal,5.0,0.0,vertical,20,0.0,10.0,10.0,5.0,10.0,11.180339887498949,exact_true_distance,5.0,10.0,2.220446049250313e-16,7.673861546209082e-13,3.197442310920451e-13,6.394884621840902e-13,0.0,0.0,0.9999999999999907,1.000000000000003,0.9999999999999876,2.4402565919217403e-16,2.220446049250313e-16,1.3322676295501878e-15,6.662442405035832e-17,9.799162594595976e-17,6.027983945225152e-16,8.151893375310953e-17,4.965068306494546e-16,2.220446049250313e-16,2.220446049250313e-16
strong_horizontal,5.0,0.0,vertical,20,0.0,10.0,10.0,5.0,10.0,11.180339887498949,exact_distance_minus_5cm,5.0,10.0,0.9872113594057395,4.831690603168681e-13,3.339550858072471e-13,0.0,4.831690603168681e-13,0.0,0.44444444444444275,0.666666666666671,0.6666666666666599,1.011634530310928,1.015356411174965,1.490046295120418,-1.011634530310928,8.983824326272273e-17,5.551115123125783e-16,0.33333333333333337,1.3452561489465078,0.5327979289604166,0.9872113594057395
strong_horizontal,5.0,0.0,vertical,20,0.0,10.0,10.0,5.0,10.0,11.180339887498949,exact_distance_plus_5cm,5.0,10.0,0.9872113594057397,4.831690603168681e-13,3.339550858072471e-13,0.0,4.831690603168681e-13,0.0,1.777777777777771,1.333333333333342,1.3333333333333197,1.011634530310928,1.0153564111749651,1.4900462951204188,1.011634530310928,1.7584585384083755e-16,9.992007221626409e-16,0.33333333333333337,1.3452561489465078,0.532797928960417,0.9872113594057397
strong_horizontal,5.0,0.0,vertical,20,0.0,10.0,10.0,5.0,10.0,11.180339887498949,planar_no_correction,5.0,10.0,0.03716370081190028,1.3161133358614308,0.44844446624696843,0.8571618579392748,1.2112218631195617,0.0,0.958815686321983,0.9943856880396039,0.9642291696818909,0.04469425905149401,0.04008100014866389,0.12291544866735646,-0.04212142292791979,0.014338873992929059,0.04791395356609332,0.013607482742056509,0.091967322140696,0.006007415858126065,0.03716370081190028
strong_horizontal,5.0,0.0,diagonal,0,0.0,0.0,0.0,5.0,0.0,5.0,exact_true_distance,5.0,0.0,2.220446049250313e-16,4.263256414560601e-14,1.4210854715202004e-14,0.0,2.842170943040401e-14,0.0,1.0000000000000009,1.0000000000000009,1.0,9.630641865103639e-17,1.1102230246251565e-16,4.002966042486721e-16,8.339624818870238e-18,4.227106870990588e-17,3.121465642018263e-16,6.668652298594944e-17,2.482534153247273e-16,0.0,2.220446049250313e-16
strong_horizontal,5.0,0.0,diagonal,0,0.0,0.0,0.0,5.0,0.0,5.0,exact_distance_minus_5cm,5.0,0.0,0.4374433176296201,1.9895196601282805e-13,1.3500311979441904e-13,0.0,1.9895196601282805e-13,0.0,0.4444444444444473,0.666666666666671,0.6666666666666666,0.491913607294367,0.48631856526696726,0.8674395174284654,-0.491913607294367,3.291949963334928e-17,2.7755575615628914e-16,0.33333333333333337,0.7927104450984527,0.3604139331570203,0.4374433176296201
strong_horizontal,5.0,0.0,diagonal,0,0.0,0.0,0.0,5.0,0.0,5.0,exact_distance_plus_5cm,5.0,0.0,0.43744331762961974,1.9895196601282805e-13,1.3500311979441904e-13,0.0,1.9895196601282805e-13,0.0,1.7777777777777892,1.333333333333342,1.3333333333333333,0.491913607294367,0.4863185652669673,0.8674395174284653,0.491913607294367,6.365330960452196e-17,4.718447854656915e-16,0.3333333333333333,0.7927104450984525,0.3604139331570202,0.43744331762961974
strong_horizontal,5.0,0.0,diagonal,0,0.0,0.0,0.0,5.0,0.0,5.0,planar_no_correction,5.0,0.0,0.0033330138931129127,0.10922103609269129,0.07693723186263668,0.0,0.10922103609269129,0.0,0.9886263350020031,0.996194112239044,0.9924033106158081,0.0066541338322842775,0.004367099634035951,0.024525418178760035,-0.006525015828534744,0.0011081637501056754,0.005505511566598483,0.003574137035358158,0.01925598800117473,0.0018645947205953688,0.0033330138931129127
strong_horizontal,5.0,0.0,diagonal,1,0.35355339059327373,0.35355339059327373,0.49999999999999994,5.353553390593274,0.35355339059327373,5.365215177971219,exact_true_distance,5.353553390593274,0.35355339059327373,2.2247786310271853e-16,4.263256414560601e-14,1.4210854715202004e-14,1.4210854715202004e-14,0.0,0.0,1.0000000000000013,1.0000000000000009,1.0000000000000004,1.361120898330383e-16,1.1102230246251565e-16,6.280369834735101e-16,2.961440811272329e-17,5.78178068690666e-17,6.015247211262748e-16,8.773688721698786e-17,4.47545209131181e-16,1.2412670766236366e-16,2.2247786310271853e-16
strong_horizontal,5.0,0.0,diagonal,1,0.35355339059327373,0.35355339059327373,0.49999999999999994,5.353553390593274,0.35355339059327373,5.365215177971219,exact_distance_minus_5cm,5.353553390593274,0.35355339059327373,0.4695736724706725,8.526512829121202e-14,4.263256414560601e-14,2.842170943040401e-14,8.526512829121202e-14,0.0,0.4444444444444438,0.666666666666667,0.6666666666666654,0.5200341857466763,0.5153391803247926,0.9094573538146712,-0.5200341857466761,3.994662605194778e-17,2.7755575615628914e-16,0.33333333333333337,0.8241742764139034,0.3399226621949419,0.4695736724706725
strong_horizontal,5.0,0.0,diagonal,1,0.35355339059327373,0.35355339059327373,0.49999999999999994,5.353553390593274,0.35355339059327373,5.365215177971219,exact_distance_plus_5cm,5.353553390593274,0.35355339059327373,0.46957367247067283,8.526512829121202e-14,4.263256414560601e-14,2.842170943040401e-14,8.526512829121202e-14,0.0,1.777777777777775,1.333333333333334,1.3333333333333308,0.5200341857466763,0.515339180324793,0.9094573538146706,0.5200341857466763,7.837936790445594e-17,5.551115123125783e-16,0.33333333333333337,0.8241742764139028,0.33992266219494166,0.46957367247067283
strong_horizontal,5.0,0.0,diagonal,1,0.35355339059327373,0.35355339059327373,0.49999999999999994,5.353553390593274,0.35355339059327373,5.365215177971219,planar_no_correction,5.353553390593274,0.35355339059327373,0.0041132140263212555,0.14167235313848892,0.08630239871430945,0.03313057735692837,0.10764747742419445,0.0,0.9869320583610068,0.9956184680037241,0.9912753630814684,0.007660899470128166,0.005226527156156946,0.028155891642355806,-0.0075201999516243305,0.0012345039454727395,0.006598634602017638,0.003951103578799825,0.02157094220400892,0.0015591739360912606,0.0041132140263212555
strong_horizontal,5.0,0.0,diagonal,2,0.7071067811865475,0.7071067811865475,0.9999999999999999,5.707106781186548,0.7071067811865475,5.7507449788584335,exact_true_distance,5.707106781186548,0.7071067811865475,0.0,3.979039320256561e-13,2.7000623958883807e-13,4.263256414560601e-14,3.552713678800501e-13,0.0,1.0000000000000107,1.000000000000012,0.9999999999999988,1.0712722801701895e-16,5.551115123125783e-17,4.965068306494546e-16,2.4145930992870308e-17,4.8442467997457367e-17,3.9685127990352674e-16,6.807744166933827e-17,4.440892098500626e-16,0.0,0.0
strong_horizontal,5.0,0.0,diagonal,2,0.7071067811865475,0.7071067811865475,0.9999999999999999,5.707106781186548,0.7071067811865475,5.7507449788584335,exact_distance_minus_5cm,5.707106781186548,0.7071067811865475,0.5035265142515863,2.2737367544323206e-13,1.4210854715202004e-13,0.0,2.1316282072803006e-13,0.0,0.4444444444444469,0.666666666666671,0.6666666666666661,0.5502926644005638,0.5469881629188023,0.9518407875073935,-0.5502926644005638,4.086764967021625e-17,2.7755575615628914e-16,0.33333333333333337,0.856416507560788,0.3240942832048379,0.5035265142515863
strong_horizontal,5.0,0.0,diagonal,2,0.7071067811865475,0.7071067811865475,0.9999999999999999,5.707106781186548,0.7071067811865475,5.7507449788584335,exact_distance_plus_5cm,5.707106781186548,0.7071067811865475,0.5035265142515863,2.2737367544323206e-13,1.4210854715202004e-13,0.0,2.1316282072803006e-13,0.0,1.7777777777777874,1.333333333333342,1.3333333333333321,0.5502926644005638,0.546988162918802,0.9518407875073936,0.5502926644005638,8.041955131433468e-17,6.106226635438361e-16,0.33333333333333337,0.856416507560788,0.324094283204838,0.5035265142515863
strong_horizontal,5.0,0.0,diagonal,2,0.7071067811865475,0.7071067811865475,0.9999999999999999,5.707106781186548,0.7071067811865475,5.7507449788584335,planar_no_correction,5.707106781186548,0.7071067811865475,0.005047803993917901,0.177224265397939,0.09437687064230715,0.07065986706214744,0.10280764047209345,0.0,0.9850521355137541,0.9949680390749862,0.9900339476527801,0.008846441226745225,0.006236133760749953,0.03216140178856116,-0.00868600635787552,0.0014059900355007852,0.007825186021260706,0.0043771728883147615,0.024183429806670258,0.0013401571551367878,0.005047803993917901
strong_horizontal,5.0,0.0,diagonal,3,1.0606601717798212,1.0606601717798212,1.4999999999999998,6.060660171779821,1.0606601717798212,6.152771872725187,exact_true_distance,6.060660171779821,1.0606601717798212,0.0,8.526512829121202e-14,5.684341886080802e-14,0.0,7.105427357601002e-14,0.0,1.0000000000000044,1.0000000000000036,1.0000000000000009,1.3489843194422688e-16,5.551115123125783e-17,9.155133597044475e-16,-4.372203934934048e-18,4.98280825984952e-17,4.211219085761093e-16,7.26642259484857e-17,4.577566798522237e-16,0.0,0.0
strong_horizontal,5.0,0.0,diagonal,3,1.0606601717798212,1.0606601717798212,1.4999999999999998,6.060660171779821,1.0606601717798212,6.152771872725187,exact_distance_minus_5cm,6.060660171779821,1.0606601717798212,0.5389739978634265,1.4210854715202004e-13,8.526512829121202e-14,0.0,1.1368683772161603e-13,0.0,0.44444444444444464,0.6666666666666682,0.6666666666666654,0.5824071503168646,0.5800204995502306,0.9945649682526239,-0.5824071503168646,4.043474277064916e-17,3.3306690738754696e-16,0.33333333333333337,0.8895390696644452,0.31362660438819395,0.5389739978634265
strong_horizontal,5.0,0.0,diagonal,3,1.0606601717798212,1.0606601717798212,1.4999999999999998,6.060660171779821,1.0606601717798212,6.152771872725187,exact_distance_plus_5cm,6.060660171779821,1.0606601717798212,0.5389739978634267,1.4210854715202004e-13,8.526512829121202e-14,0.0,1.1368683772161603e-13,0.0,1.7777777777777786,1.3333333333333364,1.3333333333333308,0.5824071503168647,0.5800204995502308,0.9945649682526237,0.5824071503168647,7.898977179264172e-17,6.106226635438361e-16,0.33333333333333337,0.8895390696644446,0.31362660438819384,0.5389739978634267
strong_horizontal,5.0,0.0,diagonal,3,1.0606601717798212,1.0606601717798212,1.4999999999999998,6.060660171779821,1.0606601717798212,6.152771872725187,planar_no_correction,6.060660171779821,1.0606601717798212,0.0061540909479225895,0.21700528673105168,0.0987271611731586,0.11258924999623332,0.09469865348404483,0.0,0.9829874949396209,0.9942448800863586,0.988677452233136,0.010225087684994232,0.007488853636128869,0.03656277103324381,-0.010035397303418035,0.0016302557112681485,0.009192933053992113,0.004851759910808101,0.0271851959903363,0.0011970193445840765,0.0061540909479225895
strong_horizontal,5.0,0.0,diagonal,4,1.414213562373095,1.414213562373095,1.9999999999999998,6.414213562373095,1.414213562373095,6.568267322797615,exact_true_distance,6.414213562373095,1.414213562373095,2.2887833992611187e-16,1.4210854715202004e-14,0.0,0.0,0.0,0.0,1.0000000000000018,1.0000000000000009,1.0000000000000009,1.7373923258664678e-16,1.1102230246251565e-16,9.930136612989092e-16,2.106742849918544e-17,7.74645514664491e-17,5.925157786575486e-16,9.816254790856344e-17,4.577566798522237e-16,2.220446049250313e-16,2.2887833992611187e-16
strong_horizontal,5.0,0.0,diagonal,4,1.414213562373095,1.414213562373095,1.9999999999999998,6.414213562373095,1.414213562373095,6.568267322797615,exact_distance_minus_5cm,6.414213562373095,1.414213562373095,0.5756573561591343,1.4210854715202004e-13,8.526512829121202e-14,0.0,1.1368683772161603e-13,0.0,0.44444444444444464,0.6666666666666682,0.6666666666666654,0.6161255526199938,0.6153987507295255,1.0376099948959585,-0.6161255526199938,4.845512995404699e-17,3.885780586188048e-16,0.33333333333333337,0.9244419486597881,0.3090590161319859,0.5756573561591343
strong_horizontal,5.0,0.0,diagonal,4,1.414213562373095,1.414213562373095,1.9999999999999998,6.414213562373095,1.414213562373095,6.568267322797615,exact_distance_plus_5cm,6.414213562373095,1.414213562373095,0.5756573561591343,1.4210854715202004e-13,8.526512829121202e-14,0.0,1.1368683772161603e-13,0.0,1.7777777777777786,1.3333333333333364,1.3333333333333308,0.616125552619994,0.6153987507295255,1.0376099948959583,0.616125552619994,9.629495421353647e-17,7.771561172376096e-16,0.33333333333333337,0.9244419486597881,0.3090590161319862,0.5756573561591343
strong_horizontal,5.0,0.0,diagonal,4,1.414213562373095,1.414213562373095,1.9999999999999998,6.414213562373095,1.414213562373095,6.568267322797615,planar_no_correction,6.414213562373095,1.414213562373095,0.007450262251372401,0.25958129566538446,0.09949079470288069,0.1589194264996081,0.0833168886378104,0.0,0.980739155583008,0.9934515186732499,0.987203841504798,0.011811981139121509,0.009003892596685997,0.041381001003114655,-0.011582219124459135,0.0019152937867341659,0.010709642257862865,0.005374221202421413,0.030441559253281642,0.0011258252148684555,0.007450262251372401
strong_horizontal,5.0,0.0,diagonal,5,1.7677669529663687,1.7677669529663687,2.5,6.767766952966369,1.7677669529663687,6.994831629829534,exact_true_distance,6.767766952966369,1.7677669529663687,2.220446049250313e-16,8.526512829121202e-14,5.684341886080802e-14,0.0,8.526512829121202e-14,0.0,0.999999999999999,1.0000000000000009,0.9999999999999981,1.2952387388541633e-16,5.551115123125783e-17,9.155133597044475e-16,-6.405211914339878e-18,6.045059278528878e-17,6.283418407668257e-16,6.457651159449956e-17,4.47545209131181e-16,0.0,2.220446049250313e-16
strong_horizontal,5.0,0.0,diagonal,5,1.7677669529663687,1.7677669529663687,2.5,6.767766952966369,1.7677669529663687,6.994831629829534,exact_distance_minus_5cm,6.767766952966369,1.7677669529663687,0.6133728618632563,2.5579538487363607e-13,1.6342482922482304e-13,0.0,2.4158453015843406e-13,0.0,0.4444444444444465,0.6666666666666708,0.6666666666666655,0.6512253530609273,0.6514858987336483,1.0809600215130573,-0.6512253530609273,4.745593542363976e-17,3.885780586188048e-16,0.33333333333333337,0.9594766540644785,0.3106494321662105,0.6133728618632563
strong_horizontal,5.0,0.0,diagonal,5,1.7677669529663687,1.7677669529663687,2.5,6.767766952966369,1.7677669529663687,6.994831629829534,exact_distance_plus_5cm,6.767766952966369,1.7677669529663687,0.6133728618632561,2.5579538487363607e-13,1.6342482922482304e-13,0.0,2.4158453015843406e-13,0.0,1.7777777777777857,1.3333333333333417,1.333333333333331,0.6512253530609273,0.651485898733648,1.0809600215130575,0.6512253530609273,9.136812283032275e-17,8.881784197001252e-16,0.33333333333333337,0.9594766540644777,0.3106494321662106,0.6133728618632561
strong_horizontal,5.0,0.0,diagonal,5,1.7677669529663687,1.7677669529663687,2.5,6.767766952966369,1.7677669529663687,6.994831629829534,planar_no_correction,6.767766952966369,1.7677669529663687,0.008955109676058249,0.3065979968044985,0.10452433057228205,0.20965040998208906,0.06865795951813425,0.0,0.9783082261354272,0.9925905719285001,0.9856110402445957,0.013622989527822434,0.010656216976546269,0.0466372820505043,-0.013341128233374596,0.0022706539990091333,0.012383084199328393,0.00594390131455777,0.03386109889238879,0.0011296751326382267,0.008955109676058249
strong_horizontal,5.0,0.0,diagonal,6,2.1213203435596424,2.1213203435596424,2.9999999999999996,7.121320343559642,2.1213203435596424,7.430558756620959,exact_true_distance,7.121320343559642,2.1213203435596424,2.220446049250313e-16,1.9895196601282805e-13,7.815970093361102e-14,1.5631940186722204e-13,0.0,0.0,0.999999999999999,1.0000000000000016,0.9999999999999974,1.296085422926694e-16,2.7755575615628914e-17,8.005932084973442e-16,-4.1050901032428083e-17,5.282274360138029e-17,4.444554601094076e-16,6.293553875049271e-17,4.449557262054371e-16,0.0,2.220446049250313e-16
strong_horizontal,5.0,0.0,diagonal,6,2.1213203435596424,2.1213203435596424,2.9999999999999996,7.121320343559642,2.1213203435596424,7.430558756620959,exact_distance_minus_5cm,7.121320343559642,2.1213203435596424,0.6519599903879193,3.694822225952521e-13,1.9895196601282805e-13,1.1368683772161603e-13,2.4158453015843406e-13,0.0,0.44444444444444553,0.6666666666666711,0.6666666666666639,0.68751347244257,0.6878386724978234,1.124602548952624,-0.68751347244257,4.455380806176245e-17,3.3306690738754696e-16,0.33333333333333337,0.9971344993461049,0.3183063877550527,0.6519599903879193
strong_horizontal,5.0,0.0,diagonal,6,2.1213203435596424,2.1213203435596424,2.9999999999999996,7.121320343559642,2.1213203435596424,7.430558756620959,exact_distance_plus_5cm,7.121320343559642,2.1213203435596424,0.651959990387919,3.694822225952521e-13,1.9895196601282805e-13,1.1368683772161603e-13,2.4158453015843406e-13,0.0,1.7777777777777821,1.3333333333333421,1.3333333333333277,0.6875134724425699,0.687838672497823,1.1246025489526248,0.68751347244257,8.670727894022801e-17,6.106226635438361e-16,0.3333333333333333,0.9971344993461053,0.31830638775505243,0.651959990387919
strong_horizontal,5.0,0.0,diagonal,6,2.1213203435596424,2.1213203435596424,2.9999999999999996,7.121320343559642,2.1213203435596424,7.430558756620959,planar_no_correction,7.121320343559642,2.1213203435596424,0.010687846791443065,0.3567515999641273,0.1319078703782921,0.2647815198758394,0.05071671852113013,0.0,0.9756959042547918,0.991664535824907,0.983897143647643,0.015674663870219607,0.01248878442013131,0.05235300344690426,-0.01532752070992992,0.0027050669511996,0.014221037333388448,0.006560210256325463,0.03771054507654302,0.0012158518172468017,0.010687846791443065
strong_horizontal,5.0,0.0,diagonal,7,2.4748737341529163,2.4748737341529163,3.5,7.474873734152917,2.4748737341529163,7.873927694710511,exact_true_distance,7.474873734152917,2.4748737341529163,0.0,2.5579538487363607e-13,1.0658141036401503e-13,1.5631940186722204e-13,2.2737367544323206e-13,0.0,0.9999999999999962,1.000000000000001,0.9999999999999951,1.144482593999926e-16,2.7755575615628914e-17,6.280369834735101e-16,2.743983151329213e-17,5.321400279362157e-17,4.1129641626206297e-16,5.2961633742240515e-17,4.449557262054371e-16,1.2412670766236366e-16,0.0
strong_horizontal,5.0,0.0,diagonal,7,2.4748737341529163,2.4748737341529163,3.5,7.474873734152917,2.4748737341529163,7.873927694710511,exact_distance_minus_5cm,7.474873734152917,2.4748737341529163,0.6912919133896163,1.4210854715202004e-13,5.684341886080802e-14,1.1368683772161603e-13,5.684341886080802e-14,0.0,0.44444444444444275,0.6666666666666662,0.6666666666666646,0.7248253563867503,0.7275858046428093,1.168527859859807,-0.7248253563867504,4.699800351259592e-17,3.885780586188048e-16,0.3333333333333333,1.0377424692141954,0.33161379637661,0.6912919133896163
strong_horizontal,5.0,0.0,diagonal,7,2.4748737341529163,2.4748737341529163,3.5,7.474873734152917,2.4748737341529163,7.873927694710511,exact_distance_plus_5cm,7.474873734152917,2.4748737341529163,0.6912919133896168,1.4210854715202004e-13,5.684341886080802e-14,1.1368683772161603e-13,5.684341886080802e-14,0.0,1.777777777777771,1.3333333333333324,1.3333333333333293,0.7248253563867505,0.7275858046428096,1.1685278598598081,0.7248253563867505,9.339540674974953e-17,6.106226635438361e-16,0.3333333333333334,1.0377424692141963,0.33161379637660987,0.6912919133896168
strong_horizontal,5.0,0.0,diagonal,7,2.4748737341529163,2.4748737341529163,3.5,7.474873734152917,2.4748737341529163,7.873927694710511,planar_no_correction,7.474873734152917,2.4748737341529163,0.012667992630842841,0.4118181272276047,0.16162390224030787,0.32431137394115694,0.02948725418721665,0.0,0.9729034757225326,0.9906756768057213,0.9820605254582485,0.017984222327485068,0.01468258820057233,0.058549764033679945,-0.017557459680400962,0.003227936187764921,0.016231291264394043,0.007222705874426522,0.04212270587061697,0.0013915866201075985,0.012667992630842841
strong_horizontal,5.0,0.0,diagonal,8,2.82842712474619,2.82842712474619,3.9999999999999996,7.82842712474619,2.82842712474619,8.323717393536489,exact_true_distance,7.82842712474619,2.82842712474619,1.1102230246251565e-16,3.126388037344441e-13,2.2026824808563106e-13,0.0,3.126388037344441e-13,0.0,0.9999999999999907,1.0000000000000009,0.9999999999999898,1.5210291952068569e-16,2.7755575615628914e-17,6.280369834735101e-16,8.215814204868054e-17,6.007444328882439e-17,6.030873132697973e-16,6.152431236141362e-17,4.577566798522237e-16,0.0,1.1102230246251565e-16
strong_horizontal,5.0,0.0,diagonal,8,2.82842712474619,2.82842712474619,3.9999999999999996,7.82842712474619,2.82842712474619,8.323717393536489,exact_distance_minus_5cm,7.82842712474619,2.82842712474619,0.7312680582745478,3.126388037344441e-13,1.5631940186722204e-13,1.1368683772161603e-13,1.7053025658242404e-13,0.0,0.4444444444444391,0.6666666666666654,0.6666666666666599,0.763023010469059,0.764128672174371,1.2127285654071103,-0.763023010469059,5.557977652046214e-17,4.440892098500626e-16,0.3333333333333333,1.0799735212779709,0.34993421423294463,0.7312680582745478
strong_horizontal,5.0,0.0,diagonal,8,2.82842712474619,2.82842712474619,3.9999999999999996,7.82842712474619,2.82842712474619,8.323717393536489,exact_distance_plus_5cm,7.82842712474619,2.82842712474619,0.7312680582745474,3.126388037344441e-13,1.5631940186722204e-13,1.1368683772161603e-13,1.7053025658242404e-13,0.0,1.7777777777777561,1.3333333333333308,1.3333333333333197,0.763023010469059,0.7641286721743707,1.2127285654071112,0.763023010469059,1.0871071377352812e-16,7.771561172376096e-16,0.33333333333333337,1.0799735212779709,0.3499342142329445,0.7312680582745474
strong_horizontal,5.0,0.0,diagonal,8,2.82842712474619,2.82842712474619,3.9999999999999996,7.82842712474619,2.82842712474619,8.323717393536489,planar_no_correction,7.82842712474619,2.82842712474619,0.014915300468423948,0.46959698636359803,0.1935531328558966,0.38823787993544556,0.004962888464291382,0.0,0.9699323135391702,0.9896259859766248,0.9800998834746445,0.02056952861486051,0.01724044454274635,0.06524938320124274,-0.02004759959251584,0.0038499345134680343,0.018421649526907554,0.007931140665344031,0.04715341908723798,0.0016625720078442627,0.014915300468423948
strong_horizontal,5.0,0.0,diagonal,9,3.181980515339464,3.181980515339464,4.5,8.181980515339465,3.181980515339464,8.778941004095804,exact_true_distance,8.181980515339465,3.181980515339464,4.440892098500626e-16,3.126388037344441e-13,2.2026824808563106e-13,0.0,3.126388037344441e-13,0.0,0.9999999999999907,1.0000000000000009,0.9999999999999898,1.6236440334746939e-16,1.1102230246251565e-16,8.005932084973442e-16,8.541569402128658e-17,6.952494978514742e-17,5.75859237622269e-16,7.047738433510148e-17,4.577566798522237e-16,0.0,4.440892098500626e-16
strong_horizontal,5.0,0.0,diagonal,9,3.181980515339464,3.181980515339464,4.5,8.181980515339465,3.181980515339464,8.778941004095804,exact_distance_minus_5cm,8.181980515339465,3.181980515339464,0.7718083596696236,3.694822225952521e-13,2.4868995751603507e-13,0.0,3.552713678800501e-13,0.0,0.44444444444444087,0.6666666666666682,0.6666666666666599,0.801992176260915,0.8060805143585439,1.257199239535878,-0.801992176260915,5.338273530668783e-17,4.440892098500626e-16,0.3333333333333333,1.1227499371703222,0.3725377410557945,0.7718083596696236
strong_horizontal,5.0,0.0,diagonal,9,3.181980515339464,3.181980515339464,4.5,8.181980515339465,3.181980515339464,8.778941004095804,exact_distance_plus_5cm,8.181980515339465,3.181980515339464,0.7718083596696231,3.694822225952521e-13,2.4868995751603507e-13,0.0,3.552713678800501e-13,0.0,1.7777777777777635,1.3333333333333364,1.3333333333333197,0.8019921762609151,0.8060805143585439,1.257199239535878,0.8019921762609151,1.0536252203182274e-16,7.216449660063518e-16,0.3333333333333334,1.1227499371703236,0.3725377410557944,0.7718083596696231
strong_horizontal,5.0,0.0,diagonal,9,3.181980515339464,3.181980515339464,4.5,8.181980515339465,3.181980515339464,8.778941004095804,planar_no_correction,8.181980515339465,3.181980515339464,0.01744971643298337,0.5333780734686684,0.2274171191948966,0.4565582266595811,0.022863826099850826,0.0,0.9667838769592934,0.9885171715949984,0.9780142467321657,0.023449044471661896,0.019805005496818823,0.07247391212548,-0.0228151113577524,0.0045835039608702775,0.02079993199266388,0.008685454290230947,0.052577804452320236,0.002034690611337867,0.01744971643298337
strong_horizontal,5.0,0.0,diagonal,10,3.5355339059327373,3.5355339059327373,5.0,8.535533905932738,3.5355339059327373,9.238795325112868,exact_true_distance,8.535533905932738,3.5355339059327373,4.440892098500626e-16,4.121147867408581e-13,2.2026824808563106e-13,1.7053025658242404e-13,3.979039320256561e-13,0.0,1.0000000000000129,1.0000000000000122,1.0000000000000007,2.010903597138539e-16,2.220446049250313e-16,6.661338147750939e-16,-9.012025746567586e-18,9.323900223001514e-17,6.278811472044902e-16,8.475619973100685e-17,4.965068306494546e-16,0.0,4.440892098500626e-16
strong_horizontal,5.0,0.0,diagonal,10,3.5355339059327373,3.5355339059327373,5.0,8.535533905932738,3.5355339059327373,9.238795325112868,exact_distance_minus_5cm,8.535533905932738,3.5355339059327373,0.812848841839085,4.973799150320701e-13,2.3447910280083306e-13,2.2737367544323206e-13,4.831690603168681e-13,0.0,0.444444444444452,0.6666666666666768,0.6666666666666679,0.8416390714441979,0.8439718084211683,1.3019361221793724,-0.8416390714441979,6.89467445063798e-17,5.551115123125783e-16,0.33333333333333337,1.1662374626166405,0.3987075284667992,0.812848841839085
strong_horizontal,5.0,0.0,diagonal,10,3.5355339059327373,3.5355339059327373,5.0,8.535533905932738,3.5355339059327373,9.238795325112868,exact_distance_plus_5cm,8.535533905932738,3.5355339059327373,0.8128488418390846,4.973799150320701e-13,2.3447910280083306e-13,2.2737367544323206e-13,4.831690603168681e-13,0.0,1.777777777777808,1.3333333333333537,1.3333333333333357,0.8416390714441979,0.8439718084211676,1.301936122179372,0.8416390714441979,1.345963792532439e-16,9.992007221626409e-16,0.3333333333333333,1.16623746261664,0.39870752846679935,0.8128488418390846
strong_horizontal,5.0,0.0,diagonal,10,3.5355339059327373,3.5355339059327373,5.0,8.535533905932738,3.5355339059327373,9.238795325112868,planar_no_correction,8.535533905932738,3.5355339059327373,0.02029135746389814,0.600478014082114,0.26373064671283686,0.5292688743955978,0.054001109234292244,0.0,0.9634597104664991,0.9873506739350758,0.9758029602862786,0.026641761391701928,0.023024929756310493,0.08024564522561128,-0.02587761413149137,0.005441950601941085,0.023373976984695774,0.009485728648792078,0.05848894660448368,0.002516013049998405,0.02029135746389814
strong_horizontal,5.0,0.0,diagonal,11,3.8890872965260113,3.8890872965260113,5.5,8.88908729652601,3.8890872965260113,9.702621963431334,exact_true_distance,8.88908729652601,3.8890872965260113,2.220446049250313e-16,4.831690603168681e-13,3.268496584496461e-13,0.0,4.831690603168681e-13,0.0,0.9999999999999962,1.0000000000000064,0.9999999999999898,1.4475630133509283e-16,5.551115123125783e-17,6.280369834735101e-16,2.7088756086101006e-17,7.700980975864437e-17,6.15701219209266e-16,5.550047791796226e-17,4.449557262054371e-16,6.938893903907228e-18,2.220446049250313e-16
strong_horizontal,5.0,0.0,diagonal,11,3.8890872965260113,3.8890872965260113,5.5,8.88908729652601,3.8890872965260113,9.702621963431334,exact_distance_minus_5cm,8.88908729652601,3.8890872965260113,0.8543382262061936,4.831690603168681e-13,2.2737367544323206e-13,2.2737367544323206e-13,2.2737367544323206e-13,0.0,0.44444444444444087,0.6666666666666685,0.6666666666666595,0.881887114987105,0.8854655505954235,1.3469368771970307,-0.881887114987105,6.253466579252977e-17,4.996003610813204e-16,0.33333333333333337,1.2078110207126027,0.4278022204387732,0.8543382262061936
strong_horizontal,5.0,0.0,diagonal,11,3.8890872965260113,3.8890872965260113,5.5,8.88908729652601,3.8890872965260113,9.702621963431334,exact_distance_plus_5cm,8.88908729652601,3.8890872965260113,0.8543382262061933,4.831690603168681e-13,2.2737367544323206e-13,2.2737367544323206e-13,2.2737367544323206e-13,0.0,1.7777777777777635,1.333333333333337,1.333333333333319,0.8818871149871051,0.8854655505954235,1.3469368771970311,0.8818871149871051,1.2438462663187062e-16,9.43689570931383e-16,0.33333333333333337,1.207811020712602,0.427802220438773,0.8543382262061933
strong_horizontal,5.0,0.0,diagonal,11,3.8890872965260113,3.8890872965260113,5.5,8.88908729652601,3.8890872965260113,9.702621963431334,planar_no_correction,8.88908729652601,3.8890872965260113,0.02346050162569662,0.6710606046309522,0.30220552374888854,0.6063655447510428,0.08845795588388228,0.0,0.9599614426893085,0.9861276918927994,0.973465658232083,0.030167128774356487,0.026267717625121787,0.08858713182932125,-0.029253118030069417,0.006437635984177328,0.026151643160747935,0.010332134223927465,0.06507359357372297,0.0031174808984633937,0.02346050162569662
strong_horizontal,5.0,0.0,diagonal,12,4.242640687119285,4.242640687119285,5.999999999999999,9.242640687119284,4.242640687119285,10.16987742655696,exact_true_distance,9.242640687119284,4.242640687119285,0.0,6.821210263296962e-13,3.126388037344441e-13,3.126388037344441e-13,3.126388037344441e-13,0.0,1.0000000000000073,1.0000000000000124,0.9999999999999949,1.75333147829421e-16,1.1102230246251565e-16,8.881784197001252e-16,2.7236462841312447e-17,9.52783460370048e-17,7.004731746103394e-16,6.369592538872746e-17,4.965068306494546e-16,2.220446049250313e-16,0.0
strong_horizontal,5.0,0.0,diagonal,12,4.242640687119285,4.242640687119285,5.999999999999999,9.242640687119284,4.242640687119285,10.16987742655696,exact_distance_minus_5cm,9.242640687119284,4.242640687119285,0.8962353202653978,5.968558980384842e-13,4.192202140984591e-13,0.0,5.968558980384842e-13,0.0,0.4444444444444483,0.6666666666666765,0.6666666666666626,0.9226739252666262,0.9276556105452505,1.3922003939648093,-0.9226739252666261,7.727929935871456e-17,4.996003610813204e-16,0.33333333333333337,1.2526624181504884,0.4592803079017288,0.8962353202653978
strong_horizontal,5.0,0.0,diagonal,12,4.242640687119285,4.242640687119285,5.999999999999999,9.242640687119284,4.242640687119285,10.16987742655696,exact_distance_plus_5cm,9.242640687119284,4.242640687119285,0.8962353202653977,5.968558980384842e-13,4.192202140984591e-13,0.0,5.968558980384842e-13,0.0,1.777777777777793,1.333333333333353,1.3333333333333253,0.9226739252666262,0.9276556105452501,1.3922003939648084,0.9226739252666262,1.5231718325650015e-16,1.1102230246251565e-15,0.33333333333333337,1.2526624181504882,0.45928030790172913,0.8962353202653977
strong_horizontal,5.0,0.0,diagonal,12,4.242640687119285,4.242640687119285,5.999999999999999,9.242640687119284,4.242640687119285,10.16987742655696,planar_no_correction,9.242640687119284,4.242640687119285,0.026977586237285963,0.7481135790077076,0.34252928733840804,0.6878432099322822,0.1262441392166096,0.0,0.9562907852589613,0.9848492143631197,0.9710022319278322,0.03404499112698175,0.03001577657025492,0.0975211880441011,-0.032959979338682666,0.007582658883715994,0.029140811213810534,0.011224885549382004,0.0721748778006091,0.0038526242569650836,0.026977586237285963
strong_horizontal,5.0,0.0,diagonal,13,4.596194077712559,4.596194077712559,6.5,9.596194077712559,4.596194077712559,10.640109998356483,exact_true_distance,9.596194077712559,4.596194077712559,4.440892098500626e-16,5.115907697472721e-13,1.9895196601282805e-13,3.126388037344441e-13,1.5631940186722204e-13,0.0,1.0000000000000129,1.0000000000000127,1.0000000000000002,2.688260578647731e-16,2.220446049250313e-16,1.2560739669470201e-15,6.080648807645052e-17,1.3235848790692633e-16,9.787469547285744e-16,9.192089136098276e-17,8.881784197001252e-16,2.7755575615628914e-17,4.440892098500626e-16
strong_horizontal,5.0,0.0,diagonal,13,4.596194077712559,4.596194077712559,6.5,9.596194077712559,4.596194077712559,10.640109998356483,exact_distance_minus_5cm,9.596194077712559,4.596194077712559,0.9385069997401927,5.968558980384842e-13,2.3447910280083306e-13,4.831690603168681e-13,0.0,0.0,0.44444444444445386,0.6666666666666777,0.6666666666666697,0.9639487279092664,0.96781294968523,1.4377266240070632,-0.9639487279092664,9.591029140825963e-17,7.771561172376096e-16,0.3333333333333333,1.2966088033605918,0.4927003811499223,0.9385069997401927
strong_horizontal,5.0,0.0,diagonal,13,4.596194077712559,4.596194077712559,6.5,9.596194077712559,4.596194077712559,10.640109998356483,exact_distance_plus_5cm,9.596194077712559,4.596194077712559,0.938506999740193,5.968558980384842e-13,2.3447910280083306e-13,4.831690603168681e-13,0.0,0.0,1.7777777777778154,1.3333333333333555,1.3333333333333395,0.9639487279092666,0.9678129496852298,1.4377266240070645,0.9639487279092666,1.8925719607390988e-16,1.6653345369377348e-15,0.33333333333333337,1.2966088033605927,0.4927003811499223,0.938506999740193
strong_horizontal,5.0,0.0,diagonal,13,4.596194077712559,4.596194077712559,6.5,9.596194077712559,4.596194077712559,10.640109998356483,planar_no_correction,9.596194077712559,4.596194077712559,0.030863210907637502,0.8286245757821007,0.3854316033793026,0.7736960814625036,0.16737021368302862,0.0,0.9524495316100202,0.9835160520533486,0.9684127977591533,0.038295538846329746,0.034219051319143996,0.10707090884161521,-0.03701686755356018,0.008862756295303835,0.03234938542669867,0.01216421055907036,0.07977395720058403,0.0047369688263474655,0.030863210907637502
strong_horizontal,5.0,0.0,diagonal,14,4.949747468305833,4.949747468305833,7.0,9.949747468305834,4.949747468305833,11.112941765484887,exact_true_distance,9.949747468305834,4.949747468305833,0.0,3.836930773104541e-13,1.5631940186722204e-13,3.126388037344441e-13,3.126388037344441e-13,0.0,1.0000000000000073,1.0000000000000075,0.9999999999999998,2.90217101455441e-16,2.220446049250313e-16,1.2560739669470201e-15,2.7748243468700832e-17,1.3993764558384569e-16,9.873498309854328e-16,9.341735091172675e-17,8.881784197001252e-16,0.0,0.0
strong_horizontal,5.0,0.0,diagonal,14,4.949747468305833,4.949747468305833,7.0,9.949747468305834,4.949747468305833,11.112941765484887,exact_distance_minus_5cm,9.949747468305834,4.949747468305833,0.9811266411302355,1.4210854715202004e-14,0.0,0.0,0.0,0.0,0.4444444444444502,0.666666666666671,0.666666666666671,1.0056701999172994,1.0089565942714818,1.4835164459181207,-1.0056701999172994,1.0251895835659721e-16,5.551115123125783e-16,0.33333333333333337,1.3390717173162336,0.5277097985410946,0.9811266411302355
strong_horizontal,5.0,0.0,diagonal,14,4.949747468305833,4.949747468305833,7.0,9.949747468305834,4.949747468305833,11.112941765484887,exact_distance_plus_5cm,9.949747468305834,4.949747468305833,0.9811266411302357,1.4210854715202004e-14,0.0,0.0,0.0,0.0,1.7777777777778005,1.333333333333342,1.333333333333342,1.0056701999172994,1.0089565942714813,1.4835164459181207,1.0056701999172994,1.9941580279462117e-16,1.3322676295501878e-15,0.33333333333333337,1.3390717173162336,0.5277097985410941,0.9811266411302357
strong_horizontal,5.0,0.0,diagonal,14,4.949747468305833,4.949747468305833,7.0,9.949747468305834,4.949747468305833,11.112941765484887,planar_no_correction,9.949747468305834,4.949747468305833,0.035138143640300906,0.9125797079108224,0.43056164710773004,0.8639175983716427,0.2118475181369064,0.0,0.9484395557245969,0.9821288672532832,0.9656976669233794,0.04293927224677565,0.03865384217521673,0.11725968036655013,-0.041442742494691404,0.010279821104663292,0.03578529510935366,0.01315033197103417,0.08774605048540718,0.005787470152402722,0.035138143640300906
strong_horizontal,5.0,0.0,diagonal,15,5.303300858899106,5.303300858899106,7.499999999999999,10.303300858899107,5.303300858899106,11.588054564463834,exact_true_distance,10.303300858899107,5.303300858899106,0.0,6.679101716144942e-13,3.126388037344441e-13,6.394884621840902e-13,4.831690603168681e-13,0.0,0.9999999999999851,0.9999999999999987,0.9999999999999865,2.398735686691018e-16,2.220446049250313e-16,1.2560739669470201e-15,1.0751399824094887e-16,1.3176682469578134e-16,9.401513574652113e-16,8.03688094882385e-17,8.881784197001252e-16,0.0,0.0
strong_horizontal,5.0,0.0,diagonal,15,5.303300858899106,5.303300858899106,7.499999999999999,10.303300858899107,5.303300858899106,11.588054564463834,exact_distance_minus_5cm,10.303300858899107,5.303300858899106,1.024072897038609,7.815970093361102e-13,3.552713678800501e-13,7.105427357601002e-13,5.968558980384842e-13,0.0,0.4444444444444391,0.6666666666666676,0.6666666666666576,1.0478047161081088,1.0521966385832178,1.5295715532514103,-1.0478047161081088,9.925796717034694e-17,5.551115123125783e-16,0.3333333333333333,1.3841454858529827,0.564029720537435,1.024072897038609
strong_horizontal,5.0,0.0,diagonal,15,5.303300858899106,5.303300858899106,7.499999999999999,10.303300858899107,5.303300858899106,11.588054564463834,exact_distance_plus_5cm,10.303300858899107,5.303300858899106,1.024072897038609,7.815970093361102e-13,3.552713678800501e-13,7.105427357601002e-13,5.968558980384842e-13,0.0,1.7777777777777561,1.3333333333333353,1.3333333333333153,1.047804716108109,1.0521966385832187,1.5295715532514111,1.047804716108109,1.9371938781104476e-16,1.1102230246251565e-15,0.3333333333333334,1.384145485852982,0.564029720537435,1.024072897038609
strong_horizontal,5.0,0.0,diagonal,15,5.303300858899106,5.303300858899106,7.499999999999999,10.303300858899107,5.303300858899106,11.588054564463834,planar_no_correction,10.303300858899107,5.303300858899106,0.039823328858141174,1.0019927778273825,0.4770872701899691,0.9585004148722192,0.2596881789976919,0.0,0.9442628108217028,0.9806882003404427,0.9628573184564727,0.04799697673976148,0.04363289607492787,0.1281111924840933,-0.046256839476537116,0.011841833730415006,0.039456495941215135,0.014183457219513383,0.09671428940457685,0.007022074355604597,0.039823328858141174
strong_horizontal,5.0,0.0,diagonal,16,5.65685424949238,5.65685424949238,7.999999999999999,10.65685424949238,5.65685424949238,12.065178925110219,exact_true_distance,10.65685424949238,5.65685424949238,0.0,3.410605131648481e-13,1.5631940186722204e-13,3.410605131648481e-13,1.7053025658242404e-13,0.0,1.0000000000000018,1.0000000000000036,0.9999999999999982,2.33607026619287e-16,2.220446049250313e-16,9.930136612989092e-16,1.086348882473629e-16,1.2480231814692994e-16,7.773323485021054e-16,7.35174045875921e-17,4.965068306494546e-16,2.2887833992611187e-16,0.0
strong_horizontal,5.0,0.0,diagonal,16,5.65685424949238,5.65685424949238,7.999999999999999,10.65685424949238,5.65685424949238,12.065178925110219,exact_distance_minus_5cm,10.65685424949238,5.65685424949238,1.0673287334424406,1.4210854715202004e-13,8.526512829121202e-14,0.0,1.1368683772161603e-13,0.0,0.4444444444444483,0.666666666666671,0.6666666666666682,1.0903249396956642,1.0957239409102286,1.5758943611576155,-1.0903249396956642,1.0192454983657185e-16,5.551115123125783e-16,0.33333333333333337,1.4298262137027085,0.601440539800398,1.0673287334424406
strong_horizontal,5.0,0.0,diagonal,16,5.65685424949238,5.65685424949238,7.999999999999999,10.65685424949238,5.65685424949238,12.065178925110219,exact_distance_plus_5cm,10.65685424949238,5.65685424949238,1.0673287334424408,1.4210854715202004e-13,8.526512829121202e-14,0.0,1.1368683772161603e-13,0.0,1.777777777777793,1.333333333333342,1.3333333333333364,1.0903249396956642,1.095723940910228,1.5758943611576157,1.0903249396956642,2.030070209364411e-16,9.992007221626409e-16,0.33333333333333337,1.4298262137027087,0.6014405398003986,1.0673287334424408
strong_horizontal,5.0,0.0,diagonal,16,5.65685424949238,5.65685424949238,7.999999999999999,10.65685424949238,5.65685424949238,12.065178925110219,planar_no_correction,10.65685424949238,5.65685424949238,0.04493989663784866,1.096906766143718,0.5265447844050399,1.0574363875676909,0.3109051134606915,0.0,0.9399213279922817,0.9791944926010876,0.9598923759216796,0.05348970682780845,0.04902134504109183,0.139649451581749,-0.0514786607179907,0.013556757354468426,0.043370971236144536,0.015263773855998834,0.10589656166477002,0.008459407071547105,0.04493989663784866
strong_horizontal,5.0,0.0,diagonal,17,6.010407640085654,6.010407640085654,8.5,11.010407640085653,6.010407640085654,12.544085315432788,exact_true_distance,11.010407640085653,6.010407640085654,2.220446049250313e-16,5.115907697472721e-13,1.9895196601282805e-13,3.410605131648481e-13,1.4210854715202004e-13,0.0,0.9999999999999907,1.0000000000000016,0.9999999999999891,2.565716230182607e-16,2.220446049250313e-16,1.2560739669470201e-15,-1.959253169109061e-17,1.4835471180790728e-16,9.832015422508055e-16,7.658902052893365e-17,8.881784197001252e-16,1.1102230246251565e-16,2.220446049250313e-16
strong_horizontal,5.0,0.0,diagonal,17,6.010407640085654,6.010407640085654,8.5,11.010407640085653,6.010407640085654,12.544085315432788,exact_distance_minus_5cm,11.010407640085653,6.010407640085654,1.1108806681486336,5.684341886080801e-13,2.4158453015843406e-13,4.547473508864641e-13,4.831690603168681e-13,0.0,0.4444444444444391,0.6666666666666666,0.6666666666666586,1.1332086952534846,1.1373807889608094,1.6224879284099487,-1.1332086952534846,1.1572803657938314e-16,7.771561172376096e-16,0.33333333333333337,1.4750858996678498,0.6397693086633502,1.1108806681486336
strong_horizontal,5.0,0.0,diagonal,17,6.010407640085654,6.010407640085654,8.5,11.010407640085653,6.010407640085654,12.544085315432788,exact_distance_plus_5cm,11.010407640085653,6.010407640085654,1.1108806681486336,5.684341886080801e-13,2.4158453015843406e-13,4.547473508864641e-13,4.831690603168681e-13,0.0,1.7777777777777561,1.3333333333333333,1.3333333333333173,1.1332086952534846,1.137380788960809,1.62248792840995,1.1332086952534846,2.2632104399965826e-16,1.4432899320127035e-15,0.33333333333333337,1.4750858996678486,0.6397693086633498,1.1108806681486336
strong_horizontal,5.0,0.0,diagonal,17,6.010407640085654,6.010407640085654,8.5,11.010407640085653,6.010407640085654,12.544085315432788,planar_no_correction,11.010407640085653,6.010407640085654,0.05050917272007605,1.1955802902978405,0.5782324932413019,1.1607165621936701,0.3655120327367172,0.0,0.9354172147814463,0.9776481054228621,0.9568035877048525,0.059438776872715454,0.05487889843847665,0.15189879364204115,-0.057127971514105036,0.015432542764786833,0.04753673314365853,0.016391448209062194,0.11546591271503201,0.010118564717030577,0.05050917272007605
strong_horizontal,5.0,0.0,diagonal,18,6.363961030678928,6.363961030678928,9.0,11.363961030678928,6.363961030678928,13.024577164222617,exact_true_distance,11.363961030678928,6.363961030678928,0.0,8.810729923425242e-13,3.126388037344441e-13,6.394884621840902e-13,7.958078640513122e-13,0.0,0.9999999999999962,1.0000000000000082,0.999999999999988,3.244058039841519e-16,4.440892098500626e-16,1.2560739669470201e-15,9.691838439405513e-17,1.6992901803676784e-16,9.62441743765225e-16,9.204174534886028e-17,8.881784197001252e-16,0.0,0.0
strong_horizontal,5.0,0.0,diagonal,18,6.363961030678928,6.363961030678928,9.0,11.363961030678928,6.363961030678928,13.024577164222617,exact_distance_minus_5cm,11.363961030678928,6.363961030678928,1.1547181646468168,5.826450433232822e-13,2.2737367544323206e-13,4.831690603168681e-13,4.831690603168681e-13,0.0,0.4444444444444391,0.6666666666666666,0.6666666666666586,1.1764380681461593,1.180951259811709,1.6693558921233553,-1.1764380681461593,1.2830968358658672e-16,7.771561172376096e-16,0.3333333333333333,1.5199177713232248,0.6788795191706746,1.1547181646468168
strong_horizontal,5.0,0.0,diagonal,18,6.363961030678928,6.363961030678928,9.0,11.363961030678928,6.363961030678928,13.024577164222617,exact_distance_plus_5cm,11.363961030678928,6.363961030678928,1.154718164646816,5.826450433232822e-13,2.2737367544323206e-13,4.831690603168681e-13,4.831690603168681e-13,0.0,1.7777777777777561,1.3333333333333333,1.3333333333333173,1.1764380681461595,1.1809512598117096,1.6693558921233564,1.1764380681461595,2.5064225927736284e-16,1.4432899320127035e-15,0.33333333333333337,1.5199177713232246,0.6788795191706746,1.154718164646816
strong_horizontal,5.0,0.0,diagonal,18,6.363961030678928,6.363961030678928,9.0,11.363961030678928,6.363961030678928,13.024577164222617,planar_no_correction,11.363961030678928,6.363961030678928,0.056552689034106284,1.2979972157661166,0.6321558157687832,1.268331159948616,0.4235234453264525,0.0,0.9307526537188852,0.9760493361670648,0.953591810608612,0.06586575701001805,0.06118569052809909,0.16488389760318706,-0.06322480003281965,0.017477133160810072,0.05196182379731768,0.017566625861410348,0.12633458787920043,0.012018979938142313,0.056552689034106284
strong_horizontal,5.0,0.0,diagonal,19,6.717514421272201,6.717514421272201,9.499999999999998,11.7175144212722,6.717514421272201,13.506485264965198,exact_true_distance,11.7175144212722,6.717514421272201,2.220446049250313e-16,1.2789769243681803e-12,6.394884621840902e-13,1.2505552149377763e-12,4.831690603168681e-13,0.0,0.9999999999999851,1.000000000000004,0.9999999999999811,3.1008499831808725e-16,2.220446049250313e-16,1.6011864169946884e-15,1.6179705914647915e-16,1.6277027136609393e-16,1.0779909974926261e-15,8.619735044915388e-17,8.95090418262362e-16,4.965068306494546e-16,2.220446049250313e-16
strong_horizontal,5.0,0.0,diagonal,19,6.717514421272201,6.717514421272201,9.499999999999998,11.7175144212722,6.717514421272201,13.506485264965198,exact_distance_minus_5cm,11.7175144212722,6.717514421272201,1.1988331467152278,9.663381206337363e-13,4.831690603168681e-13,9.663381206337363e-13,4.831690603168681e-13,0.0,0.44444444444443537,0.6666666666666655,0.6666666666666542,1.2199986834834955,1.2241009406520442,1.7165024129992095,-1.2199986834834955,1.2446253955420032e-16,7.771561172376096e-16,0.3333333333333333,1.5651608431414448,0.7186630530808608,1.1988331467152278
strong_horizontal,5.0,0.0,diagonal,19,6.717514421272201,6.717514421272201,9.499999999999998,11.7175144212722,6.717514421272201,13.506485264965198,exact_distance_plus_5cm,11.7175144212722,6.717514421272201,1.198833146715228,9.663381206337363e-13,4.831690603168681e-13,9.663381206337363e-13,4.831690603168681e-13,0.0,1.7777777777777413,1.333333333333331,1.3333333333333084,1.2199986834834955,1.224100940652045,1.7165024129992097,1.2199986834834955,2.4066940521915945e-16,1.4432899320127035e-15,0.33333333333333337,1.5651608431414448,0.7186630530808611,1.198833146715228
strong_horizontal,5.0,0.0,diagonal,19,6.717514421272201,6.717514421272201,9.499999999999998,11.7175144212722,6.717514421272201,13.506485264965198,planar_no_correction,11.7175144212722,6.717514421272201,0.06309219458382305,1.4041404203451293,0.6883204218773642,1.3802695634285556,0.48495466030662726,0.0,0.9259299007987353,0.9743984311374417,0.9502579963289476,0.07279247296333277,0.06785349915363337,0.17862979902510437,-0.06978943988607113,0.019698468692502552,0.05665431641885865,0.018789433054917617,0.1376114465303248,0.01418033814023384,0.06309219458382305
strong_horizontal,5.0,0.0,diagonal,20,7.071067811865475,7.071067811865475,10.0,12.071067811865476,7.071067811865475,13.989663259659068,exact_true_distance,12.071067811865476,7.071067811865475,4.965068306494546e-16,5.115907697472721e-13,1.9895196601282805e-13,3.410605131648481e-13,1.4210854715202004e-13,0.0,0.9999999999999907,1.0000000000000016,0.9999999999999891,3.2887469201899566e-16,4.440892098500626e-16,1.4043333874306805e-15,5.081946601325205e-17,1.6567109760394111e-16,1.2199361866341685e-15,8.69169724475427e-17,8.881784197001252e-16,4.440892098500626e-16,4.965068306494546e-16
strong_horizontal,5.0,0.0,diagonal,20,7.071067811865475,7.071067811865475,10.0,12.071067811865476,7.071067811865475,13.989663259659068,exact_distance_minus_5cm,12.071067811865476,7.071067811865475,1.2432196074392066,1.5347723092418164e-12,5.897504706808832e-13,9.663381206337363e-13,4.689582056016661e-13,0.0,0.44444444444443537,0.6666666666666723,0.6666666666666474,1.2638791267070935,1.2681060112134752,1.7639321293411585,-1.2638791267070935,1.3060476092779578e-16,7.771561172376096e-16,0.3333333333333333,1.6108405819982798,0.7590339433580654,1.2432196074392066
strong_horizontal,5.0,0.0,diagonal,20,7.071067811865475,7.071067811865475,10.0,12.071067811865476,7.071067811865475,13.989663259659068,exact_distance_plus_5cm,12.071067811865476,7.071067811865475,1.2432196074392077,1.5347723092418164e-12,5.897504706808832e-13,9.663381206337363e-13,4.689582056016661e-13,0.0,1.7777777777777413,1.3333333333333446,1.3333333333332948,1.263879126707094,1.2681060112134748,1.7639321293411594,1.263879126707094,2.5592589056647717e-16,1.3322676295501878e-15,0.33333333333333337,1.6108405819982796,0.7590339433580662,1.2432196074392077
strong_horizontal,5.0,0.0,diagonal,20,7.071067811865475,7.071067811865475,10.0,12.071067811865476,7.071067811865475,13.989663259659068,planar_no_correction,12.071067811865476,7.071067811865475,0.07014966660862837,1.5170046069679586,0.7449218470322876,1.4965203022026117,0.5498217906239518,0.0,0.9209512839103287,0.9726955960860515,0.946803180374279,0.08024100882398143,0.07504425470473763,0.19316190407838224,-0.07684245484717254,0.022104490639343187,0.06162231638487982,0.02005997849699655,0.14946611712667882,0.016622528070592273,0.07014966660862837
strong_diagonal,5.0,5.0,horizontal,0,0.0,0.0,0.0,5.0,5.0,7.0710678118654755,exact_true_distance,5.0,5.0,3.1401849173675503e-16,1.0516032489249483e-12,4.689582056016661e-13,9.521272659185342e-13,1.4210854715202004e-13,0.0,0.9999999999999907,1.0000000000000053,0.9999999999999853,1.4653411899992717e-16,1.1102230246251565e-16,4.965068306494546e-16,5.958607206176701e-18,7.078907771208141e-17,3.481226313423064e-16,7.512522924000489e-17,4.440892098500626e-16,0.0,3.1401849173675503e-16
strong_diagonal,5.0,5.0,horizontal,0,0.0,0.0,0.0,5.0,5.0,7.0710678118654755,exact_distance_minus_5cm,5.0,5.0,0.6198209475901588,6.821210263296962e-13,2.4868995751603507e-13,4.831690603168681e-13,1.1368683772161603e-13,0.0,0.44444444444444464,0.6666666666666718,0.6666666666666617,0.655480341701698,0.6754581829283527,1.1269488758738835,-0.655480341701698,5.8990917775573e-17,3.885780586188048e-16,0.33333333333333337,0.9761236811399419,0.12343534874250395,0.6198209475901588
strong_diagonal,5.0,5.0,horizontal,0,0.0,0.0,0.0,5.0,5.0,7.0710678118654755,exact_distance_plus_5cm,5.0,5.0,0.6198209475901584,6.821210263296962e-13,2.4868995751603507e-13,4.831690603168681e-13,1.1368683772161603e-13,0.0,1.7777777777777786,1.3333333333333437,1.3333333333333235,0.655480341701698,0.6754581829283527,1.1269488758738828,0.655480341701698,1.1558769012326604e-16,7.216449660063518e-16,0.3333333333333333,0.9761236811399413,0.12343534874250384,0.6198209475901584
strong_diagonal,5.0,5.0,horizontal,0,0.0,0.0,0.0,5.0,5.0,7.0710678118654755,planar_no_correction,5.0,5.0,0.008986826306138094,0.4615614737453768,0.2179688806748743,0.4352165628577609,0.32849528786866244,0.0,0.9811166290530706,0.9947379909920465,0.9863065831783591,0.013850996155138013,0.011967128718248373,0.052937360468695425,-0.013046858628591122,0.004459919421670212,0.020638879025215568,0.006004444141578105,0.03488910872399468,7.158927813007946e-05,0.008986826306138094
strong_diagonal,5.0,5.0,horizontal,1,0.5,0.0,0.5,5.5,5.0,7.433034373659253,exact_true_distance,5.5,5.0,2.220446049250313e-16,5.115907697472721e-13,1.9895196601282805e-13,3.126388037344441e-13,1.5631940186722204e-13,0.0,1.0000000000000018,1.000000000000007,0.9999999999999947,1.3752522565974196e-16,1.1102230246251565e-16,6.280369834735101e-16,-3.761260870971558e-18,8.111003697400591e-17,6.278580472306976e-16,6.582833051127225e-17,4.440892098500626e-16,0.0,2.220446049250313e-16
strong_diagonal,5.0,5.0,horizontal,1,0.5,0.0,0.5,5.5,5.0,7.433034373659253,exact_distance_minus_5cm,5.5,5.0,0.6518591526611011,5.115907697472721e-13,2.4158453015843406e-13,2.4158453015843406e-13,2.4158453015843406e-13,0.0,0.44444444444444464,0.6666666666666713,0.6666666666666623,0.6859840979775398,0.705079016191876,1.1596515256917677,-0.6859840979775398,7.219586816141429e-17,4.440892098500626e-16,0.33333333333333337,1.0095695010376229,0.15736825437682442,0.6518591526611011
strong_diagonal,5.0,5.0,horizontal,1,0.5,0.0,0.5,5.5,5.0,7.433034373659253,exact_distance_plus_5cm,5.5,5.0,0.6518591526611008,5.115907697472721e-13,2.4158453015843406e-13,2.4158453015843406e-13,2.4158453015843406e-13,0.0,1.7777777777777786,1.3333333333333426,1.3333333333333246,0.6859840979775398,0.7050790161918761,1.1596515256917672,0.6859840979775398,1.435909359555722e-16,8.326672684688674e-16,0.3333333333333333,1.0095695010376224,0.15736825437682436,0.6518591526611008
strong_diagonal,5.0,5.0,horizontal,1,0.5,0.0,0.5,5.5,5.0,7.433034373659253,planar_no_correction,5.5,5.0,0.01039786581638265,0.4947547274872619,0.23986133424307354,0.478992556073365,0.32747960641577833,0.0,0.9787592833340334,0.9937337418972324,0.984931115919834,0.015534083622861851,0.01354339001341688,0.05743349724298979,-0.01464416384955668,0.004967370876619599,0.02200118637207561,0.006505899741713971,0.03814675720713697,0.00014692907007344768,0.01039786581638265
strong_diagonal,5.0,5.0,horizontal,2,1.0,0.0,1.0,6.0,5.0,7.810249675906654,exact_true_distance,6.0,5.0,2.220446049250313e-16,5.115907697472721e-13,2.0605739337042905e-13,3.126388037344441e-13,4.831690603168681e-13,0.0,1.0000000000000018,1.000000000000007,0.9999999999999947,1.6412527343420878e-16,2.220446049250313e-16,6.280369834735101e-16,2.835058289795405e-17,8.347031482591508e-17,6.280300385806728e-16,7.723336358468485e-17,4.440892098500626e-16,0.0,2.220446049250313e-16
strong_diagonal,5.0,5.0,horizontal,2,1.0,0.0,1.0,6.0,5.0,7.810249675906654,exact_distance_minus_5cm,6.0,5.0,0.685305085932456,3.836930773104541e-13,1.4921397450962104e-13,2.4158453015843406e-13,3.410605131648481e-13,0.0,0.4444444444444465,0.6666666666666713,0.6666666666666651,0.718014948722092,0.7356484799641249,1.1932809553366215,-0.718014948722092,7.075112523079708e-17,4.996003610813204e-16,0.33333333333333337,1.0433499351261364,0.19522493294891263,0.685305085932456
strong_diagonal,5.0,5.0,horizontal,2,1.0,0.0,1.0,6.0,5.0,7.810249675906654,exact_distance_plus_5cm,6.0,5.0,0.6853050859324566,3.836930773104541e-13,1.4921397450962104e-13,2.4158453015843406e-13,3.410605131648481e-13,0.0,1.7777777777777857,1.3333333333333426,1.3333333333333302,0.718014948722092,0.7356484799641253,1.1932809553366217,0.718014948722092,1.388852018387047e-16,9.992007221626409e-16,0.33333333333333337,1.0433499351261375,0.19522493294891252,0.6853050859324566
strong_diagonal,5.0,5.0,horizontal,2,1.0,0.0,1.0,6.0,5.0,7.810249675906654,planar_no_correction,6.0,5.0,0.012033702858596071,0.5298922400178441,0.26177950533706706,0.5228416214549725,0.32426053674625166,0.0,0.9761824838513581,0.9926645352928132,0.9833961516147113,0.017452644851090653,0.015275045348075427,0.0623307499662335,-0.016478319394338397,0.0054923773527699865,0.023403841008080094,0.007056741680188706,0.04194511697565448,0.00028272413698811235,0.012033702858596071
strong_diagonal,5.0,5.0,horizontal,3,1.5,0.0,1.5,6.5,5.0,8.200609733428363,exact_true_distance,6.5,5.0,2.220446049250313e-16,3.126388037344441e-13,1.4210854715202004e-13,3.126388037344441e-13,1.4210854715202004e-13,0.0,1.0000000000000018,1.0000000000000036,0.9999999999999982,1.483076055208074e-16,1.1102230246251565e-16,6.280369834735101e-16,-4.0233657749775644e-19,8.651618973702853e-17,6.278580472306976e-16,6.310676791374804e-17,4.440892098500626e-16,0.0,2.220446049250313e-16
strong_diagonal,5.0,5.0,horizontal,3,1.5,0.0,1.5,6.5,5.0,8.200609733428363,exact_distance_minus_5cm,6.5,5.0,0.7199817981353421,2.8421709430404007e-13,1.2079226507921703e-13,2.4158453015843406e-13,0.0,0.0,0.44444444444444087,0.666666666666666,0.6666666666666621,0.7513779231764578,0.7678264667602036,1.227781515816481,-0.7513779231764576,7.836285655667746e-17,4.440892098500626e-16,0.33333333333333337,1.0791096938135807,0.2351349628787562,0.7199817981353421
strong_diagonal,5.0,5.0,horizontal,3,1.5,0.0,1.5,6.5,5.0,8.200609733428363,exact_distance_plus_5cm,6.5,5.0,0.7199817981353418,2.8421709430404007e-13,1.2079226507921703e-13,2.4158453015843406e-13,0.0,0.0,1.7777777777777635,1.333333333333332,1.3333333333333242,0.7513779231764576,0.7678264667602038,1.2277815158164807,0.7513779231764576,1.5592491274609855e-16,8.326672684688674e-16,0.33333333333333337,1.0791096938135807,0.2351349628787562,0.7199817981353418
strong_diagonal,5.0,5.0,horizontal,3,1.5,0.0,1.5,6.5,5.0,8.200609733428363,planar_no_correction,6.5,5.0,0.01391551118803629,0.5688065488905636,0.28348600315253236,0.5667705868704616,0.3188325069150295,0.0,0.9733876001737413,0.9915334630663197,0.9816991926460431,0.019625080076210173,0.01725914914328066,0.06765200983742048,-0.01856884521535288,0.006036500309667122,0.02484890026703093,0.0076574269577610035,0.04622638890153159,0.0004989730905698837,0.01391551118803629
strong_diagonal,5.0,5.0,horizontal,4,2.0,0.0,2.0,7.0,5.0,8.602325267042627,exact_true_distance,7.0,5.0,3.1401849173675503e-16,3.836930773104541e-13,1.5631940186722204e-13,3.410605131648481e-13,3.268496584496461e-13,0.0,0.9999999999999962,1.000000000000002,0.9999999999999942,1.804867929643307e-16,2.220446049250313e-16,6.280369834735101e-16,3.230200618346911e-17,9.171747994859342e-17,6.280300385806728e-16,7.780738297711467e-17,4.577566798522237e-16,1.1102230246251565e-16,3.1401849173675503e-16
strong_diagonal,5.0,5.0,horizontal,4,2.0,0.0,2.0,7.0,5.0,8.602325267042627,exact_distance_minus_5cm,7.0,5.0,0.7557398813418899,4.973799150320701e-13,2.2737367544323206e-13,2.2737367544323206e-13,4.831690603168681e-13,0.0,0.44444444444444464,0.6666666666666713,0.6666666666666623,0.7859129038869938,0.8012748772093599,1.2631029608263025,-0.7859129038869938,7.459826926318348e-17,4.996003610813204e-16,0.33333333333333337,1.114728774956225,0.27622868450135973,0.7557398813418899
strong_diagonal,5.0,5.0,horizontal,4,2.0,0.0,2.0,7.0,5.0,8.602325267042627,exact_distance_plus_5cm,7.0,5.0,0.7557398813418903,4.973799150320701e-13,2.2737367544323206e-13,2.2737367544323206e-13,4.831690603168681e-13,0.0,1.7777777777777786,1.3333333333333426,1.3333333333333246,0.7859129038869939,0.8012748772093604,1.263102960826303,0.7859129038869938,1.4758668211796492e-16,9.992007221626409e-16,0.33333333333333337,1.1147287749562262,0.27622868450135973,0.7557398813418903
strong_diagonal,5.0,5.0,horizontal,4,2.0,0.0,2.0,7.0,5.0,8.602325267042627,planar_no_correction,7.0,5.0,0.016064614731411353,0.6107863291053945,0.3054543028749208,0.6107863291053945,0.3111895887396656,0.0,0.970376116992298,0.9903423281362492,0.9798390813189556,0.02207062013276289,0.019605735268975088,0.07342050535340562,-0.02093571663950952,0.006601223142052326,0.02633825741854021,0.0083084281956407,0.051100550493793265,0.0008155977628224504,0.016064614731411353
strong_diagonal,5.0,5.0,horizontal,5,2.5,0.0,2.5,7.5,5.0,9.013878188659973,exact_true_distance,7.5,5.0,0.0,3.410605131648481e-13,1.5631940186722204e-13,3.410605131648481e-13,1.7053025658242404e-13,0.0,1.0000000000000018,1.0000000000000036,0.9999999999999982,1.6034817634043027e-16,1.1102230246251565e-16,6.280369834735101e-16,1.8381467558693834e-17,9.539993003065339e-17,6.278580472306976e-16,6.352725969411549e-17,4.577566798522237e-16,1.2412670766236366e-16,0.0
strong_diagonal,5.0,5.0,horizontal,5,2.5,0.0,2.5,7.5,5.0,9.013878188659973,exact_distance_minus_5cm,7.5,5.0,0.7924536740192902,1.4210854715202004e-14,0.0,0.0,0.0,0.0,0.4444444444444502,0.666666666666671,0.666666666666671,0.8214872037519407,0.8341194959186801,1.2992000860023312,-0.8214872037519407,8.419136232248175e-17,4.440892098500626e-16,0.33333333333333337,1.1503237332920655,0.318067805654523,0.7924536740192902
strong_diagonal,5.0,5.0,horizontal,5,2.5,0.0,2.5,7.5,5.0,9.013878188659973,exact_distance_plus_5cm,7.5,5.0,0.7924536740192902,1.4210854715202004e-14,0.0,0.0,0.0,0.0,1.7777777777778005,1.333333333333342,1.333333333333342,0.8214872037519408,0.8341194959186805,1.2992000860023318,0.8214872037519408,1.68159821449954e-16,8.326672684688674e-16,0.33333333333333337,1.1503237332920655,0.3180678056545234,0.7924536740192902
strong_diagonal,5.0,5.0,horizontal,5,2.5,0.0,2.5,7.5,5.0,9.013878188659973,planar_no_correction,7.5,5.0,0.018502428022024356,0.6548957782197249,0.32715268850238033,0.6548957782197249,0.30132549574136647,0.0,0.9671496331357,0.9890918182534646,0.9778158258790272,0.02480919775747509,0.022170855479576344,0.07965976779871234,-0.023599292791419493,0.007187935919261914,0.027873650998587556,0.00901020744130678,0.05601341241492051,0.0012525992863350514,0.018502428022024356
strong_diagonal,5.0,5.0,horizontal,6,3.0,0.0,3.0,8.0,5.0,9.433981132056603,exact_true_distance,8.0,5.0,0.0,6.679101716144942e-13,3.126388037344441e-13,6.394884621840902e-13,4.831690603168681e-13,0.0,1.0000000000000073,1.0000000000000098,0.9999999999999976,1.8151084492847685e-16,2.220446049250313e-16,6.280369834735101e-16,4.603537493257934e-17,9.416529010429303e-17,6.280300385806728e-16,7.212715846572636e-17,4.577566798522237e-16,0.0,0.0
strong_diagonal,5.0,5.0,horizontal,6,3.0,0.0,3.0,8.0,5.0,9.433981132056603,exact_distance_minus_5cm,8.0,5.0,0.8300177322757261,7.389644451905042e-13,3.694822225952521e-13,7.105427357601002e-13,4.689582056016661e-13,0.0,0.44444444444444464,0.6666666666666713,0.6666666666666623,0.857990075500654,0.8693143311959388,1.3360323627662372,-0.8579900755006538,8.233383569740249e-17,5.551115123125783e-16,0.33333333333333337,1.1886540252643898,0.3604139331570203,0.8300177322757261
strong_diagonal,5.0,5.0,horizontal,6,3.0,0.0,3.0,8.0,5.0,9.433981132056603,exact_distance_plus_5cm,8.0,5.0,0.8300177322757257,7.389644451905042e-13,3.694822225952521e-13,7.105427357601002e-13,4.689582056016661e-13,0.0,1.7777777777777786,1.3333333333333426,1.3333333333333246,0.857990075500654,0.8693143311959397,1.3360323627662374,0.857990075500654,1.6349536570253272e-16,1.2212453270876722e-15,0.3333333333333334,1.1886540252643902,0.36041393315702014,0.8300177322757257
strong_diagonal,5.0,5.0,horizontal,6,3.0,0.0,3.0,8.0,5.0,9.433981132056603,planar_no_correction,8.0,5.0,0.02125044678643898,0.7037664949105533,0.3492018918313633,0.6991059219790827,0.2892335810650337,0.0,0.9637098605099654,0.9877817671429381,0.9756303391764375,0.02786133916423315,0.024866732981088165,0.08639361335387387,-0.026580271659115785,0.007797926981626334,0.029456675537867648,0.009763196900632227,0.061368992261228154,0.0018300903013215328,0.02125044678643898
strong_diagonal,5.0,5.0,horizontal,7,3.5,0.0,3.5,8.5,5.0,9.86154146165801,exact_true_distance,8.5,5.0,2.220446049250313e-16,6.536993168992922e-13,3.268496584496461e-13,6.394884621840902e-13,3.126388037344441e-13,0.0,1.0000000000000018,1.0000000000000064,0.9999999999999953,1.5865076017245114e-16,1.1102230246251565e-16,6.280369834735101e-16,1.4482721204339175e-17,9.78111839349222e-17,6.278580472306976e-16,5.929749944931622e-17,4.577566798522237e-16,0.0,2.220446049250313e-16
strong_diagonal,5.0,5.0,horizontal,7,3.5,0.0,3.5,8.5,5.0,9.86154146165801,exact_distance_minus_5cm,8.5,5.0,0.8683436919327185,4.831690603168681e-13,2.2737367544323206e-13,4.831690603168681e-13,2.2737367544323206e-13,0.0,0.44444444444444275,0.6666666666666682,0.6666666666666626,0.8953285981724314,0.9037385174739769,1.3735635779015047,-0.8953285981724313,8.837698898432705e-17,4.440892098500626e-16,0.33333333333333337,1.2263153277388479,0.4031291703564947,0.8683436919327185
strong_diagonal,5.0,5.0,horizontal,7,3.5,0.0,3.5,8.5,5.0,9.86154146165801,exact_distance_plus_5cm,8.5,5.0,0.8683436919327187,4.831690603168681e-13,2.2737367544323206e-13,4.831690603168681e-13,2.2737367544323206e-13,0.0,1.777777777777771,1.3333333333333364,1.3333333333333253,0.8953285981724314,0.9037385174739772,1.3735635779015045,0.8953285981724315,1.7592841057972996e-16,8.881784197001252e-16,0.33333333333333337,1.2263153277388477,0.4031291703564949,0.8683436919327187
strong_diagonal,5.0,5.0,horizontal,7,3.5,0.0,3.5,8.5,5.0,9.86154146165801,planar_no_correction,8.5,5.0,0.024330265293003993,0.7539467089264633,0.37089451752930813,0.7434238103546704,0.27490683537132554,0.0,0.9600586229632709,0.9864114315126747,0.9732841614487462,0.031248075916932815,0.02789725226200628,0.09364613825485285,-0.029899663587752423,0.008432379921768157,0.031088792966686665,0.010567786328095055,0.06765200983742048,0.002568298304561738,0.024330265293003993
strong_diagonal,5.0,5.0,horizontal,8,4.0,0.0,4.0,9.0,5.0,10.295630140987,exact_true_distance,9.0,5.0,2.220446049250313e-16,5.115907697472721e-13,1.9895196601282805e-13,3.410605131648481e-13,1.4210854715202004e-13,0.0,1.0000000000000129,1.0000000000000127,1.0000000000000002,1.9341621695415328e-16,2.220446049250313e-16,8.005932084973442e-16,3.2604764072308285e-17,9.794228097859936e-17,6.280300385806728e-16,7.059624530041018e-17,4.965068306494546e-16,2.220446049250313e-16,2.220446049250313e-16
strong_diagonal,5.0,5.0,horizontal,8,4.0,0.0,4.0,9.0,5.0,10.295630140987,exact_distance_minus_5cm,9.0,5.0,0.9073575546690203,4.831690603168681e-13,2.2737367544323206e-13,2.2737367544323206e-13,2.2737367544323206e-13,0.0,0.4444444444444483,0.6666666666666741,0.6666666666666651,0.9334245197999987,0.9391425041245671,1.4117614865098727,-0.9334245197999987,8.365474351968107e-17,5.551115123125783e-16,0.33333333333333337,1.2660102756891989,0.44612995958628526,0.9073575546690203
strong_diagonal,5.0,5.0,horizontal,8,4.0,0.0,4.0,9.0,5.0,10.295630140987,exact_distance_plus_5cm,9.0,5.0,0.90735755466902,4.831690603168681e-13,2.2737367544323206e-13,2.2737367544323206e-13,2.2737367544323206e-13,0.0,1.777777777777793,1.3333333333333481,1.3333333333333302,0.9334245197999987,0.9391425041245675,1.4117614865098713,0.9334245197999989,1.65798698717631e-16,1.2212453270876722e-15,0.33333333333333337,1.2660102756892,0.44612995958628493,0.90735755466902
strong_diagonal,5.0,5.0,horizontal,8,4.0,0.0,4.0,9.0,5.0,10.295630140987,planar_no_correction,9.0,5.0,0.02776360562813723,0.8088546216971793,0.3930744880857233,0.7878565601158698,0.2583378847156581,0.0,0.9561978550765928,0.9849797344734214,0.9707792166787923,0.034990876059019446,0.03131767875808713,0.10144172387580351,-0.03357877759204134,0.009092374652041513,0.03277134416701454,0.011424316284769457,0.07410715112531528,0.003487568368463184,0.02776360562813723
strong_diagonal,5.0,5.0,horizontal,9,4.5,0.0,4.5,9.5,5.0,10.735455276791944,exact_true_distance,9.5,5.0,2.220446049250313e-16,3.836930773104541e-13,1.5631940186722204e-13,3.126388037344441e-13,3.126388037344441e-13,0.0,1.0000000000000073,1.0000000000000075,0.9999999999999998,1.5813654941088195e-16,1.1102230246251565e-16,6.280369834735101e-16,1.0420394864844999e-17,1.0139875991538989e-16,6.278580472306976e-16,5.5402855357967615e-17,4.577566798522237e-16,0.0,2.220446049250313e-16
strong_diagonal,5.0,5.0,horizontal,9,4.5,0.0,4.5,9.5,5.0,10.735455276791944,exact_distance_minus_5cm,9.5,5.0,0.9469973822320362,3.836930773104541e-13,1.4921397450962104e-13,2.4158453015843406e-13,3.410605131648481e-13,0.0,0.4444444444444465,0.6666666666666713,0.6666666666666651,0.9722117798527022,0.9791248217316558,1.4505974832988766,-0.9722117798527022,9.236447947283054e-17,4.440892098500626e-16,0.33333333333333337,1.3063790599649878,0.48936399931716623,0.9469973822320362
strong_diagonal,5.0,5.0,horizontal,9,4.5,0.0,4.5,9.5,5.0,10.735455276791944,exact_distance_plus_5cm,9.5,5.0,0.9469973822320364,3.836930773104541e-13,1.4921397450962104e-13,2.4158453015843406e-13,3.410605131648481e-13,0.0,1.7777777777777857,1.3333333333333426,1.3333333333333302,0.9722117798527022,0.9791248217316563,1.4505974832988768,0.9722117798527022,1.8189726280165135e-16,9.43689570931383e-16,0.33333333333333337,1.3063790599649876,0.489363999317166,0.9469973822320364
strong_diagonal,5.0,5.0,horizontal,9,4.5,0.0,4.5,9.5,5.0,10.735455276791944,planar_no_correction,9.5,5.0,0.03157235048855908,0.8657697085968437,0.4147731865228508,0.8324113594978257,0.2395189884015423,0.0,0.9521296008811407,0.9834854528729575,0.9681176250241221,0.03911159271812969,0.03514694446537294,0.10980504912597014,-0.037639216585479335,0.009778891416618406,0.03450556029831767,0.012333076142348636,0.08139871700022937,0.004608369079294116,0.03157235048855908
strong_diagonal,5.0,5.0,horizontal,10,5.0,0.0,5.0,10.0,5.0,11.180339887498949,exact_true_distance,10.0,5.0,0.0,3.836930773104541e-13,1.5631940186722204e-13,3.126388037344441e-13,3.126388037344441e-13,0.0,1.0000000000000073,1.0000000000000075,0.9999999999999998,1.9263093509973526e-16,2.220446049250313e-16,8.005932084973442e-16,4.130620069691416e-17,1.0002719247052394e-16,6.280300385806728e-16,6.539571696485499e-17,4.965068306494546e-16,2.220446049250313e-16,0.0
strong_diagonal,5.0,5.0,horizontal,10,5.0,0.0,5.0,10.0,5.0,11.180339887498949,exact_distance_minus_5cm,10.0,5.0,0.9872113594057395,2.8421709430404007e-13,1.1368683772161603e-13,2.4158453015843406e-13,2.2737367544323206e-13,0.0,0.44444444444444464,0.6666666666666687,0.6666666666666649,1.011634530310928,1.015356411174965,1.4900462951204185,-1.011634530310928,8.888884076546e-17,5.551115123125783e-16,0.3333333333333333,1.3452561489465078,0.5327979289604164,0.9872113594057395
strong_diagonal,5.0,5.0,horizontal,10,5.0,0.0,5.0,10.0,5.0,11.180339887498949,exact_distance_plus_5cm,10.0,5.0,0.9872113594057397,2.8421709430404007e-13,1.1368683772161603e-13,2.4158453015843406e-13,2.2737367544323206e-13,0.0,1.7777777777777786,1.3333333333333375,1.3333333333333297,1.011634530310928,1.0153564111749651,1.4900462951204185,1.011634530310928,1.7762082372702442e-16,1.2212453270876722e-15,0.33333333333333337,1.3452561489465078,0.5327979289604173,0.9872113594057397
strong_diagonal,5.0,5.0,horizontal,10,5.0,0.0,5.0,10.0,5.0,11.180339887498949,planar_no_correction,10.0,5.0,0.03577857529000761,0.9247914308526504,0.4371573478212625,0.8770954729799314,0.21844203681447993,0.0,0.9478560125033711,0.9819273465682062,0.9653015732946914,0.04363242799841055,0.03932223583797927,0.11876110807354189,-0.04210287880633993,0.010492816781341795,0.03629257364659774,0.013294305631984776,0.08898385898288119,0.005951301126664797,0.03577857529000761
strong_diagonal,5.0,5.0,horizontal,11,5.5,0.0,5.5,10.5,5.0,11.629703349613008,exact_true_distance,10.5,5.0,0.0,1.7053025658242404e-13,1.0658141036401503e-13,0.0,1.5631940186722204e-13,0.0,1.0000000000000184,1.000000000000012,1.0000000000000064,1.686562319899171e-16,1.1102230246251565e-16,6.280369834735101e-16,2.4251039285873294e-17,1.0784488859380566e-16,6.278580472306976e-16,5.571305859983032e-17,4.577566798522237e-16,5.551115123125783e-17,0.0
strong_diagonal,5.0,5.0,horizontal,11,5.5,0.0,5.5,10.5,5.0,11.629703349613008,exact_distance_minus_5cm,10.5,5.0,1.0279561781232898,2.5579538487363607e-13,1.6342482922482304e-13,0.0,2.4158453015843406e-13,0.0,0.4444444444444465,0.6666666666666708,0.6666666666666655,1.0516455332618837,1.0564081918133779,1.5300856961874936,-1.0516455332618837,9.774717884861581e-17,4.440892098500626e-16,0.33333333333333337,1.3886963459942416,0.5764103848596405,1.0279561781232898
strong_diagonal,5.0,5.0,horizontal,11,5.5,0.0,5.5,10.5,5.0,11.629703349613008,exact_distance_plus_5cm,10.5,5.0,1.0279561781232898,2.5579538487363607e-13,1.6342482922482304e-13,0.0,2.4158453015843406e-13,0.0,1.7777777777777857,1.3333333333333417,1.333333333333331,1.0516455332618837,1.0564081918133779,1.5300856961874945,1.0516455332618837,1.9411566015772833e-16,9.992007221626409e-16,0.3333333333333334,1.3886963459942414,0.57641038485964,1.0279561781232898
strong_diagonal,5.0,5.0,horizontal,11,5.5,0.0,5.5,10.5,5.0,11.629703349613008,planar_no_correction,10.5,5.0,0.04040457788170342,0.9888211883236409,0.45888935383327834,0.9219162461486121,0.19509854924380932,0.0,0.9433793487384696,0.9803042386718466,0.9623332344421929,0.04857590983684586,0.04401877723442886,0.12833523118895143,-0.046991963557569495,0.011234950816722718,0.03813342783981538,0.0143081988142158,0.09748456373734778,0.007537107665036023,0.04040457788170342
strong_diagonal,5.0,5.0,horizontal,12,6.0,0.0,6.0,11.0,5.0,12.083045973594572,exact_true_distance,11.0,5.0,4.440892098500626e-16,1.7053025658242404e-13,1.1368683772161603e-13,0.0,1.7053025658242404e-13,0.0,0.9999999999999962,1.0000000000000009,0.9999999999999953,1.9121577097947184e-16,1.1102230246251565e-16,9.930136612989092e-16,5.577856985483769e-17,1.0265064071644802e-16,8.140983171338846e-16,5.777647258241688e-17,4.965068306494546e-16,2.220446049250313e-16,4.440892098500626e-16
strong_diagonal,5.0,5.0,horizontal,12,6.0,0.0,6.0,11.0,5.0,12.083045973594572,exact_distance_minus_5cm,11.0,5.0,1.0691956949107773,2.5579538487363607e-13,1.6342482922482304e-13,0.0,2.4158453015843406e-13,0.0,0.4444444444444465,0.6666666666666708,0.6666666666666655,1.0922048497535155,1.0944013281901774,1.5706962463281908,-1.0922048497535155,9.148112236668173e-17,5.551115123125783e-16,0.33333333333333337,1.428371034761118,0.6201878958733708,1.0691956949107773
strong_diagonal,5.0,5.0,horizontal,12,6.0,0.0,6.0,11.0,5.0,12.083045973594572,exact_distance_plus_5cm,11.0,5.0,1.0691956949107777,2.5579538487363607e-13,1.6342482922482304e-13,0.0,2.4158453015843406e-13,0.0,1.7777777777777857,1.3333333333333417,1.333333333333331,1.0922048497535155,1.0944013281901768,1.5706962463281917,1.0922048497535155,1.829292220378065e-16,1.2212453270876722e-15,0.33333333333333337,1.4283710347611183,0.6201878958733712,1.0691956949107777
strong_diagonal,5.0,5.0,horizontal,12,6.0,0.0,6.0,11.0,5.0,12.083045973594572,planar_no_correction,11.0,5.0,0.04547290548687393,1.0541088153409532,0.48057914496391874,0.9668811106866428,0.16947967168553646,0.0,0.9387019735533242,0.9786150592944313,0.9592147235401385,0.05396487955742463,0.04931460416110002,0.1385531090141083,-0.052328979973476075,0.012006014864865334,0.040029087342668156,0.015374909508039072,0.10588144486542524,0.009386685839351382,0.04547290548687393
strong_diagonal,5.0,5.0,horizontal,13,6.5,0.0,6.5,11.5,5.0,12.539936203984453,exact_true_distance,11.5,5.0,0.0,1.4210854715202004e-14,0.0,0.0,0.0,0.0,1.0000000000000018,1.0000000000000009,1.0000000000000009,2.037644895692551e-16,1.1102230246251565e-16,9.930136612989092e-16,5.931589015049892e-17,1.1687222028485588e-16,8.408745289930634e-16,6.083839812379792e-17,6.280369834735101e-16,0.0,0.0
strong_diagonal,5.0,5.0,horizontal,13,6.5,0.0,6.5,11.5,5.0,12.539936203984453,exact_distance_minus_5cm,11.5,5.0,1.1108998176043103,1.4210854715202004e-13,8.526512829121202e-14,0.0,1.1368683772161603e-13,0.0,0.4444444444444483,0.666666666666671,0.6666666666666682,1.1332787583165465,1.1349425212867401,1.6118610518959327,-1.1332787583165467,1.0021562534149892e-16,4.440892098500626e-16,0.33333333333333337,1.4708129889764696,0.6641223575130076,1.1108998176043103
strong_diagonal,5.0,5.0,horizontal,13,6.5,0.0,6.5,11.5,5.0,12.539936203984453,exact_distance_plus_5cm,11.5,5.0,1.1108998176043112,1.4210854715202004e-13,8.526512829121202e-14,0.0,1.1368683772161603e-13,0.0,1.777777777777793,1.333333333333342,1.3333333333333364,1.1332787583165467,1.1349425212867403,1.611861051895932,1.1332787583165467,1.993827800990642e-16,9.992007221626409e-16,0.33333333333333337,1.4708129889764692,0.6641223575130076,1.1108998176043112
strong_diagonal,5.0,5.0,horizontal,13,6.5,0.0,6.5,11.5,5.0,12.539936203984453,planar_no_correction,11.5,5.0,0.05100637911932136,1.120668060963709,0.5033860344601067,1.0119975894663185,0.14157617463570205,0.0,0.9338263545202101,0.9768588645185735,0.9559480785184139,0.05982248803993725,0.05462911885025757,0.14944081740483797,-0.058136757947725146,0.012806659438715923,0.04198044619402624,0.01649455741277997,0.11564886600977213,0.01152109910959069,0.05100637911932136
strong_diagonal,5.0,5.0,horizontal,14,7.0,0.0,7.0,12.0,5.0,13.0,exact_true_distance,12.0,5.0,2.220446049250313e-16,5.115907697472721e-13,1.9895196601282805e-13,3.410605131648481e-13,1.4210854715202004e-13,0.0,0.9999999999999907,1.0000000000000016,0.9999999999999891,2.255340425997875e-16,1.1102230246251565e-16,9.930136612989092e-16,8.888088506546625e-17,1.1273380325888894e-16,8.309701986921236e-16,6.247105194549825e-17,8.881784197001252e-16,0.0,2.220446049250313e-16
strong_diagonal,5.0,5.0,horizontal,14,7.0,0.0,7.0,12.0,5.0,13.0,exact_distance_minus_5cm,12.0,5.0,1.1530435826309575,4.973799150320701e-13,2.2737367544323206e-13,2.2737367544323206e-13,4.831690603168681e-13,0.0,0.44444444444444464,0.6666666666666713,0.6666666666666623,1.1748388573126427,1.1761605939217907,1.6535655484632914,-1.1748388573126425,9.754078700138477e-17,6.661338147750939e-16,0.3333333333333333,1.5125963088110865,0.7082094226365249,1.1530435826309575
strong_diagonal,5.0,5.0,horizontal,14,7.0,0.0,7.0,12.0,5.0,13.0,exact_distance_plus_5cm,12.0,5.0,1.1530435826309582,4.973799150320701e-13,2.2737367544323206e-13,2.2737367544323206e-13,4.831690603168681e-13,0.0,1.7777777777777786,1.3333333333333426,1.3333333333333246,1.174838857312643,1.17616059392179,1.6535655484632905,1.174838857312643,1.9480088109053534e-16,1.2212453270876722e-15,0.33333333333333337,1.512596308811087,0.7082094226365246,1.1530435826309582
strong_diagonal,5.0,5.0,horizontal,14,7.0,0.0,7.0,12.0,5.0,13.0,planar_no_correction,12.0,5.0,0.05702811596591438,1.1928053736228605,0.52515997342406,1.0572733017719997,0.11137845086531684,0.0,0.9287550611815962,0.9750348398769387,0.9525352563799838,0.06617219867349347,0.060660635708002154,0.1610248437639174,-0.06443846065220192,0.013637471935879868,0.04398833598569224,0.0176672343524166,0.1257714102644458,0.013961590164291356,0.05702811596591438
strong_diagonal,5.0,5.0,horizontal,15,7.5,0.0,7.5,12.5,5.0,13.46291201783626,exact_true_distance,12.5,5.0,2.220446049250313e-16,6.536993168992922e-13,3.197442310920451e-13,3.410605131648481e-13,6.394884621840902e-13,0.0,1.0000000000000073,1.0000000000000124,0.9999999999999949,2.2033019090171837e-16,1.1102230246251565e-16,9.930136612989092e-16,9.297709436096505e-17,1.165484861436926e-16,8.408745289930634e-16,5.855842400478783e-17,8.881784197001252e-16,5.551115123125783e-17,2.220446049250313e-16
strong_diagonal,5.0,5.0,horizontal,15,7.5,0.0,7.5,12.5,5.0,13.46291201783626,exact_distance_minus_5cm,12.5,5.0,1.1956063898074718,1.4210854715202004e-13,8.526512829121202e-14,0.0,1.1368683772161603e-13,0.0,0.4444444444444483,0.666666666666671,0.6666666666666682,1.2168613161219213,1.2172517795117928,1.6957973041197327,-1.2168613161219213,1.0153653316377752e-16,5.551115123125783e-16,0.33333333333333337,1.5567602213898382,0.7524474448631204,1.1956063898074718
strong_diagonal,5.0,5.0,horizontal,15,7.5,0.0,7.5,12.5,5.0,13.46291201783626,exact_distance_plus_5cm,12.5,5.0,1.1956063898074716,1.4210854715202004e-13,8.526512829121202e-14,0.0,1.1368683772161603e-13,0.0,1.777777777777793,1.333333333333342,1.3333333333333364,1.2168613161219213,1.2172517795117932,1.6957973041197332,1.2168613161219213,2.0204110709139988e-16,9.992007221626409e-16,0.33333333333333337,1.5567602213898402,0.7524474448631207,1.1956063898074716
strong_diagonal,5.0,5.0,horizontal,15,7.5,0.0,7.5,12.5,5.0,13.46291201783626,planar_no_correction,12.5,5.0,0.06356155026713446,1.2671685533664743,0.5468890599455207,1.102715968655275,0.0788765131974003,0.0,0.9234907633482194,0.9731422949400618,0.9489781382948721,0.07303779554731823,0.06732988285117861,0.17333211388931152,-0.07125759827991839,0.014498983957512488,0.046053533104872146,0.018893010248581987,0.13645678718906817,0.016729594305364304,0.06356155026713446
strong_diagonal,5.0,5.0,horizontal,16,8.0,0.0,8.0,13.0,5.0,13.92838827718412,exact_true_distance,13.0,5.0,2.220446049250313e-16,3.126388037344441e-13,2.2737367544323206e-13,0.0,3.126388037344441e-13,0.0,1.0000000000000129,1.000000000000012,1.0000000000000009,2.6550527170011527e-16,2.220446049250313e-16,9.930136612989092e-16,8.962303044379056e-17,1.211524395242849e-16,8.309701986921236e-16,6.945460045407977e-17,8.881784197001252e-16,0.0,2.220446049250313e-16
strong_diagonal,5.0,5.0,horizontal,16,8.0,0.0,8.0,13.0,5.0,13.92838827718412,exact_distance_minus_5cm,13.0,5.0,1.2385713669521823,2.5579538487363607e-13,1.6342482922482304e-13,0.0,2.4158453015843406e-13,0.0,0.4444444444444465,0.6666666666666708,0.6666666666666655,1.2593262479216092,1.259472922407697,1.7385458420214261,-1.2593262479216092,1.0331150304996437e-16,6.661338147750939e-16,0.33333333333333337,1.600997375592672,0.7968367665467831,1.2385713669521823
strong_diagonal,5.0,5.0,horizontal,16,8.0,0.0,8.0,13.0,5.0,13.92838827718412,exact_distance_plus_5cm,13.0,5.0,1.2385713669521814,2.5579538487363607e-13,1.6342482922482304e-13,0.0,2.4158453015843406e-13,0.0,1.7777777777777857,1.3333333333333417,1.333333333333331,1.2593262479216094,1.259472922407697,1.7385458420214268,1.2593262479216094,2.0537639934265333e-16,1.2212453270876722e-15,0.33333333333333337,1.600997375592673,0.7968367665467829,1.2385713669521814
strong_diagonal,5.0,5.0,horizontal,16,8.0,0.0,8.0,13.0,5.0,13.92838827718412,planar_no_correction,13.0,5.0,0.07063045318158012,1.343147795030319,0.5685674098151807,1.148333418427569,0.044059992270206294,0.0,0.9180362293305141,0.9711806533842089,0.9452785392001931,0.08044339561396464,0.07439748423294755,0.18639001921659143,-0.07861804278350826,0.015391678106638492,0.04817676527793055,0.020171938575745015,0.14827216872123836,0.01984675324068243,0.07063045318158012
strong_diagonal,5.0,5.0,horizontal,17,8.5,0.0,8.5,13.5,5.0,14.396180048887969,exact_true_distance,13.5,5.0,0.0,1.7053025658242404e-13,1.1368683772161603e-13,0.0,1.4210854715202004e-13,0.0,1.0000000000000073,1.0000000000000064,1.0000000000000009,2.3158594312680134e-16,1.1102230246251565e-16,9.930136612989092e-16,1.197119025143697e-16,1.2070886339018863e-16,8.408745289930634e-16,5.802222629573658e-17,8.881784197001252e-16,0.0,0.0
strong_diagonal,5.0,5.0,horizontal,17,8.5,0.0,8.5,13.5,5.0,14.396180048887969,exact_distance_minus_5cm,13.5,5.0,1.2819248413503888,4.973799150320701e-13,2.3447910280083306e-13,2.4158453015843406e-13,4.831690603168681e-13,0.0,0.44444444444444087,0.6666666666666685,0.6666666666666595,1.3022171824933764,1.3019783926033837,1.7818024807652963,-1.3022171824933766,1.058625062817399e-16,7.771561172376096e-16,0.33333333333333337,1.6443326475572742,0.8413792279234351,1.2819248413503888
strong_diagonal,5.0,5.0,horizontal,17,8.5,0.0,8.5,13.5,5.0,14.396180048887969,exact_distance_plus_5cm,13.5,5.0,1.2819248413503888,4.973799150320701e-13,2.3447910280083306e-13,2.4158453015843406e-13,4.831690603168681e-13,0.0,1.7777777777777635,1.333333333333337,1.333333333333319,1.3022171824933766,1.3019783926033839,1.7818024807652968,1.3022171824933766,2.1269918208241028e-16,1.3322676295501878e-15,0.33333333333333337,1.6443326475572753,0.8413792279234356,1.2819248413503888
strong_diagonal,5.0,5.0,horizontal,17,8.5,0.0,8.5,13.5,5.0,14.396180048887969,planar_no_correction,13.5,5.0,0.0782589520435406,1.4207593301492523,0.5901888374180757,1.1941335923058318,0.006918134301628243,0.0,0.912394324105488,0.9691494412576984,0.9414382191888205,0.08841346382386348,0.0819741552328529,0.20022644434638065,-0.08654404347345772,0.01631599420252512,0.05035871746190894,0.02150406116725576,0.16096843433993038,0.023334929253126635,0.0782589520435406
strong_diagonal,5.0,5.0,horizontal,18,9.0,0.0,9.0,14.0,5.0,14.866068747318506,exact_true_distance,14.0,5.0,4.965068306494546e-16,1.4779288903810084e-12,7.602807272633072e-13,6.252776074688882e-13,7.958078640513122e-13,0.0,0.9999999999999962,1.0000000000000184,0.9999999999999778,2.880295754678537e-16,2.220446049250313e-16,9.930136612989092e-16,2.7687343171215993e-17,1.2214643108059947e-16,8.309701986921236e-16,6.948698737295019e-17,8.95090418262362e-16,0.0,4.965068306494546e-16
strong_diagonal,5.0,5.0,horizontal,18,9.0,0.0,9.0,14.0,5.0,14.866068747318506,exact_distance_minus_5cm,14.0,5.0,1.3256558991835525,1.2221335055073723e-12,6.536993168992922e-13,4.547473508864641e-13,7.105427357601002e-13,0.0,0.44444444444443537,0.6666666666666713,0.6666666666666484,1.3455206217836724,1.345140056276342,1.8255601911505854,-1.3455206217836724,1.0366649702720174e-16,6.661338147750939e-16,0.33333333333333337,1.6881166029335326,0.8860778219696788,1.3256558991835525
strong_diagonal,5.0,5.0,horizontal,18,9.0,0.0,9.0,14.0,5.0,14.866068747318506,exact_distance_plus_5cm,14.0,5.0,1.3256558991835532,1.2221335055073723e-12,6.536993168992922e-13,4.547473508864641e-13,7.105427357601002e-13,0.0,1.7777777777777413,1.3333333333333426,1.3333333333332968,1.3455206217836724,1.345140056276343,1.8255601911505834,1.3455206217836724,2.055497684943274e-16,1.2212453270876722e-15,0.33333333333333337,1.6881166029335335,0.8860778219696791,1.3256558991835532
strong_diagonal,5.0,5.0,horizontal,18,9.0,0.0,9.0,14.0,5.0,14.866068747318506,planar_no_correction,14.0,5.0,0.08647154934324507,1.5000199656431903,0.6141479485386867,1.2401245502106235,0.032560201145599876,0.0,0.9065680074197183,0.9670482750331848,0.9374588950987053,0.09697283046404137,0.09010265086425415,0.21486979482653773,-0.09506024340125861,0.017272334892051436,0.052600037134625396,0.022889412325604784,0.17373378451147425,0.02721621973432438,0.08647154934324507
strong_diagonal,5.0,5.0,horizontal,19,9.5,0.0,9.5,14.5,5.0,15.337861650177967,exact_true_distance,14.5,5.0,0.0,3.126388037344441e-13,2.2026824808563106e-13,0.0,3.126388037344441e-13,0.0,0.9999999999999907,1.0000000000000009,0.9999999999999898,2.3130127558973885e-16,1.1102230246251565e-16,9.930136612989092e-16,1.4145909287196446e-16,1.1771727916518027e-16,8.408745289930634e-16,5.3872644940032506e-17,8.95090418262362e-16,0.0,0.0
strong_diagonal,5.0,5.0,horizontal,19,9.5,0.0,9.5,14.5,5.0,15.337861650177967,exact_distance_minus_5cm,14.5,5.0,1.3697560174483656,4.973799150320701e-13,2.3447910280083306e-13,2.4158453015843406e-13,4.831690603168681e-13,0.0,0.44444444444444087,0.6666666666666685,0.6666666666666595,1.3892256642432137,1.3887644181422751,1.8698134679275047,-1.3892256642432137,1.049213594583664e-16,7.771561172376096e-16,0.3333333333333333,1.7323616999928755,0.930936447516026,1.3697560174483656
strong_diagonal,5.0,5.0,horizontal,19,9.5,0.0,9.5,14.5,5.0,15.337861650177967,exact_distance_plus_5cm,14.5,5.0,1.3697560174483665,4.973799150320701e-13,2.3447910280083306e-13,2.4158453015843406e-13,4.831690603168681e-13,0.0,1.7777777777777635,1.333333333333337,1.333333333333319,1.389225664243214,1.3887644181422742,1.869813467927505,1.389225664243214,2.093226114617106e-16,1.3322676295501878e-15,0.33333333333333337,1.7323616999928761,0.9309364475160262,1.3697560174483665
strong_diagonal,5.0,5.0,horizontal,19,9.5,0.0,9.5,14.5,5.0,15.337861650177967,planar_no_correction,14.5,5.0,0.09529314168919163,1.5854355331373426,0.6359707900442686,1.286314476733594,0.07438654340199946,0.0,0.9005603318298842,0.9648768503035529,0.9333422514454207,0.1061467101328634,0.09921886122056128,0.2303490252126371,-0.10419169649238166,0.01826107066904525,0.05490133903549983,0.02432802224840417,0.18781517635538333,0.03151297208358098,0.09529314168919163
strong_diagonal,5.0,5.0,horizontal,20,10.0,0.0,10.0,15.0,5.0,15.811388300841896,exact_true_distance,15.0,5.0,9.155133597044475e-16,9.521272659185342e-13,6.750155989720952e-13,0.0,9.521272659185342e-13,0.0,0.9999999999999463,0.9999999999999898,0.9999999999999565,2.9707928391200567e-16,2.220446049250313e-16,9.930136612989092e-16,5.753974945680516e-17,1.244492324498124e-16,8.309701986921236e-16,6.850857952486961e-17,9.155133597044475e-16,4.440892098500626e-16,9.155133597044475e-16
strong_diagonal,5.0,5.0,horizontal,20,10.0,0.0,10.0,15.0,5.0,15.811388300841896,exact_distance_minus_5cm,15.0,5.0,1.4142187557189039,4.831690603168681e-13,3.268496584496461e-13,0.0,4.689582056016661e-13,0.0,0.444444444444428,0.6666666666666599,0.6666666666666488,1.4333236865586931,1.4326135113065541,1.9145582151980693,-1.4333236865586931,1.0593680734674307e-16,6.661338147750939e-16,0.33333333333333337,1.7791796530982646,0.975959730015418,1.4142187557189039
strong_diagonal,5.0,5.0,horizontal,20,10.0,0.0,10.0,15.0,5.0,15.811388300841896,exact_distance_plus_5cm,15.0,5.0,1.414218755718905,4.831690603168681e-13,3.268496584496461e-13,0.0,4.689582056016661e-13,0.0,1.7777777777777117,1.3333333333333197,1.3333333333332975,1.4333236865586934,1.432613511306555,1.914558215198069,1.4333236865586931,2.077540334227548e-16,1.2212453270876722e-15,0.33333333333333337,1.7791796530982638,0.9759597300154187,1.414218755718905
strong_diagonal,5.0,5.0,horizontal,20,10.0,0.0,10.0,15.0,5.0,15.811388300841896,planar_no_correction,15.0,5.0,0.1047490389545807,1.6728704423076692,0.6577437191537285,1.332711687287997,0.1185728129096617,0.0,0.8943744406824797,0.9626349315282646,0.9290899502915237,0.11596072194606356,0.10871475459322884,0.24669366746597246,-0.11396388541952525,0.01928254433168648,0.05726320940835064,0.02581991981825433,0.20283592877347287,0.03624779898042903,0.1047490389545807
strong_diagonal,5.0,5.0,vertical,0,0.0,0.0,0.0,5.0,5.0,7.0710678118654755,exact_true_distance,5.0,5.0,3.1401849173675503e-16,1.0516032489249483e-12,4.689582056016661e-13,9.521272659185342e-13,1.4210854715202004e-13,0.0,0.9999999999999907,1.0000000000000053,0.9999999999999853,1.4653411899992717e-16,1.1102230246251565e-16,4.965068306494546e-16,5.958607206176701e-18,7.078907771208141e-17,3.481226313423064e-16,7.512522924000489e-17,4.440892098500626e-16,0.0,3.1401849173675503e-16
strong_diagonal,5.0,5.0,vertical,0,0.0,0.0,0.0,5.0,5.0,7.0710678118654755,exact_distance_minus_5cm,5.0,5.0,0.6198209475901588,6.821210263296962e-13,2.4868995751603507e-13,4.831690603168681e-13,1.1368683772161603e-13,0.0,0.44444444444444464,0.6666666666666718,0.6666666666666617,0.655480341701698,0.6754581829283527,1.1269488758738835,-0.655480341701698,5.8990917775573e-17,3.885780586188048e-16,0.33333333333333337,0.9761236811399419,0.12343534874250395,0.6198209475901588
strong_diagonal,5.0,5.0,vertical,0,0.0,0.0,0.0,5.0,5.0,7.0710678118654755,exact_distance_plus_5cm,5.0,5.0,0.6198209475901584,6.821210263296962e-13,2.4868995751603507e-13,4.831690603168681e-13,1.1368683772161603e-13,0.0,1.7777777777777786,1.3333333333333437,1.3333333333333235,0.655480341701698,0.6754581829283527,1.1269488758738828,0.655480341701698,1.1558769012326604e-16,7.216449660063518e-16,0.3333333333333333,0.9761236811399413,0.12343534874250384,0.6198209475901584
strong_diagonal,5.0,5.0,vertical,0,0.0,0.0,0.0,5.0,5.0,7.0710678118654755,planar_no_correction,5.0,5.0,0.008986826306138094,0.4615614737453768,0.2179688806748743,0.4352165628577609,0.32849528786866244,0.0,0.9811166290530706,0.9947379909920465,0.9863065831783591,0.013850996155138013,0.011967128718248373,0.052937360468695425,-0.013046858628591122,0.004459919421670212,0.020638879025215568,0.006004444141578105,0.03488910872399468,7.158927813007946e-05,0.008986826306138094
strong_diagonal,5.0,5.0,vertical,1,0.0,0.5,0.5,5.0,5.5,7.433034373659253,exact_true_distance,5.0,5.5,3.1401849173675503e-16,1.7053025658242404e-13,1.1368683772161603e-13,0.0,1.4210854715202004e-13,0.0,1.0000000000000073,1.0000000000000064,1.0000000000000009,1.3987257260935636e-16,1.1102230246251565e-16,9.155133597044475e-16,1.7217696804600085e-17,6.955887895677163e-17,6.206713429497909e-16,6.926768888358299e-17,4.440892098500626e-16,0.0,3.1401849173675503e-16
strong_diagonal,5.0,5.0,vertical,1,0.0,0.5,0.5,5.0,5.5,7.433034373659253,exact_distance_minus_5cm,5.0,5.5,0.6518591526611012,1.4210854715202004e-13,8.526512829121202e-14,0.0,1.1368683772161603e-13,0.0,0.4444444444444483,0.666666666666671,0.6666666666666682,0.6859840979775398,0.705079016191876,1.1596515256917674,-0.6859840979775398,6.662328828617648e-17,4.440892098500626e-16,0.33333333333333337,1.0095695010376227,0.15736825437682442,0.6518591526611012
strong_diagonal,5.0,5.0,vertical,1,0.0,0.5,0.5,5.0,5.5,7.433034373659253,exact_distance_plus_5cm,5.0,5.5,0.6518591526611006,1.4210854715202004e-13,8.526512829121202e-14,0.0,1.1368683772161603e-13,0.0,1.777777777777793,1.333333333333342,1.3333333333333364,0.6859840979775398,0.705079016191876,1.1596515256917674,0.6859840979775398,1.3319704252901752e-16,7.771561172376096e-16,0.3333333333333333,1.0095695010376227,0.1573682543768243,0.6518591526611006
strong_diagonal,5.0,5.0,vertical,1,0.0,0.5,0.5,5.0,5.5,7.433034373659253,planar_no_correction,5.0,5.5,0.010499297892509245,0.5248438128785011,0.23984230850899735,0.4782250248820219,0.39658392500464856,0.0,0.9795444361212693,0.9946649911000736,0.9847983440514163,0.015585637584701445,0.013503973174691907,0.05775177719356226,-0.014644746918510117,0.005156027246480388,0.02280689089869922,0.006524872393439325,0.03850445457496378,0.00015191899367293023,0.010499297892509245
strong_diagonal,5.0,5.0,vertical,2,0.0,1.0,1.0,5.0,6.0,7.810249675906654,exact_true_distance,5.0,6.0,2.220446049250313e-16,3.979039320256561e-13,1.5631940186722204e-13,3.126388037344441e-13,0.0,0.0,0.9999999999999962,1.000000000000002,0.9999999999999942,1.7133528521430748e-16,2.220446049250313e-16,9.155133597044475e-16,2.4851162265582845e-17,8.203848426503182e-17,6.027983945225152e-16,8.025837807904321e-17,4.577566798522237e-16,0.0,2.220446049250313e-16
strong_diagonal,5.0,5.0,vertical,2,0.0,1.0,1.0,5.0,6.0,7.810249675906654,exact_distance_minus_5cm,5.0,6.0,0.6853050859324562,1.4210854715202004e-14,0.0,0.0,0.0,0.0,0.4444444444444502,0.666666666666671,0.666666666666671,0.7180149487220922,0.7356484799641249,1.1932809553366215,-0.7180149487220922,6.956230819074635e-17,4.440892098500626e-16,0.33333333333333337,1.0433499351261364,0.1952249329489127,0.6853050859324562
strong_diagonal,5.0,5.0,vertical,2,0.0,1.0,1.0,5.0,6.0,7.810249675906654,exact_distance_plus_5cm,5.0,6.0,0.6853050859324562,1.4210854715202004e-14,0.0,0.0,0.0,0.0,1.7777777777778005,1.333333333333342,1.333333333333342,0.7180149487220922,0.7356484799641253,1.1932809553366215,0.7180149487220922,1.3677174932305896e-16,7.771561172376096e-16,0.3333333333333333,1.0433499351261375,0.19522493294891244,0.6853050859324562
strong_diagonal,5.0,5.0,vertical,2,0.0,1.0,1.0,5.0,6.0,7.810249675906654,planar_no_correction,5.0,6.0,0.012251505051267942,0.5939845232788628,0.26143058756520077,0.5210872850424835,0.4691279934921937,0.0,0.9778244374441074,0.9946066581363421,0.9831267762437058,0.017568541107576698,0.015316810077881122,0.06299738409143066,-0.016479687209402547,0.0059137454151349435,0.025098593269568592,0.007098675370951882,0.042896995934917866,0.00029376348513463163,0.012251505051267942
strong_diagonal,5.0,5.0,vertical,3,0.0,1.5,1.5,5.0,6.5,8.200609733428363,exact_true_distance,5.0,6.5,2.220446049250313e-16,3.979039320256561e-13,1.5631940186722204e-13,3.126388037344441e-13,0.0,0.0,0.9999999999999962,1.000000000000002,0.9999999999999942,1.578019836577548e-16,1.1102230246251565e-16,9.155133597044475e-16,2.7724718993957806e-17,7.568397433033032e-17,6.206713429497909e-16,6.881414920791802e-17,4.965068306494546e-16,1.1102230246251565e-16,2.220446049250313e-16
strong_diagonal,5.0,5.0,vertical,3,0.0,1.5,1.5,5.0,6.5,8.200609733428363,exact_distance_minus_5cm,5.0,6.5,0.7199817981353421,2.5579538487363607e-13,1.6342482922482304e-13,0.0,2.4158453015843406e-13,0.0,0.4444444444444465,0.6666666666666708,0.6666666666666655,0.7513779231764576,0.7678264667602034,1.2277815158164809,-0.7513779231764576,7.270771994254724e-17,4.440892098500626e-16,0.3333333333333333,1.0791096938135807,0.2351349628787563,0.7199817981353421
strong_diagonal,5.0,5.0,vertical,3,0.0,1.5,1.5,5.0,6.5,8.200609733428363,exact_distance_plus_5cm,5.0,6.5,0.7199817981353417,2.5579538487363607e-13,1.6342482922482304e-13,0.0,2.4158453015843406e-13,0.0,1.7777777777777857,1.3333333333333417,1.333333333333331,0.7513779231764578,0.767826466760204,1.2277815158164813,0.7513779231764576,1.4392941858503108e-16,7.771561172376096e-16,0.3333333333333333,1.0791096938135807,0.2351349628787561,0.7199817981353417
strong_diagonal,5.0,5.0,vertical,3,0.0,1.5,1.5,5.0,6.5,8.200609733428363,planar_no_correction,5.0,6.5,0.01426128573116076,0.667183202275595,0.2833115482423807,0.5637902451206287,0.5461378612432668,0.0,0.9759571569419074,0.9945595006630916,0.9812958966167619,0.019818537601212112,0.01739049258149777,0.06869346637711056,-0.018571230596966484,0.006734881844188473,0.0275143523918285,0.007726057031968769,0.04704745116052404,0.0005161211193726759,0.01426128573116076
strong_diagonal,5.0,5.0,vertical,4,0.0,2.0,2.0,5.0,7.0,8.602325267042627,exact_true_distance,5.0,7.0,3.1401849173675503e-16,1.4210854715202004e-14,0.0,0.0,0.0,0.0,1.0000000000000018,1.0000000000000009,1.0000000000000009,1.884760594542581e-16,2.220446049250313e-16,9.155133597044475e-16,2.9956699630810564e-17,8.800088517312946e-17,6.027983945225152e-16,8.078919336231388e-17,4.965068306494546e-16,1.1102230246251565e-16,3.1401849173675503e-16
strong_diagonal,5.0,5.0,vertical,4,0.0,2.0,2.0,5.0,7.0,8.602325267042627,exact_distance_minus_5cm,5.0,7.0,0.7557398813418901,2.5579538487363607e-13,1.6342482922482304e-13,0.0,2.4158453015843406e-13,0.0,0.4444444444444465,0.6666666666666708,0.6666666666666655,0.7859129038869938,0.8012748772093599,1.2631029608263025,-0.7859129038869938,7.442490011150941e-17,4.440892098500626e-16,0.33333333333333337,1.1147287749562251,0.2762286845013597,0.7557398813418901
strong_diagonal,5.0,5.0,vertical,4,0.0,2.0,2.0,5.0,7.0,8.602325267042627,exact_distance_plus_5cm,5.0,7.0,0.7557398813418899,2.5579538487363607e-13,1.6342482922482304e-13,0.0,2.4158453015843406e-13,0.0,1.7777777777777857,1.3333333333333417,1.333333333333331,0.7859129038869938,0.8012748772093604,1.2631029608263027,0.7859129038869938,1.445568498006134e-16,7.771561172376096e-16,0.3333333333333333,1.114728774956226,0.2762286845013598,0.7557398813418899
strong_diagonal,5.0,5.0,vertical,4,0.0,2.0,2.0,5.0,7.0,8.602325267042627,planar_no_correction,5.0,7.0,0.016547108192762543,0.7458598375872469,0.30466024544205794,0.6063208569916014,0.6276244078940749,0.0,0.9739431633977906,0.9945208675527435,0.9793089267140375,0.022354785185468413,0.019681365231697508,0.07485984691078063,-0.02093938324886496,0.007620803712502653,0.03005443471193465,0.008407026076340576,0.0521307221182179,0.0008386949536840413,0.016547108192762543
strong_diagonal,5.0,5.0,vertical,5,0.0,2.5,2.5,5.0,7.5,9.013878188659973,exact_true_distance,5.0,7.5,2.220446049250313e-16,6.679101716144942e-13,3.126388037344441e-13,6.394884621840902e-13,4.831690603168681e-13,0.0,1.0000000000000073,1.0000000000000098,0.9999999999999976,1.8056867452770923e-16,2.220446049250313e-16,9.155133597044475e-16,4.647141858254674e-17,8.331726523378481e-17,6.206713429497909e-16,7.225798661870796e-17,4.965068306494546e-16,0.0,2.220446049250313e-16
strong_diagonal,5.0,5.0,vertical,5,0.0,2.5,2.5,5.0,7.5,9.013878188659973,exact_distance_minus_5cm,5.0,7.5,0.7924536740192902,4.831690603168681e-13,2.2737367544323206e-13,4.831690603168681e-13,2.2737367544323206e-13,0.0,0.4444444444444502,0.6666666666666737,0.6666666666666682,0.8214872037519407,0.8341194959186801,1.2992000860023312,-0.8214872037519407,7.882517429447497e-17,4.440892098500626e-16,0.3333333333333333,1.1503237332920655,0.318067805654523,0.7924536740192902
strong_diagonal,5.0,5.0,vertical,5,0.0,2.5,2.5,5.0,7.5,9.013878188659973,exact_distance_plus_5cm,5.0,7.5,0.79245367401929,4.831690603168681e-13,2.2737367544323206e-13,4.831690603168681e-13,2.2737367544323206e-13,0.0,1.7777777777778005,1.3333333333333475,1.3333333333333364,0.821487203751941,0.8341194959186803,1.2992000860023318,0.821487203751941,1.5603223650665867e-16,7.771561172376096e-16,0.33333333333333337,1.1503237332920655,0.3180678056545233,0.79245367401929
strong_diagonal,5.0,5.0,vertical,5,0.0,2.5,2.5,5.0,7.5,9.013878188659973,planar_no_correction,5.0,7.5,0.01912804555027885,0.8298300479012539,0.32650273250229134,0.6486661267130103,0.7135990030223525,0.0,0.9717830702845476,0.9944887758135562,0.9771684647617729,0.025196738056894926,0.02216019600567369,0.08151690538219444,-0.023604534616012116,0.008572534733206428,0.03271903487179107,0.009141457987560001,0.057361997273629776,0.0012814725093199554,0.01912804555027885
strong_diagonal,5.0,5.0,vertical,6,0.0,3.0,3.0,5.0,8.0,9.433981132056603,exact_true_distance,5.0,8.0,2.220446049250313e-16,6.536993168992922e-13,3.268496584496461e-13,6.394884621840902e-13,3.126388037344441e-13,0.0,1.0000000000000018,1.0000000000000064,0.9999999999999953,2.0896106719205718e-16,2.220446049250313e-16,9.155133597044475e-16,5.758213657288932e-17,9.282414722149453e-17,6.027983945225152e-16,8.131260434914517e-17,4.965068306494546e-16,0.0,2.220446049250313e-16
strong_diagonal,5.0,5.0,vertical,6,0.0,3.0,3.0,5.0,8.0,9.433981132056603,exact_distance_minus_5cm,5.0,8.0,0.8300177322757263,5.968558980384842e-13,2.4158453015843406e-13,4.831690603168681e-13,0.0,0.0,0.4444444444444465,0.6666666666666722,0.6666666666666642,0.857990075500654,0.8693143311959388,1.336032362766237,-0.8579900755006538,8.230081300184552e-17,5.551115123125783e-16,0.33333333333333337,1.1886540252643896,0.3604139331570203,0.8300177322757263
strong_diagonal,5.0,5.0,vertical,6,0.0,3.0,3.0,5.0,8.0,9.433981132056603,exact_distance_plus_5cm,5.0,8.0,0.8300177322757255,5.968558980384842e-13,2.4158453015843406e-13,4.831690603168681e-13,0.0,0.0,1.7777777777777857,1.3333333333333444,1.3333333333333284,0.857990075500654,0.8693143311959397,1.3360323627662383,0.857990075500654,1.6110122027465277e-16,9.992007221626409e-16,0.33333333333333337,1.1886540252643905,0.3604139331570202,0.8300177322757255
strong_diagonal,5.0,5.0,vertical,6,0.0,3.0,3.0,5.0,8.0,9.433981132056603,planar_no_correction,5.0,8.0,0.022023731137895488,0.9170346582157549,0.348404094638731,0.6908131185887783,0.8040734828270502,0.0,0.9694775355777034,0.9944617453286115,0.9748766507427069,0.02836414295815291,0.024987953889187012,0.088685588112314,-0.026587412383932026,0.00959083441455861,0.03550829751236541,0.009929146403736303,0.0633761905825287,0.0018645947205953688,0.022023731137895488
strong_diagonal,5.0,5.0,vertical,7,0.0,3.5,3.5,5.0,8.5,9.86154146165801,exact_true_distance,5.0,8.5,2.220446049250313e-16,1.3500311979441904e-12,6.394884621840902e-13,1.2789769243681803e-12,9.521272659185342e-13,0.0,1.0000000000000129,1.0000000000000189,0.999999999999994,1.8546371411928554e-16,2.220446049250313e-16,9.155133597044475e-16,5.267955546351685e-17,8.378627312210628e-17,6.206713429497909e-16,6.928505980369777e-17,4.965068306494546e-16,0.0,2.220446049250313e-16
strong_diagonal,5.0,5.0,vertical,7,0.0,3.5,3.5,5.0,8.5,9.86154146165801,exact_distance_minus_5cm,5.0,8.5,0.8683436919327185,1.0089706847793423e-12,4.760636329592671e-13,9.521272659185342e-13,7.105427357601002e-13,0.0,0.44444444444445386,0.66666666666668,0.6666666666666675,0.8953285981724313,0.9037385174739769,1.3735635779015043,-0.8953285981724313,7.99727129650795e-17,4.440892098500626e-16,0.3333333333333333,1.2263153277388474,0.40312917035649476,0.8683436919327185
strong_diagonal,5.0,5.0,vertical,7,0.0,3.5,3.5,5.0,8.5,9.86154146165801,exact_distance_plus_5cm,5.0,8.5,0.8683436919327185,1.0089706847793423e-12,4.760636329592671e-13,9.521272659185342e-13,7.105427357601002e-13,0.0,1.7777777777778154,1.33333333333336,1.333333333333335,0.8953285981724314,0.903738517473977,1.373563577901505,0.8953285981724314,1.5995368160404824e-16,7.771561172376096e-16,0.33333333333333337,1.2263153277388483,0.40312917035649487,0.8683436919327185
strong_diagonal,5.0,5.0,vertical,7,0.0,3.5,3.5,5.0,8.5,9.86154146165801,planar_no_correction,5.0,8.5,0.025254310600462314,1.0089797748611602,0.3691323231783059,0.7327489592076972,0.8990601252133956,0.0,0.9670272615551626,0.9944386662077436,0.9724352988434033,0.03187705080102313,0.028144380876015535,0.09638741180536697,-0.029909055925448513,0.010676261707216944,0.038422334097334546,0.01076984389657533,0.06982628452919885,0.0026083199261462335,0.025254310600462314
strong_diagonal,5.0,5.0,vertical,8,0.0,4.0,4.0,5.0,9.0,10.295630140987,exact_true_distance,5.0,9.0,2.220446049250313e-16,6.536993168992922e-13,3.268496584496461e-13,6.394884621840902e-13,3.126388037344441e-13,0.0,1.0000000000000018,1.0000000000000064,0.9999999999999953,2.237687773954125e-16,2.220446049250313e-16,1.3322676295501878e-15,5.914865537592653e-17,9.502327896895402e-17,6.027983945225152e-16,8.07224895619589e-17,4.965068306494546e-16,2.220446049250313e-16,2.220446049250313e-16
strong_diagonal,5.0,5.0,vertical,8,0.0,4.0,4.0,5.0,9.0,10.295630140987,exact_distance_minus_5cm,5.0,9.0,0.9073575546690205,5.968558980384842e-13,2.4158453015843406e-13,4.831690603168681e-13,0.0,0.0,0.4444444444444465,0.6666666666666722,0.6666666666666642,0.9334245197999987,0.9391425041245671,1.411761486509872,-0.9334245197999987,8.674236555425728e-17,5.551115123125783e-16,0.3333333333333333,1.266010275689199,0.4461299595862853,0.9073575546690205
strong_diagonal,5.0,5.0,vertical,8,0.0,4.0,4.0,5.0,9.0,10.295630140987,exact_distance_plus_5cm,5.0,9.0,0.9073575546690198,5.968558980384842e-13,2.4158453015843406e-13,4.831690603168681e-13,0.0,0.0,1.7777777777777857,1.3333333333333444,1.3333333333333284,0.9334245197999991,0.9391425041245677,1.4117614865098722,0.9334245197999989,1.7028152963948899e-16,9.992007221626409e-16,0.33333333333333337,1.2660102756891998,0.44612995958628493,0.9073575546690198
strong_diagonal,5.0,5.0,vertical,8,0.0,4.0,4.0,5.0,9.0,10.295630140987,planar_no_correction,5.0,9.0,0.028840398648915404,1.107660242832793,0.39088535437874583,0.7744608414684535,0.99857162324831,0.0,0.9644329945832582,0.9944186994524636,0.969845996574968,0.035755835113520276,0.031726503177830774,0.10464446385401154,-0.03359080262361452,0.011829225411824249,0.041461235779566355,0.011663292647922747,0.07646723359035253,0.0035330185801053958,0.028840398648915404
strong_diagonal,5.0,5.0,vertical,9,0.0,4.5,4.5,5.0,9.5,10.735455276791944,exact_true_distance,5.0,9.5,2.220446049250313e-16,7.673861546209082e-13,3.126388037344441e-13,6.394884621840902e-13,6.252776074688882e-13,0.0,1.0000000000000129,1.0000000000000142,0.9999999999999987,1.945857878528592e-16,1.1102230246251565e-16,9.155133597044475e-16,5.855480621303984e-17,8.470774786977176e-17,6.206713429497909e-16,6.7589321474084e-17,4.965068306494546e-16,2.220446049250313e-16,2.220446049250313e-16
strong_diagonal,5.0,5.0,vertical,9,0.0,4.5,4.5,5.0,9.5,10.735455276791944,exact_distance_minus_5cm,5.0,9.5,0.9469973822320362,1.4210854715202004e-14,0.0,0.0,0.0,0.0,0.4444444444444502,0.666666666666671,0.666666666666671,0.9722117798527021,0.9791248217316557,1.4505974832988764,-0.9722117798527021,8.151652398236761e-17,4.440892098500626e-16,0.3333333333333333,1.306379059964988,0.4893639993171663,0.9469973822320362
strong_diagonal,5.0,5.0,vertical,9,0.0,4.5,4.5,5.0,9.5,10.735455276791944,exact_distance_plus_5cm,5.0,9.5,0.9469973822320367,1.4210854715202004e-14,0.0,0.0,0.0,0.0,1.7777777777778005,1.333333333333342,1.333333333333342,0.9722117798527022,0.9791248217316563,1.4505974832988768,0.9722117798527022,1.641723309614505e-16,7.771561172376096e-16,0.33333333333333337,1.3063790599649867,0.48936399931716573,0.9469973822320367
strong_diagonal,5.0,5.0,vertical,9,0.0,4.5,4.5,5.0,9.5,10.735455276791944,planar_no_correction,5.0,9.5,0.032803043665525736,1.210041635823913,0.4126940796416818,0.8159360285609409,1.1026210569109622,0.0,0.9616955248895573,0.9944012046769264,0.9671101768244591,0.04002121205538327,0.035610237741505665,0.11347940113383409,-0.03765428314480984,0.01305002358760586,0.04462508315212001,0.012609246064246607,0.08428944319826971,0.004659178756437446,0.032803043665525736
strong_diagonal,5.0,5.0,vertical,10,0.0,5.0,5.0,5.0,10.0,11.180339887498949,exact_true_distance,5.0,10.0,2.220446049250313e-16,7.673861546209082e-13,3.197442310920451e-13,6.394884621840902e-13,0.0,0.0,0.9999999999999907,1.000000000000003,0.9999999999999876,2.4402565919217403e-16,2.220446049250313e-16,1.3322676295501878e-15,6.662442405035832e-17,9.799162594595976e-17,6.027983945225152e-16,8.151893375310953e-17,4.965068306494546e-16,2.220446049250313e-16,2.220446049250313e-16
strong_diagonal,5.0,5.0,vertical,10,0.0,5.0,5.0,5.0,10.0,11.180339887498949,exact_distance_minus_5cm,5.0,10.0,0.9872113594057395,4.831690603168681e-13,3.339550858072471e-13,0.0,4.831690603168681e-13,0.0,0.44444444444444275,0.666666666666671,0.6666666666666599,1.011634530310928,1.015356411174965,1.490046295120418,-1.011634530310928,8.983824326272273e-17,5.551115123125783e-16,0.33333333333333337,1.3452561489465078,0.5327979289604166,0.9872113594057395
strong_diagonal,5.0,5.0,vertical,10,0.0,5.0,5.0,5.0,10.0,11.180339887498949,exact_distance_plus_5cm,5.0,10.0,0.9872113594057397,4.831690603168681e-13,3.339550858072471e-13,0.0,4.831690603168681e-13,0.0,1.777777777777771,1.333333333333342,1.3333333333333197,1.011634530310928,1.0153564111749651,1.4900462951204188,1.011634530310928,1.7584585384083755e-16,9.992007221626409e-16,0.33333333333333337,1.3452561489465078,0.532797928960417,0.9872113594057397
strong_diagonal,5.0,5.0,vertical,10,0.0,5.0,5.0,5.0,10.0,11.180339887498949,planar_no_correction,5.0,10.0,0.03716370081190028,1.3161133358614308,0.44844446624696843,0.8571618579392748,1.2112218631195617,0.0,0.958815686321983,0.9943856880396039,0.9642291696818909,0.04469425905149401,0.04008100014866389,0.12291544866735646,-0.04212142292791979,0.014338873992929059,0.04791395356609332,0.013607482742056509,0.091967322140696,0.006007415858126065,0.03716370081190028
strong_diagonal,5.0,5.0,vertical,11,0.0,5.5,5.5,5.0,10.5,11.629703349613008,exact_true_distance,5.0,10.5,2.220446049250313e-16,3.126388037344441e-13,2.2026824808563106e-13,0.0,3.126388037344441e-13,0.0,1.0000000000000129,1.000000000000012,1.0000000000000009,2.1833027210533786e-16,1.1102230246251565e-16,9.155133597044475e-16,9.096165696703444e-17,8.892840721682722e-17,6.206713429497909e-16,6.981809666138555e-17,8.881784197001252e-16,0.0,2.220446049250313e-16
strong_diagonal,5.0,5.0,vertical,11,0.0,5.5,5.5,5.0,10.5,11.629703349613008,exact_distance_minus_5cm,5.0,10.5,1.0279561781232898,5.968558980384842e-13,2.3447910280083306e-13,4.547473508864641e-13,0.0,0.0,0.44444444444445386,0.6666666666666777,0.6666666666666697,1.0516455332618837,1.0564081918133779,1.5300856961874938,-1.0516455332618837,8.495913999418119e-17,5.551115123125783e-16,0.3333333333333333,1.3886963459942416,0.5764103848596406,1.0279561781232898
strong_diagonal,5.0,5.0,vertical,11,0.0,5.5,5.5,5.0,10.5,11.629703349613008,exact_distance_plus_5cm,5.0,10.5,1.0279561781232898,5.968558980384842e-13,2.3447910280083306e-13,4.547473508864641e-13,0.0,0.0,1.7777777777778154,1.3333333333333555,1.3333333333333395,1.0516455332618837,1.0564081918133776,1.5300856961874945,1.0516455332618837,1.7197394278678342e-16,9.992007221626409e-16,0.33333333333333337,1.3886963459942416,0.5764103848596399,1.0279561781232898
strong_diagonal,5.0,5.0,vertical,11,0.0,5.5,5.5,5.0,10.5,11.629703349613008,planar_no_correction,5.0,10.5,0.04194421309872458,1.425864089203884,0.5105139218537218,0.8981257452544469,1.3243878039437789,0.0,0.9557943560950054,0.9943717647510532,0.9612042396781993,0.04979643075631025,0.04489584144073278,0.13297639910054396,-0.04701444799644934,0.01569593733602821,0.05132792656195359,0.014657814356041252,0.10055348450186681,0.007598484166237557,0.04194421309872458
strong_diagonal,5.0,5.0,vertical,12,0.0,6.0,6.0,5.0,11.0,12.083045973594572,exact_true_distance,5.0,11.0,2.220446049250313e-16,6.536993168992922e-13,3.268496584496461e-13,6.394884621840902e-13,3.126388037344441e-13,0.0,1.0000000000000018,1.0000000000000064,0.9999999999999953,2.612908093176215e-16,2.220446049250313e-16,1.336885555457667e-15,7.548742060608078e-17,1.0108874340557847e-16,6.027983945225152e-16,8.052343006208799e-17,8.881784197001252e-16,0.0,2.220446049250313e-16
strong_diagonal,5.0,5.0,vertical,12,0.0,6.0,6.0,5.0,11.0,12.083045973594572,exact_distance_minus_5cm,5.0,11.0,1.0691956949107773,4.831690603168681e-13,2.2737367544323206e-13,4.831690603168681e-13,2.2737367544323206e-13,0.0,0.4444444444444502,0.6666666666666737,0.6666666666666682,1.0922048497535155,1.0944013281901772,1.5706962463281913,-1.0922048497535155,8.997033404495059e-17,5.551115123125783e-16,0.3333333333333333,1.4283710347611183,0.6201878958733711,1.0691956949107773
strong_diagonal,5.0,5.0,vertical,12,0.0,6.0,6.0,5.0,11.0,12.083045973594572,exact_distance_plus_5cm,5.0,11.0,1.0691956949107773,4.831690603168681e-13,2.2737367544323206e-13,4.831690603168681e-13,2.2737367544323206e-13,0.0,1.7777777777778005,1.3333333333333475,1.3333333333333364,1.0922048497535155,1.0944013281901774,1.5706962463281913,1.0922048497535155,1.7790151663925862e-16,9.992007221626409e-16,0.33333333333333337,1.4283710347611178,0.6201878958733704,1.0691956949107773
strong_diagonal,5.0,5.0,vertical,12,0.0,6.0,6.0,5.0,11.0,12.083045973594572,planar_no_correction,5.0,11.0,0.04716679941663331,1.539281981010646,0.5839273551836115,0.9388151882632201,1.4421329329747437,0.0,0.9526324545223375,0.9943591319517477,0.9580366126396322,0.05534957216627689,0.050130708111273174,0.14368661360570692,-0.05235589379938444,0.017121334847626287,0.05486708784803217,0.015760089012079797,0.10966287679171971,0.009453289314339221,0.04716679941663331
strong_diagonal,5.0,5.0,vertical,13,0.0,6.5,6.5,5.0,11.5,12.539936203984453,exact_true_distance,5.0,11.5,2.220446049250313e-16,1.4210854715202004e-14,0.0,0.0,0.0,0.0,1.0000000000000018,1.0000000000000009,1.0000000000000009,2.527395028361352e-16,2.220446049250313e-16,1.7763568394002505e-15,1.1264510646492913e-16,9.725451336527344e-17,6.206713429497909e-16,7.496687641992912e-17,8.881784197001252e-16,4.440892098500626e-16,2.220446049250313e-16
strong_diagonal,5.0,5.0,vertical,13,0.0,6.5,6.5,5.0,11.5,12.539936203984453,exact_distance_minus_5cm,5.0,11.5,1.1108998176043103,1.1510792319313623e-12,4.760636329592671e-13,9.521272659185342e-13,9.521272659185342e-13,0.0,0.4444444444444576,0.6666666666666844,0.6666666666666686,1.1332787583165465,1.1349425212867403,1.6118610518959327,-1.1332787583165465,8.675062122814652e-17,5.551115123125783e-16,0.3333333333333333,1.4708129889764698,0.6641223575130077,1.1108998176043103
strong_diagonal,5.0,5.0,vertical,13,0.0,6.5,6.5,5.0,11.5,12.539936203984453,exact_distance_plus_5cm,5.0,11.5,1.1108998176043114,1.1510792319313623e-12,4.760636329592671e-13,9.521272659185342e-13,9.521272659185342e-13,0.0,1.77777777777783,1.3333333333333688,1.3333333333333373,1.1332787583165467,1.1349425212867401,1.6118610518959315,1.1332787583165467,1.7428553147577096e-16,9.992007221626409e-16,0.3333333333333334,1.470812988976468,0.6641223575130071,1.1108998176043114
strong_diagonal,5.0,5.0,vertical,13,0.0,6.5,6.5,5.0,11.5,12.539936203984453,planar_no_correction,5.0,11.5,0.05285404843908724,1.6609944177974114,0.6455772514498506,0.9792177706960388,1.5644715597711354,0.0,0.9493309447367602,0.9943475489468198,0.9547274951723473,0.06137592933596,0.05592302318199575,0.15507102458589186,-0.05816861621076955,0.01861516142888674,0.05853153216754684,0.016914191441830255,0.11972622075182184,0.01159290131397383,0.05285404843908724
strong_diagonal,5.0,5.0,vertical,14,0.0,7.0,7.0,5.0,12.0,13.0,exact_true_distance,5.0,12.0,9.155133597044475e-16,1.2789769243681803e-12,6.252776074688882e-13,1.2789769243681803e-12,6.252776074688882e-13,0.0,1.0000000000000018,1.000000000000012,0.9999999999999898,2.9897553015207483e-16,2.220446049250313e-16,1.790180836524724e-15,1.0139089261360338e-16,1.0857998964155825e-16,6.027983945225152e-16,8.521717457161066e-17,8.881784197001252e-16,4.440892098500626e-16,9.155133597044475e-16
strong_diagonal,5.0,5.0,vertical,14,0.0,7.0,7.0,5.0,12.0,13.0,exact_distance_minus_5cm,5.0,12.0,1.1530435826309573,1.1510792319313623e-12,4.760636329592671e-13,9.521272659185342e-13,9.521272659185342e-13,0.0,0.4444444444444576,0.6666666666666844,0.6666666666666686,1.1748388573126425,1.1761605939217907,1.653565548463291,-1.1748388573126425,9.550163555074219e-17,5.551115123125783e-16,0.33333333333333337,1.5125963088110865,0.7082094226365252,1.1530435826309573
strong_diagonal,5.0,5.0,vertical,14,0.0,7.0,7.0,5.0,12.0,13.0,exact_distance_plus_5cm,5.0,12.0,1.1530435826309593,1.1510792319313623e-12,4.760636329592671e-13,9.521272659185342e-13,9.521272659185342e-13,0.0,1.77777777777783,1.3333333333333688,1.3333333333333373,1.174838857312643,1.1761605939217898,1.6535655484632916,1.174838857312643,1.8866691539082914e-16,9.992007221626409e-16,0.33333333333333337,1.512596308811087,0.7082094226365241,1.1530435826309593
strong_diagonal,5.0,5.0,vertical,14,0.0,7.0,7.0,5.0,12.0,13.0,planar_no_correction,5.0,12.0,0.05902891738835813,1.7869816964656593,0.7243128571891972,1.0193211661078863,1.6914182123518344,0.0,0.9458908323966179,0.9943368226757197,0.9512780888987541,0.06789815844056643,0.062212380453359736,0.16715514038820534,-0.0644758041149137,0.020177495392094662,0.062321365321015676,0.01812004117506286,0.13031771484136095,0.014038567973580822,0.05902891738835813
strong_diagonal,5.0,5.0,vertical,15,0.0,7.5,7.5,5.0,12.5,13.46291201783626,exact_true_distance,5.0,12.5,2.220446049250313e-16,6.252776074688882e-13,3.197442310920451e-13,6.252776074688882e-13,3.268496584496461e-13,0.0,1.0000000000000018,1.0000000000000064,0.9999999999999953,2.8420518437556356e-16,2.220446049250313e-16,1.7763568394002505e-15,1.4508393097103065e-16,1.0192629116153323e-16,6.206713429497909e-16,7.753580605490405e-17,8.95090418262362e-16,0.0,2.220446049250313e-16
strong_diagonal,5.0,5.0,vertical,15,0.0,7.5,7.5,5.0,12.5,13.46291201783626,exact_distance_minus_5cm,5.0,12.5,1.1956063898074716,1.1510792319313623e-12,4.760636329592671e-13,9.663381206337363e-13,9.521272659185342e-13,0.0,0.44444444444444275,0.6666666666666733,0.6666666666666575,1.2168613161219213,1.2172517795117928,1.695797304119733,-1.2168613161219213,9.049869717386203e-17,5.551115123125783e-16,0.3333333333333333,1.5567602213898384,0.7524474448631203,1.1956063898074716
strong_diagonal,5.0,5.0,vertical,15,0.0,7.5,7.5,5.0,12.5,13.46291201783626,exact_distance_plus_5cm,5.0,12.5,1.1956063898074718,1.1510792319313623e-12,4.760636329592671e-13,9.663381206337363e-13,9.521272659185342e-13,0.0,1.777777777777771,1.3333333333333466,1.333333333333315,1.2168613161219213,1.2172517795117934,1.6957973041197332,1.2168613161219213,1.7951137304766065e-16,9.992007221626409e-16,0.3333333333333334,1.55676022138984,0.752447444863121,1.1956063898074718
strong_diagonal,5.0,5.0,vertical,15,0.0,7.5,7.5,5.0,12.5,13.46291201783626,planar_no_correction,5.0,12.5,0.0657147347989149,1.9170484195231126,0.8106825742011594,1.0591131416840653,1.8229875976455503,0.0,0.9423131653796414,0.9943267969297781,0.9476896009332733,0.07493933397873953,0.06878777272184466,0.17996505212000583,-0.07130099320909256,0.021808405605103057,0.06623670555151294,0.019377589564069018,0.14139716158401974,0.016811728646286054,0.0657147347989149
strong_diagonal,5.0,5.0,vertical,16,0.0,8.0,8.0,5.0,13.0,13.92838827718412,exact_true_distance,5.0,13.0,2.220446049250313e-16,3.410605131648481e-13,2.2737367544323206e-13,0.0,3.268496584496461e-13,0.0,0.9999999999999907,1.0000000000000009,0.9999999999999898,3.226208773120388e-16,2.220446049250313e-16,1.790180836524724e-15,1.1425642210783588e-16,1.1120257431128426e-16,6.027983945225152e-16,8.58357554875764e-17,8.95090418262362e-16,4.440892098500626e-16,2.220446049250313e-16
strong_diagonal,5.0,5.0,vertical,16,0.0,8.0,8.0,5.0,13.0,13.92838827718412,exact_distance_minus_5cm,5.0,13.0,1.238571366952182,1.4210854715202004e-14,0.0,0.0,0.0,0.0,0.4444444444444502,0.666666666666671,0.666666666666671,1.2593262479216094,1.259472922407697,1.7385458420214261,-1.2593262479216094,9.751601997971705e-17,5.551115123125783e-16,0.3333333333333333,1.6009973755926723,0.7968367665467831,1.238571366952182
strong_diagonal,5.0,5.0,vertical,16,0.0,8.0,8.0,5.0,13.0,13.92838827718412,exact_distance_plus_5cm,5.0,13.0,1.238571366952182,1.4210854715202004e-14,0.0,0.0,0.0,0.0,1.7777777777778005,1.333333333333342,1.333333333333342,1.2593262479216094,1.2594729224076966,1.7385458420214264,1.2593262479216094,1.9290207609600987e-16,9.992007221626409e-16,0.3333333333333334,1.6009973755926727,0.7968367665467825,1.238571366952182
strong_diagonal,5.0,5.0,vertical,16,0.0,8.0,8.0,5.0,13.0,13.92838827718412,planar_no_correction,5.0,13.0,0.07293520656675141,2.0511881675487302,0.8744568875384573,1.0985815620011863,1.9591945598513263,0.0,0.9385990334637382,0.9943173442742985,0.943963251640525,0.08252295682611607,0.07618739861678436,0.19352744258814636,-0.07866808079488394,0.02350795667623276,0.07027768445316969,0.02068681628966931,0.15292457840304227,0.019934028284438726,0.07293520656675141
strong_diagonal,5.0,5.0,vertical,17,0.0,8.5,8.5,5.0,13.5,14.396180048887969,exact_true_distance,5.0,13.5,4.965068306494546e-16,7.673861546209082e-13,3.197442310920451e-13,6.252776074688882e-13,6.394884621840902e-13,0.0,0.9999999999999907,1.000000000000003,0.9999999999999876,2.9897251422378404e-16,2.220446049250313e-16,1.790180836524724e-15,1.5825211221386575e-16,1.018188701027263e-16,7.831421244144273e-16,7.589753868750449e-17,9.155133597044475e-16,8.881784197001252e-16,4.965068306494546e-16
strong_diagonal,5.0,5.0,vertical,17,0.0,8.5,8.5,5.0,13.5,14.396180048887969,exact_distance_minus_5cm,5.0,13.5,1.2819248413503885,9.663381206337363e-13,4.831690603168681e-13,9.663381206337363e-13,4.831690603168681e-13,0.0,0.4444444444444502,0.6666666666666764,0.6666666666666655,1.3022171824933761,1.3019783926033837,1.7818024807652963,-1.3022171824933764,9.128298619333995e-17,5.551115123125783e-16,0.3333333333333333,1.6443326475572742,0.8413792279234356,1.2819248413503885
strong_diagonal,5.0,5.0,vertical,17,0.0,8.5,8.5,5.0,13.5,14.396180048887969,exact_distance_plus_5cm,5.0,13.5,1.2819248413503892,9.663381206337363e-13,4.831690603168681e-13,9.663381206337363e-13,4.831690603168681e-13,0.0,1.7777777777778005,1.3333333333333528,1.333333333333331,1.3022171824933766,1.3019783926033839,1.781802480765297,1.3022171824933766,1.7979206595989486e-16,9.992007221626409e-16,0.33333333333333337,1.644332647557275,0.8413792279234344,1.2819248413503892
strong_diagonal,5.0,5.0,vertical,17,0.0,8.5,8.5,5.0,13.5,14.396180048887969,planar_no_correction,5.0,13.5,0.08071442471569662,2.1893938890491143,0.9654349957287067,1.137714392781561,2.100054036665,0.0,0.934749567995056,0.9943083599395718,0.940100280411868,0.0906729627077968,0.08428944319826971,0.20786959733637256,-0.08660134142244079,0.02527621267298147,0.07444444752637511,0.022047725771855636,0.16549436861461342,0.0234273317993493,0.08071442471569662
strong_diagonal,5.0,5.0,vertical,18,0.0,9.0,9.0,5.0,14.0,14.866068747318506,exact_true_distance,5.0,14.0,4.965068306494546e-16,7.673861546209082e-13,3.197442310920451e-13,6.252776074688882e-13,6.394884621840902e-13,0.0,0.9999999999999907,1.000000000000003,0.9999999999999876,3.2902979404131113e-16,2.220446049250313e-16,1.790180836524724e-15,7.282752050055077e-17,1.0949051142074051e-16,7.641136206174944e-16,8.169854980439278e-17,9.155133597044475e-16,4.440892098500626e-16,4.965068306494546e-16
strong_diagonal,5.0,5.0,vertical,18,0.0,9.0,9.0,5.0,14.0,14.866068747318506,exact_distance_minus_5cm,5.0,14.0,1.3256558991835523,4.831690603168681e-13,3.339550858072471e-13,0.0,4.831690603168681e-13,0.0,0.44444444444444275,0.666666666666671,0.6666666666666599,1.3455206217836724,1.3451400562763425,1.8255601911505848,-1.3455206217836724,9.455223305347946e-17,5.551115123125783e-16,0.33333333333333337,1.6881166029335326,0.8860778219696789,1.3256558991835523
strong_diagonal,5.0,5.0,vertical,18,0.0,9.0,9.0,5.0,14.0,14.866068747318506,exact_distance_plus_5cm,5.0,14.0,1.3256558991835534,4.831690603168681e-13,3.339550858072471e-13,0.0,4.831690603168681e-13,0.0,1.777777777777771,1.333333333333342,1.3333333333333197,1.3455206217836724,1.3451400562763423,1.825560191150584,1.3455206217836724,1.8758542211133853e-16,9.992007221626409e-16,0.33333333333333337,1.6881166029335333,0.8860778219696787,1.3256558991835534
strong_diagonal,5.0,5.0,vertical,18,0.0,9.0,9.0,5.0,14.0,14.866068747318506,planar_no_correction,5.0,14.0,0.08907687843405161,2.331657860728143,1.0605904582574084,1.1764997045793848,2.2455810132798177,0.0,0.9307659415433991,0.9942997571581128,0.9361019499830667,0.09941373150549618,0.09268367531369713,0.22301941773096814,-0.09512544331337633,0.027113239752614298,0.0787371544742513,0.023460343747211482,0.1791002869203635,0.027313738735321585,0.08907687843405161
strong_diagonal,5.0,5.0,vertical,19,0.0,9.5,9.5,5.0,14.5,15.337861650177967,exact_true_distance,5.0,14.5,2.220446049250313e-16,6.536993168992922e-13,4.476419235288631e-13,0.0,6.394884621840902e-13,0.0,0.9999999999999796,1.0000000000000009,0.9999999999999787,3.1314434257022677e-16,2.220446049250313e-16,1.790180836524724e-15,1.8518080565767717e-16,1.0044682767888653e-16,7.831421244144273e-16,7.386284182776269e-17,9.155133597044475e-16,0.0,2.220446049250313e-16
strong_diagonal,5.0,5.0,vertical,19,0.0,9.5,9.5,5.0,14.5,15.337861650177967,exact_distance_minus_5cm,5.0,14.5,1.3697560174483656,4.831690603168681e-13,3.339550858072471e-13,0.0,4.831690603168681e-13,0.0,0.44444444444444275,0.666666666666671,0.6666666666666599,1.3892256642432135,1.3887644181422751,1.8698134679275047,-1.3892256642432135,9.246354755950144e-17,5.551115123125783e-16,0.3333333333333333,1.7323616999928755,0.930936447516026,1.3697560174483656
strong_diagonal,5.0,5.0,vertical,19,0.0,9.5,9.5,5.0,14.5,15.337861650177967,exact_distance_plus_5cm,5.0,14.5,1.3697560174483667,4.831690603168681e-13,3.339550858072471e-13,0.0,4.831690603168681e-13,0.0,1.777777777777771,1.333333333333342,1.3333333333333197,1.389225664243214,1.3887644181422745,1.8698134679275045,1.389225664243214,1.8150099045496777e-16,9.992007221626409e-16,0.33333333333333337,1.7323616999928764,0.9309364475160262,1.3697560174483667
strong_diagonal,5.0,5.0,vertical,19,0.0,9.5,9.5,5.0,14.5,15.337861650177967,planar_no_correction,5.0,14.5,0.0980474670360497,2.477971646695835,1.1599540483610653,1.2149256764423626,2.3957904741270397,0.0,0.926649367545049,0.9942914635742272,0.9319695496670344,0.1087700976792631,0.10162453427284174,0.23900543603351676,-0.10426546552780677,0.02901910799162752,0.08315597931251004,0.02492471415800849,0.19366683202406637,0.031615598272935176,0.0980474670360497
strong_diagonal,5.0,5.0,vertical,20,0.0,10.0,10.0,5.0,15.0,15.811388300841896,exact_true_distance,5.0,15.0,9.155133597044475e-16,1.2789769243681803e-12,8.952838470577262e-13,0.0,1.2789769243681803e-12,0.0,0.9999999999999574,1.0000000000000009,0.9999999999999565,3.519776550389133e-16,2.220446049250313e-16,1.790180836524724e-15,1.1368518980303852e-16,1.1284631210381492e-16,7.641136206174944e-16,8.179416316227476e-17,9.155133597044475e-16,0.0,9.155133597044475e-16
strong_diagonal,5.0,5.0,vertical,20,0.0,10.0,10.0,5.0,15.0,15.811388300841896,exact_distance_minus_5cm,5.0,15.0,1.4142187557189043,9.521272659185342e-13,6.679101716144942e-13,0.0,9.521272659185342e-13,0.0,0.44444444444443537,0.666666666666671,0.6666666666666488,1.4333236865586934,1.4326135113065543,1.9145582151980682,-1.4333236865586934,9.487420433515987e-17,5.551115123125783e-16,0.33333333333333337,1.7791796530982644,0.9759597300154184,1.4142187557189043
strong_diagonal,5.0,5.0,vertical,20,0.0,10.0,10.0,5.0,15.0,15.811388300841896,exact_distance_plus_5cm,5.0,15.0,1.4142187557189043,9.521272659185342e-13,6.679101716144942e-13,0.0,9.521272659185342e-13,0.0,1.7777777777777413,1.333333333333342,1.3333333333332975,1.4333236865586936,1.4326135113065546,1.9145582151980707,1.4333236865586936,1.8957503951864568e-16,9.992007221626409e-16,0.3333333333333334,1.779179653098264,0.975959730015418,1.4142187557189043
strong_diagonal,5.0,5.0,vertical,20,0.0,10.0,10.0,5.0,15.0,15.811388300841896,planar_no_correction,5.0,15.0,0.10765151458421247,2.628326056629902,1.2371126248827835,1.2529805995276888,2.5506973522816168,0.0,0.92240109993327,0.9942834184557465,0.9277043977720968,0.11876736197515891,0.11127310380073879,0.2558568323976993,-0.11404691586671291,0.030993892630157262,0.08770111034742085,0.026440896417565817,0.20870286390607407,0.03635552458008261,0.10765151458421247
strong_diagonal,5.0,5.0,diagonal,0,0.0,0.0,0.0,5.0,5.0,7.0710678118654755,exact_true_distance,5.0,5.0,3.1401849173675503e-16,1.0516032489249483e-12,4.689582056016661e-13,9.521272659185342e-13,1.4210854715202004e-13,0.0,0.9999999999999907,1.0000000000000053,0.9999999999999853,1.4653411899992717e-16,1.1102230246251565e-16,4.965068306494546e-16,5.958607206176701e-18,7.078907771208141e-17,3.481226313423064e-16,7.512522924000489e-17,4.440892098500626e-16,0.0,3.1401849173675503e-16
strong_diagonal,5.0,5.0,diagonal,0,0.0,0.0,0.0,5.0,5.0,7.0710678118654755,exact_distance_minus_5cm,5.0,5.0,0.6198209475901588,6.821210263296962e-13,2.4868995751603507e-13,4.831690603168681e-13,1.1368683772161603e-13,0.0,0.44444444444444464,0.6666666666666718,0.6666666666666617,0.655480341701698,0.6754581829283527,1.1269488758738835,-0.655480341701698,5.8990917775573e-17,3.885780586188048e-16,0.33333333333333337,0.9761236811399419,0.12343534874250395,0.6198209475901588
strong_diagonal,5.0,5.0,diagonal,0,0.0,0.0,0.0,5.0,5.0,7.0710678118654755,exact_distance_plus_5cm,5.0,5.0,0.6198209475901584,6.821210263296962e-13,2.4868995751603507e-13,4.831690603168681e-13,1.1368683772161603e-13,0.0,1.7777777777777786,1.3333333333333437,1.3333333333333235,0.655480341701698,0.6754581829283527,1.1269488758738828,0.655480341701698,1.1558769012326604e-16,7.216449660063518e-16,0.3333333333333333,0.9761236811399413,0.12343534874250384,0.6198209475901584
strong_diagonal,5.0,5.0,diagonal,0,0.0,0.0,0.0,5.0,5.0,7.0710678118654755,planar_no_correction,5.0,5.0,0.008986826306138094,0.4615614737453768,0.2179688806748743,0.4352165628577609,0.32849528786866244,0.0,0.9811166290530706,0.9947379909920465,0.9863065831783591,0.013850996155138013,0.011967128718248373,0.052937360468695425,-0.013046858628591122,0.004459919421670212,0.020638879025215568,0.006004444141578105,0.03488910872399468,7.158927813007946e-05,0.008986826306138094
strong_diagonal,5.0,5.0,diagonal,1,0.35355339059327373,0.35355339059327373,0.49999999999999994,5.353553390593274,5.353553390593274,7.5710678118654755,exact_true_distance,5.353553390593274,5.353553390593274,4.965068306494546e-16,3.979039320256561e-13,1.5631940186722204e-13,3.126388037344441e-13,0.0,0.0,0.9999999999999962,1.000000000000002,0.9999999999999942,1.9042447377851028e-16,1.2412670766236366e-16,9.930136612989092e-16,2.894591290735855e-17,1.0122750531565186e-16,9.106781987594113e-16,8.964602194495663e-17,4.965068306494546e-16,1.2412670766236366e-16,4.965068306494546e-16
strong_diagonal,5.0,5.0,diagonal,1,0.35355339059327373,0.35355339059327373,0.49999999999999994,5.353553390593274,5.353553390593274,7.5710678118654755,exact_distance_minus_5cm,5.353553390593274,5.353553390593274,0.6640829302778682,2.4158453015843406e-13,1.1368683772161603e-13,2.4158453015843406e-13,1.1368683772161603e-13,0.0,0.44444444444444275,0.6666666666666667,0.6666666666666641,0.6976351238281596,0.7172071730832477,1.17259275083703,-0.6976351238281596,7.214633411807884e-17,5.551115123125783e-16,0.33333333333333337,1.021149760988979,0.16710104718614763,0.6640829302778682
strong_diagonal,5.0,5.0,diagonal,1,0.35355339059327373,0.35355339059327373,0.49999999999999994,5.353553390593274,5.353553390593274,7.5710678118654755,exact_distance_plus_5cm,5.353553390593274,5.353553390593274,0.6640829302778689,2.4158453015843406e-13,1.1368683772161603e-13,2.4158453015843406e-13,1.1368683772161603e-13,0.0,1.777777777777771,1.3333333333333335,1.3333333333333282,0.6976351238281598,0.7172071730832472,1.1725927508370295,0.6976351238281598,1.430130387833253e-16,9.992007221626409e-16,0.33333333333333337,1.0211497609889795,0.16710104718614746,0.6640829302778689
strong_diagonal,5.0,5.0,diagonal,1,0.35355339059327373,0.35355339059327373,0.49999999999999994,5.353553390593274,5.353553390593274,7.5710678118654755,planar_no_correction,5.353553390593274,5.353553390593274,0.011038377443267858,0.5291278504248709,0.24985185733612525,0.49875304317527025,0.376803374357479,0.0,0.9783779742466661,0.9939677283375562,0.984315633549829,0.01624610574223858,0.014199089819753223,0.05949352338474041,-0.015277510178774009,0.005338098493516908,0.02317557806264274,0.006714861070856901,0.03981716636329461,0.00017755713612562613,0.011038377443267858
strong_diagonal,5.0,5.0,diagonal,2,0.7071067811865475,0.7071067811865475,0.9999999999999999,5.707106781186548,5.707106781186548,8.071067811865476,exact_true_distance,5.707106781186548,5.707106781186548,0.0,1.4210854715202004e-14,0.0,0.0,0.0,0.0,1.000000000000024,1.000000000000012,1.000000000000012,1.6389020767898248e-16,1.1102230246251565e-16,9.930136612989092e-16,1.6236323745130728e-17,9.270426677741049e-17,9.432757895611076e-16,7.463440951818508e-17,4.577566798522237e-16,5.551115123125783e-17,0.0
strong_diagonal,5.0,5.0,diagonal,2,0.7071067811865475,0.7071067811865475,0.9999999999999999,5.707106781186548,5.707106781186548,8.071067811865476,exact_distance_minus_5cm,5.707106781186548,5.707106781186548,0.7084345303491222,2.5579538487363607e-13,1.6342482922482304e-13,0.0,2.4158453015843406e-13,0.0,0.4444444444444465,0.6666666666666708,0.6666666666666655,0.7401571957350785,0.7593527049834449,1.2183989810733185,-0.7401571957350785,7.83876235783452e-17,4.440892098500626e-16,0.33333333333333337,1.0663257695701036,0.21078903382397754,0.7084345303491222
strong_diagonal,5.0,5.0,diagonal,2,0.7071067811865475,0.7071067811865475,0.9999999999999999,5.707106781186548,5.707106781186548,8.071067811865476,exact_distance_plus_5cm,5.707106781186548,5.707106781186548,0.7084345303491222,2.5579538487363607e-13,1.6342482922482304e-13,0.0,2.4158453015843406e-13,0.0,1.7777777777777857,1.3333333333333417,1.333333333333331,0.7401571957350785,0.7593527049834445,1.218398981073319,0.7401571957350785,1.5689082659113976e-16,8.881784197001252e-16,0.3333333333333333,1.0663257695701027,0.21078903382397737,0.7084345303491222
strong_diagonal,5.0,5.0,diagonal,2,0.7071067811865475,0.7071067811865475,0.9999999999999999,5.707106781186548,5.707106781186548,8.071067811865476,planar_no_correction,5.707106781186548,5.707106781186548,0.013382238726088727,0.6013035036337158,0.2839034235043485,0.5665751753989525,0.42846982474750916,0.0,0.9754596006614082,0.9931448950920578,0.9821926342087172,0.01893628904687637,0.01668913086310035,0.06657853633304885,-0.01778013151166621,0.006329829781510602,0.025912995067729695,0.007473271658064108,0.0451989452983046,0.00035626833847509867,0.013382238726088727
strong_diagonal,5.0,5.0,diagonal,3,1.0606601717798212,1.0606601717798212,1.4999999999999998,6.060660171779821,6.060660171779821,8.571067811865474,exact_true_distance,6.060660171779821,6.060660171779821,2.220446049250313e-16,3.979039320256561e-13,1.5631940186722204e-13,3.410605131648481e-13,0.0,0.0,1.0000000000000073,1.0000000000000075,0.9999999999999998,2.254667989586551e-16,2.220446049250313e-16,1.2560739669470201e-15,5.200553857576903e-18,1.1540674776484428e-16,9.47431306258894e-16,9.108855960754391e-17,6.280369834735101e-16,0.0,2.220446049250313e-16
strong_diagonal,5.0,5.0,diagonal,3,1.0606601717798212,1.0606601717798212,1.4999999999999998,6.060660171779821,6.060660171779821,8.571067811865474,exact_distance_minus_5cm,6.060660171779821,6.060660171779821,0.7528818960849256,4.831690603168681e-13,2.3447910280083306e-13,4.547473508864641e-13,2.4158453015843406e-13,0.0,0.44444444444444275,0.6666666666666682,0.6666666666666626,0.7830022056511479,0.8024326079317866,1.2643744064554443,-0.7830022056511479,8.833571061488084e-17,5.551115123125783e-16,0.3333333333333333,1.1116570843951488,0.25450514907143257,0.7528818960849256
strong_diagonal,5.0,5.0,diagonal,3,1.0606601717798212,1.0606601717798212,1.4999999999999998,6.060660171779821,6.060660171779821,8.571067811865474,exact_distance_plus_5cm,6.060660171779821,6.060660171779821,0.7528818960849264,4.831690603168681e-13,2.3447910280083306e-13,4.547473508864641e-13,2.4158453015843406e-13,0.0,1.777777777777771,1.3333333333333364,1.3333333333333253,0.7830022056511479,0.8024326079317868,1.2643744064554445,0.7830022056511479,1.7168499420066e-16,1.2212453270876722e-15,0.33333333333333337,1.1116570843951488,0.2545051490714326,0.7528818960849264
strong_diagonal,5.0,5.0,diagonal,3,1.0606601717798212,1.0606601717798212,1.4999999999999998,6.060660171779821,6.060660171779821,8.571067811865474,planar_no_correction,6.060660171779821,6.060660171779821,0.01603843637922621,0.6780871086335765,0.3201219113636924,0.6386721560957653,0.48350636169530503,0.0,0.9723629402949255,0.9922694987164704,0.97993835500608,0.021941597877171176,0.01956045459389975,0.07421459410182266,-0.020573294434587896,0.007442770603453624,0.028858949649874358,0.008279733283180832,0.051055863580840986,0.0006267823331436869,0.01603843637922621
strong_diagonal,5.0,5.0,diagonal,4,1.414213562373095,1.414213562373095,1.9999999999999998,6.414213562373095,6.414213562373095,9.071067811865476,exact_true_distance,6.414213562373095,6.414213562373095,3.1401849173675503e-16,4.831690603168681e-13,3.339550858072471e-13,0.0,4.831690603168681e-13,0.0,0.9999999999999851,1.0000000000000009,0.9999999999999842,2.4727200865056e-16,2.220446049250313e-16,1.2560739669470201e-15,2.9116316948359285e-17,1.5143556168265516e-16,9.532025441653873e-16,1.0159116794717081e-16,6.661338147750939e-16,0.0,3.1401849173675503e-16
strong_diagonal,5.0,5.0,diagonal,4,1.414213562373095,1.414213562373095,1.9999999999999998,6.414213562373095,6.414213562373095,9.071067811865476,exact_distance_minus_5cm,6.414213562373095,6.414213562373095,0.7974312205915784,5.684341886080801e-13,2.4158453015843406e-13,4.547473508864641e-13,4.831690603168681e-13,0.0,0.4444444444444391,0.6666666666666666,0.6666666666666586,0.8261380802435271,0.8441435683386421,1.31052594878031,-0.8261380802435271,9.632720293966632e-17,7.771561172376096e-16,0.3333333333333333,1.1571493380932276,0.29825524629552,0.7974312205915784
strong_diagonal,5.0,5.0,diagonal,4,1.414213562373095,1.414213562373095,1.9999999999999998,6.414213562373095,6.414213562373095,9.071067811865476,exact_distance_plus_5cm,6.414213562373095,6.414213562373095,0.7974312205915782,5.684341886080801e-13,2.4158453015843406e-13,4.547473508864641e-13,4.831690603168681e-13,0.0,1.7777777777777561,1.3333333333333333,1.3333333333333173,0.8261380802435273,0.844143568338642,1.3105259487803094,0.8261380802435272,1.912839640137186e-16,1.3322676295501878e-15,0.33333333333333337,1.157149338093229,0.29825524629551997,0.7974312205915782
strong_diagonal,5.0,5.0,diagonal,4,1.414213562373095,1.414213562373095,1.9999999999999998,6.414213562373095,6.414213562373095,9.071067811865476,planar_no_correction,6.414213562373095,6.414213562373095,0.019027137314060638,0.7594771645266007,0.3585055764703071,0.7150324360304694,0.5419254602854551,0.0,0.9690895108648884,0.9913415472987479,0.977553612582371,0.025282255142780572,0.022834935940055444,0.08242414808457246,-0.02367574820724261,0.008684584145894195,0.032021287190494706,0.009134292110302677,0.05740955863151915,0.001008199258094284,0.019027137314060638
strong_diagonal,5.0,5.0,diagonal,5,1.7677669529663687,1.7677669529663687,2.5,6.767766952966369,6.767766952966369,9.571067811865476,exact_true_distance,6.767766952966369,6.767766952966369,3.1401849173675503e-16,6.536993168992922e-13,3.268496584496461e-13,6.394884621840902e-13,3.126388037344441e-13,0.0,1.0000000000000018,1.0000000000000064,0.9999999999999953,1.9412702133748673e-16,1.1102230246251565e-16,1.3322676295501878e-15,-7.639691703128737e-18,1.1576694096378299e-16,9.415138875569363e-16,7.340978546114434e-17,6.280369834735101e-16,1.1102230246251565e-16,3.1401849173675503e-16
strong_diagonal,5.0,5.0,diagonal,5,1.7677669529663687,1.7677669529663687,2.5,6.767766952966369,6.767766952966369,9.571067811865476,exact_distance_minus_5cm,6.767766952966369,6.767766952966369,0.8420887448093135,4.831690603168681e-13,2.2737367544323206e-13,4.831690603168681e-13,2.2737367544323206e-13,0.0,0.4444444444444502,0.6666666666666737,0.6666666666666682,0.8695413019860695,0.8873302937765672,1.356860615446476,-0.8695413019860695,1.0618447756342031e-16,8.881784197001252e-16,0.33333333333333337,1.202808387869869,0.34204519452153515,0.8420887448093135
strong_diagonal,5.0,5.0,diagonal,5,1.7677669529663687,1.7677669529663687,2.5,6.767766952966369,6.767766952966369,9.571067811865476,exact_distance_plus_5cm,6.767766952966369,6.767766952966369,0.8420887448093132,4.831690603168681e-13,2.2737367544323206e-13,4.831690603168681e-13,2.2737367544323206e-13,0.0,1.7777777777778005,1.3333333333333475,1.3333333333333364,0.8695413019860694,0.8873302937765676,1.356860615446476,0.8695413019860694,2.0487280323540962e-16,1.5543122344752192e-15,0.3333333333333333,1.2028083878698683,0.34204519452153515,0.8420887448093132
strong_diagonal,5.0,5.0,diagonal,5,1.7677669529663687,1.7677669529663687,2.5,6.767766952966369,6.767766952966369,9.571067811865476,planar_no_correction,6.767766952966369,6.767766952966369,0.022368658550660066,0.8454719773203436,0.39905260332268,0.7956437104573411,0.6037403483374533,0.0,0.965640914744344,0.990361049582157,0.9750392699225776,0.02897865676785401,0.026525799655593253,0.09122991773884535,-0.02710642094333947,0.010062942295716588,0.035407879756569796,0.010036985270200409,0.06428189798294881,0.0015196684427686916,0.022368658550660066
strong_diagonal,5.0,5.0,diagonal,6,2.1213203435596424,2.1213203435596424,2.9999999999999996,7.121320343559642,7.121320343559642,10.071067811865474,exact_true_distance,7.121320343559642,7.121320343559642,3.1401849173675503e-16,1.7053025658242404e-13,1.1368683772161603e-13,0.0,1.4210854715202004e-13,0.0,1.0000000000000073,1.0000000000000064,1.0000000000000009,2.0947474617071572e-16,2.220446049250313e-16,9.930136612989092e-16,-3.96111969478699e-17,1.1774829334810927e-16,6.436577809682641e-16,7.691994989193785e-17,4.965068306494546e-16,0.0,3.1401849173675503e-16
strong_diagonal,5.0,5.0,diagonal,6,2.1213203435596424,2.1213203435596424,2.9999999999999996,7.121320343559642,7.121320343559642,10.071067811865474,exact_distance_minus_5cm,7.121320343559642,7.121320343559642,0.8868607605639676,1.4210854715202004e-14,0.0,0.0,0.0,0.0,0.4444444444444502,0.666666666666671,0.666666666666671,0.9131945614770562,0.9294520673101508,1.4033855032120242,-0.9131945614770562,9.738392919748919e-17,5.551115123125783e-16,0.33333333333333337,1.2486402922462387,0.38588088115355557,0.8868607605639676
strong_diagonal,5.0,5.0,diagonal,6,2.1213203435596424,2.1213203435596424,2.9999999999999996,7.121320343559642,7.121320343559642,10.071067811865474,exact_distance_plus_5cm,7.121320343559642,7.121320343559642,0.8868607605639673,1.4210854715202004e-14,0.0,0.0,0.0,0.0,1.7777777777778005,1.333333333333342,1.333333333333342,0.913194561477056,0.92945206731015,1.403385503212025,0.913194561477056,1.934304392249213e-16,1.1102230246251565e-15,0.3333333333333333,1.2486402922462385,0.3858808811535552,0.8868607605639673
strong_diagonal,5.0,5.0,diagonal,6,2.1213203435596424,2.1213203435596424,2.9999999999999996,7.121320343559642,7.121320343559642,10.071067811865474,planar_no_correction,7.121320343559642,7.121320343559642,0.02608347677083256,0.9360696420055064,0.4417611112660609,0.8804929089947109,0.6689650066615513,0.0,0.9620188378384493,0.9893280149953981,0.9723962358863598,0.033051376035029764,0.030343207473295643,0.10065490228963532,-0.030884423926150022,0.011585528045873627,0.039026627010942345,0.010987842583405063,0.07169499022552776,0.0021803969515706498,0.02608347677083256
strong_diagonal,5.0,5.0,diagonal,7,2.4748737341529163,2.4748737341529163,3.5,7.474873734152917,7.474873734152917,10.571067811865476,exact_true_distance,7.474873734152917,7.474873734152917,0.0,3.979039320256561e-13,1.5631940186722204e-13,3.410605131648481e-13,0.0,0.0,0.9999999999999962,1.000000000000002,0.9999999999999942,1.8615076820498427e-16,0.0,9.930136612989092e-16,3.35279040149022e-17,1.0535817783297002e-16,9.716941094783721e-16,6.493643879869163e-17,4.965068306494546e-16,1.5700924586837752e-16,0.0
strong_diagonal,5.0,5.0,diagonal,7,2.4748737341529163,2.4748737341529163,3.5,7.474873734152917,7.474873734152917,10.571067811865476,exact_distance_minus_5cm,7.474873734152917,7.474873734152917,0.9317536136645539,4.831690603168681e-13,3.268496584496461e-13,0.0,4.689582056016661e-13,0.0,0.4444444444444502,0.6666666666666765,0.6666666666666654,0.957085190372568,0.9732208368077443,1.450107802036755,-0.957085190372568,9.807740580418545e-17,5.551115123125783e-16,0.33333333333333337,1.2946512933584087,0.4297682147111172,0.9317536136645539
strong_diagonal,5.0,5.0,diagonal,7,2.4748737341529163,2.4748737341529163,3.5,7.474873734152917,7.474873734152917,10.571067811865476,exact_distance_plus_5cm,7.474873734152917,7.474873734152917,0.9317536136645543,4.831690603168681e-13,3.268496584496461e-13,0.0,4.689582056016661e-13,0.0,1.7777777777778005,1.333333333333353,1.3333333333333308,0.9570851903725682,0.9732208368077443,1.4501078020367568,0.9570851903725682,1.9039235123368056e-16,1.1102230246251565e-15,0.3333333333333334,1.2946512933584085,0.4297682147111171,0.9317536136645543
strong_diagonal,5.0,5.0,diagonal,7,2.4748737341529163,2.4748737341529163,3.5,7.474873734152917,7.474873734152917,10.571067811865476,planar_no_correction,7.474873734152917,7.474873734152917,0.030192238011063577,1.0312680236473568,0.48662916073008944,0.9695661851078512,0.7376141692399187,0.0,0.9582250484037409,0.9882424536846108,0.9696254647136929,0.03752116960439491,0.0347279025782456,0.11072239268941686,-0.035029057849530816,0.013260037578093362,0.04288545711918494,0.011986887921724504,0.07967119616792795,0.0030096581767016122,0.030192238011063577
strong_diagonal,5.0,5.0,diagonal,8,2.82842712474619,2.82842712474619,3.9999999999999996,7.82842712474619,7.82842712474619,11.071067811865476,exact_true_distance,7.82842712474619,7.82842712474619,4.440892098500626e-16,6.536993168992922e-13,3.268496584496461e-13,6.394884621840902e-13,3.126388037344441e-13,0.0,0.9999999999999796,0.9999999999999953,0.9999999999999842,2.418914469045386e-16,2.220446049250313e-16,1.4043333874306805e-15,1.3517909123948838e-16,1.2626661166375545e-16,7.358428066228338e-16,7.716904570472882e-17,6.280369834735101e-16,2.220446049250313e-16,4.440892098500626e-16
strong_diagonal,5.0,5.0,diagonal,8,2.82842712474619,2.82842712474619,3.9999999999999996,7.82842712474619,7.82842712474619,11.071067811865476,exact_distance_minus_5cm,7.82842712474619,7.82842712474619,0.9767737070496938,2.2737367544323206e-13,1.6342482922482304e-13,0.0,2.2737367544323206e-13,0.0,0.4444444444444391,0.6666666666666654,0.6666666666666599,1.0012040723353017,1.015973347474041,1.497034799012787,-1.0012040723353017,1.1569501388382618e-16,6.661338147750939e-16,0.3333333333333333,1.34084780355157,0.4737131275845078,0.9767737070496938
strong_diagonal,5.0,5.0,diagonal,8,2.82842712474619,2.82842712474619,3.9999999999999996,7.82842712474619,7.82842712474619,11.071067811865476,exact_distance_plus_5cm,7.82842712474619,7.82842712474619,0.9767737070496931,2.2737367544323206e-13,1.6342482922482304e-13,0.0,2.2737367544323206e-13,0.0,1.7777777777777561,1.3333333333333308,1.3333333333333197,1.0012040723353017,1.0159733474740407,1.497034799012787,1.001204072335302,2.247854886562594e-16,1.2212453270876722e-15,0.33333333333333337,1.3408478035515707,0.47371312758450757,0.9767737070496931
strong_diagonal,5.0,5.0,diagonal,8,2.82842712474619,2.82842712474619,3.9999999999999996,7.82842712474619,7.82842712474619,11.071067811865476,planar_no_correction,7.82842712474619,7.82842712474619,0.03471576750430986,1.1310647374952083,0.5336547597958372,1.062848905226474,0.8097033233184447,0.0,0.9542613958107232,0.9871043765471647,0.9667279555062612,0.042408984733868046,0.03945137636325532,0.12145598384710017,-0.03955982038968865,0.01509418209886881,0.04699232765279762,0.013034140284689478,0.08824078043263207,0.004026800487767941,0.03471576750430986
strong_diagonal,5.0,5.0,diagonal,9,3.181980515339464,3.181980515339464,4.5,8.181980515339465,8.181980515339465,11.571067811865477,exact_true_distance,8.181980515339465,8.181980515339465,6.280369834735101e-16,7.673861546209082e-13,3.126388037344441e-13,6.394884621840902e-13,6.252776074688882e-13,0.0,0.9999999999999907,1.000000000000003,0.9999999999999876,2.4000147473827314e-16,2.220446049250313e-16,9.930136612989092e-16,1.0705397095979485e-16,1.2935926237438342e-16,6.6378589755799965e-16,7.757364546285322e-17,6.280369834735101e-16,0.0,6.280369834735101e-16
strong_diagonal,5.0,5.0,diagonal,9,3.181980515339464,3.181980515339464,4.5,8.181980515339465,8.181980515339465,11.571067811865477,exact_distance_minus_5cm,8.181980515339465,8.181980515339465,1.021927503985928,5.826450433232822e-13,2.2737367544323206e-13,4.831690603168681e-13,4.831690603168681e-13,0.0,0.4444444444444391,0.6666666666666666,0.6666666666666586,1.045544862827614,1.0604282050640048,1.5441738823877456,-1.045544862827614,9.79453150219576e-17,5.551115123125783e-16,0.3333333333333333,1.387236395328449,0.5177215788111352,1.021927503985928
strong_diagonal,5.0,5.0,diagonal,9,3.181980515339464,3.181980515339464,4.5,8.181980515339465,8.181980515339465,11.571067811865477,exact_distance_plus_5cm,8.181980515339465,8.181980515339465,1.0219275039859272,5.826450433232822e-13,2.2737367544323206e-13,4.831690603168681e-13,4.831690603168681e-13,0.0,1.7777777777777561,1.3333333333333333,1.3333333333333173,1.0455448628276143,1.0604282050640053,1.5441738823877458,1.0455448628276143,1.9037583988590208e-16,1.1102230246251565e-15,0.3333333333333334,1.3872363953284492,0.5177215788111352,1.0219275039859272
strong_diagonal,5.0,5.0,diagonal,9,3.181980515339464,3.181980515339464,4.5,8.181980515339465,8.181980515339465,11.571067811865477,planar_no_correction,8.181980515339465,8.181980515339465,0.039675079679837785,1.2354571281313724,0.5828358710981547,1.1603256375401543,0.8852487094020915,0.0,0.9501298092509298,0.9859137952674452,0.9637047516848991,0.04773596739422096,0.04466467495051152,0.13287958713865014,-0.04449641473717219,0.017095689485646045,0.05135522648851023,0.014129614650940966,0.09745007253296725,0.005251255945653423,0.039675079679837785
strong_diagonal,5.0,5.0,diagonal,10,3.5355339059327373,3.5355339059327373,5.0,8.535533905932738,8.535533905932738,12.071067811865476,exact_true_distance,8.535533905932738,8.535533905932738,6.280369834735101e-16,1.0373923942097463e-12,3.907985046680551e-13,6.252776074688882e-13,9.663381206337363e-13,0.0,1.0000000000000018,1.0000000000000133,0.9999999999999885,2.7496855321971175e-16,2.220446049250313e-16,9.930136612989092e-16,-1.7143720680285888e-17,1.7089257819312248e-16,8.893218810463095e-16,8.768436358166596e-17,6.280369834735101e-16,0.0,6.280369834735101e-16
strong_diagonal,5.0,5.0,diagonal,10,3.5355339059327373,3.5355339059327373,5.0,8.535533905932738,8.535533905932738,12.071067811865476,exact_distance_minus_5cm,8.535533905932738,8.535533905932738,1.0672215313209994,1.1510792319313623e-12,4.760636329592671e-13,9.663381206337363e-13,9.521272659185342e-13,0.0,0.4444444444444502,0.6666666666666788,0.6666666666666631,1.0901034166409895,1.104584885838181,1.5915325456849019,-1.0901034166409895,1.3195869144563133e-16,6.661338147750939e-16,0.33333333333333337,1.4338237939452443,0.5617995568754618,1.0672215313209994
strong_diagonal,5.0,5.0,diagonal,10,3.5355339059327373,3.5355339059327373,5.0,8.535533905932738,8.535533905932738,12.071067811865476,exact_distance_plus_5cm,8.535533905932738,8.535533905932738,1.0672215313209983,1.1510792319313623e-12,4.760636329592671e-13,9.663381206337363e-13,9.521272659185342e-13,0.0,1.7777777777778005,1.3333333333333577,1.3333333333333262,1.0901034166409893,1.104584885838181,1.5915325456849017,1.0901034166409895,2.556286863064645e-16,1.3322676295501878e-15,0.33333333333333337,1.433823793945245,0.5617995568754622,1.0672215313209983
strong_diagonal,5.0,5.0,diagonal,10,3.5355339059327373,3.5355339059327373,5.0,8.535533905932738,8.535533905932738,12.071067811865476,planar_no_correction,8.535533905932738,8.535533905932738,0.04509138833051672,1.3444422476554507,0.6341704190559554,1.2619801404929376,0.9642673211251207,0.0,0.9458322963894884,0.9846707223544977,0.9605569404235552,0.05352347107568955,0.050335769419592565,0.14501744321250568,-0.04985875885267465,0.01927230578588839,0.05598217270345346,0.015273322651716992,0.1072935239532911,0.00670254908825154,0.04509138833051672
strong_diagonal,5.0,5.0,diagonal,11,3.8890872965260113,3.8890872965260113,5.5,8.88908729652601,8.88908729652601,12.571067811865474,exact_true_distance,8.88908729652601,8.88908729652601,4.440892098500626e-16,3.410605131648481e-13,2.2737367544323206e-13,0.0,3.268496584496461e-13,0.0,0.9999999999999685,0.9999999999999898,0.9999999999999787,2.246199648921836e-16,2.220446049250313e-16,9.930136612989092e-16,3.003556289111994e-17,1.3883430748738076e-16,8.99845831322819e-16,6.699720386268767e-17,6.280369834735101e-16,0.0,4.440892098500626e-16
strong_diagonal,5.0,5.0,diagonal,11,3.8890872965260113,3.8890872965260113,5.5,8.88908729652601,8.88908729652601,12.571067811865474,exact_distance_minus_5cm,8.88908729652601,8.88908729652601,1.1126623827952868,2.5579538487363607e-13,1.6342482922482304e-13,0.0,2.4158453015843406e-13,0.0,0.44444444444443165,0.6666666666666599,0.6666666666666543,1.1348773596239006,1.148785005502991,1.6391183919247254,-1.1348773596239006,1.1488595784268053e-16,5.551115123125783e-16,0.33333333333333337,1.4806168721193136,0.6059530825350281,1.1126623827952868
strong_diagonal,5.0,5.0,diagonal,11,3.8890872965260113,3.8890872965260113,5.5,8.88908729652601,8.88908729652601,12.571067811865474,exact_distance_plus_5cm,8.88908729652601,8.88908729652601,1.1126623827952864,2.5579538487363607e-13,1.6342482922482304e-13,0.0,2.4158453015843406e-13,0.0,1.7777777777777266,1.3333333333333197,1.3333333333333086,1.1348773596239006,1.14878500550299,1.6391183919247265,1.1348773596239004,2.2471944326514546e-16,1.1102230246251565e-15,0.33333333333333337,1.4806168721193138,0.6059530825350278,1.1126623827952864
strong_diagonal,5.0,5.0,diagonal,11,3.8890872965260113,3.8890872965260113,5.5,8.88908729652601,8.88908729652601,12.571067811865474,planar_no_correction,8.88908729652601,8.88908729652601,0.05098611695722378,1.458016832917437,0.6876562974304079,1.3677953510141947,1.0467769049802484,0.0,0.9413709419642702,0.9833751711815583,0.95728565206012,0.05979306615009277,0.056490861300582396,0.1578941351034222,-0.05566699529342556,0.021631796601202125,0.060881217465926056,0.016465273103514706,0.11779461476605803,0.008400305795734543,0.05098611695722378
strong_diagonal,5.0,5.0,diagonal,12,4.242640687119285,4.242640687119285,5.999999999999999,9.242640687119284,9.242640687119284,13.071067811865474,exact_true_distance,9.242640687119284,9.242640687119284,0.0,1.4210854715202004e-14,0.0,0.0,0.0,0.0,1.000000000000024,1.000000000000012,1.000000000000012,2.4864153086478147e-16,2.220446049250313e-16,9.930136612989092e-16,3.6963727095183437e-17,1.5281579150181052e-16,7.004731746103394e-16,7.009688031198126e-17,6.280369834735101e-16,3.1401849173675503e-16,0.0
strong_diagonal,5.0,5.0,diagonal,12,4.242640687119285,4.242640687119285,5.999999999999999,9.242640687119284,9.242640687119284,13.071067811865474,exact_distance_minus_5cm,9.242640687119284,9.242640687119284,1.1582567224146514,1.0089706847793423e-12,4.831690603168681e-13,9.663381206337363e-13,7.105427357601002e-13,0.0,0.44444444444445386,0.66666666666668,0.6666666666666675,1.179865763085187,1.1941333070646178,1.6869391379525203,-1.179865763085187,1.31331260230049e-16,5.551115123125783e-16,0.33333333333333337,1.5276226464389315,0.65018821167512,1.1582567224146514
strong_diagonal,5.0,5.0,diagonal,12,4.242640687119285,4.242640687119285,5.999999999999999,9.242640687119284,9.242640687119284,13.071067811865474,exact_distance_plus_5cm,9.242640687119284,9.242640687119284,1.1582567224146512,1.0089706847793423e-12,4.831690603168681e-13,9.663381206337363e-13,7.105427357601002e-13,0.0,1.7777777777778154,1.33333333333336,1.333333333333335,1.1798657630851872,1.1941333070646174,1.6869391379525187,1.179865763085187,2.5543055013312273e-16,1.1102230246251565e-15,0.33333333333333337,1.5276226464389329,0.6501882116751204,1.1582567224146512
strong_diagonal,5.0,5.0,diagonal,12,4.242640687119285,4.242640687119285,5.999999999999999,9.242640687119284,9.242640687119284,13.071067811865474,planar_no_correction,9.242640687119284,9.242640687119284,0.05738090930026617,1.5761772818281088,0.743291377217858,1.4777533725374496,1.1327959598968391,0.0,0.9367479063329688,0.9820271560277336,0.953892059484467,0.06656654969681916,0.06317104885186396,0.17153460166881349,-0.061941501510085574,0.024181948380929432,0.06606044492151103,0.01770547242907831,0.1289771367282642,0.01036426224316674,0.05738090930026617
strong_diagonal,5.0,5.0,diagonal,13,4.596194077712559,4.596194077712559,6.5,9.596194077712559,9.596194077712559,13.571067811865476,exact_true_distance,9.596194077712559,9.596194077712559,4.440892098500626e-16,7.673861546209082e-13,3.197442310920451e-13,6.394884621840902e-13,0.0,0.0,1.0000000000000129,1.0000000000000142,0.9999999999999987,3.424423281488772e-16,4.440892098500626e-16,1.6011864169946884e-15,5.762023719763766e-17,2.0080311966568963e-16,1.2560472639998114e-15,9.30152473173549e-17,8.881784197001252e-16,0.0,4.440892098500626e-16
strong_diagonal,5.0,5.0,diagonal,13,4.596194077712559,4.596194077712559,6.5,9.596194077712559,9.596194077712559,13.571067811865476,exact_distance_minus_5cm,9.596194077712559,9.596194077712559,1.2040112878880516,1.4210854715202004e-14,0.0,0.0,0.0,0.0,0.4444444444444576,0.6666666666666765,0.6666666666666765,1.2250688928694802,1.2396716814486302,1.7350026188769507,-1.2250688928694802,1.4909747043969606e-16,7.771561172376096e-16,0.33333333333333337,1.5748482751594426,0.6945110381946905,1.2040112878880516
strong_diagonal,5.0,5.0,diagonal,13,4.596194077712559,4.596194077712559,6.5,9.596194077712559,9.596194077712559,13.571067811865476,exact_distance_plus_5cm,9.596194077712559,9.596194077712559,1.2040112878880518,1.4210854715202004e-14,0.0,0.0,0.0,0.0,1.77777777777783,1.333333333333353,1.333333333333353,1.2250688928694802,1.23967168144863,1.735002618876952,1.2250688928694802,2.913922655946574e-16,1.6653345369377348e-15,0.33333333333333337,1.5748482751594421,0.6945110381946905,1.2040112878880518
strong_diagonal,5.0,5.0,diagonal,13,4.596194077712559,4.596194077712559,6.5,9.596194077712559,9.596194077712559,13.571067811865476,planar_no_correction,9.596194077712559,9.596194077712559,0.06429764006802419,1.6989196287295556,0.8010735148593255,1.5918354628119005,1.2223437366321548,0.0,0.9319654239689023,0.9806266921213893,0.950377377504157,0.07386595573115974,0.07038683524546886,0.1859641513621816,-0.06870290054880948,0.02693056964382112,0.07152797307424383,0.018993924989627858,0.14085017700095362,0.012614273948377646,0.06429764006802419
strong_diagonal,5.0,5.0,diagonal,14,4.949747468305833,4.949747468305833,7.0,9.949747468305834,9.949747468305834,14.071067811865476,exact_true_distance,9.949747468305834,9.949747468305834,0.0,1.4210854715202004e-14,0.0,0.0,0.0,0.0,1.0000000000000018,1.0000000000000009,1.0000000000000009,3.7299884495056816e-16,4.440892098500626e-16,1.3322676295501878e-15,5.202798439108369e-18,2.2474728531186985e-16,1.061943262502697e-15,9.704128393352509e-17,8.881784197001252e-16,0.0,0.0
strong_diagonal,5.0,5.0,diagonal,14,4.949747468305833,4.949747468305833,7.0,9.949747468305834,9.949747468305834,14.071067811865476,exact_distance_minus_5cm,9.949747468305834,9.949747468305834,1.249932894133366,7.673861546209082e-13,2.913225216616411e-13,4.831690603168681e-13,2.4158453015843406e-13,0.0,0.44444444444444275,0.6666666666666715,0.6666666666666593,1.2704880137226706,1.2836713396338049,1.7833167926244615,-1.2704880137226706,1.6574090900040633e-16,8.881784197001252e-16,0.3333333333333333,1.6223010571408476,0.7389276969261672,1.249932894133366
strong_diagonal,5.0,5.0,diagonal,14,4.949747468305833,4.949747468305833,7.0,9.949747468305834,9.949747468305834,14.071067811865476,exact_distance_plus_5cm,9.949747468305834,9.949747468305834,1.2499328941333663,7.673861546209082e-13,2.913225216616411e-13,4.831690603168681e-13,2.4158453015843406e-13,0.0,1.777777777777771,1.333333333333343,1.3333333333333186,1.2704880137226706,1.2836713396338053,1.7833167926244622,1.2704880137226706,3.21773145507065e-16,1.6653345369377348e-15,0.33333333333333337,1.6223010571408483,0.7389276969261663,1.2499328941333663
strong_diagonal,5.0,5.0,diagonal,14,4.949747468305833,4.949747468305833,7.0,9.949747468305834,9.949747468305834,14.071067811865476,planar_no_correction,9.949747468305834,9.949747468305834,0.07175842587326836,1.8262395188790777,0.8610005607880851,1.7100220215920672,1.315440236963667,0.0,0.927025801907398,0.9791737956858556,0.9467428621882892,0.08171356579426757,0.0781365915910025,0.20120847635876415,-0.07597207211638153,0.029885492142058205,0.07729195466255231,0.02033063334635003,0.15340003214556705,0.015170324923150383,0.07175842587326836
strong_diagonal,5.0,5.0,diagonal,15,5.303300858899106,5.303300858899106,7.499999999999999,10.303300858899107,10.303300858899107,14.571067811865476,exact_true_distance,10.303300858899107,10.303300858899107,0.0,1.4210854715202004e-14,0.0,0.0,0.0,0.0,0.9999999999999796,0.9999999999999898,0.9999999999999898,3.291548886172251e-16,4.440892098500626e-16,1.6011864169946884e-15,1.3438814707976304e-16,2.071709821826925e-16,1.0286604323615774e-15,8.677443431046362e-17,8.881784197001252e-16,0.0,0.0
strong_diagonal,5.0,5.0,diagonal,15,5.303300858899106,5.303300858899106,7.499999999999999,10.303300858899107,10.303300858899107,14.571067811865476,exact_distance_minus_5cm,10.303300858899107,10.303300858899107,1.2960284368549932,4.831690603168681e-13,2.4158453015843406e-13,4.831690603168681e-13,2.2737367544323206e-13,0.0,0.44444444444443537,0.6666666666666626,0.6666666666666571,1.3161252352369486,1.328074205473807,1.8318897446147473,-1.3161252352369488,1.5471132868438007e-16,7.771561172376096e-16,0.33333333333333337,1.6699884317356004,0.7834443665918497,1.2960284368549932
strong_diagonal,5.0,5.0,diagonal,15,5.303300858899106,5.303300858899106,7.499999999999999,10.303300858899107,10.303300858899107,14.571067811865476,exact_distance_plus_5cm,10.303300858899107,10.303300858899107,1.2960284368549937,4.831690603168681e-13,2.4158453015843406e-13,4.831690603168681e-13,2.2737367544323206e-13,0.0,1.7777777777777413,1.3333333333333253,1.3333333333333142,1.316125235236949,1.3280742054738068,1.8318897446147488,1.316125235236949,3.022567324328988e-16,1.6653345369377348e-15,0.3333333333333334,1.6699884317356013,0.7834443665918499,1.2960284368549937
strong_diagonal,5.0,5.0,diagonal,15,5.303300858899106,5.303300858899106,7.499999999999999,10.303300858899107,10.303300858899107,14.571067811865476,planar_no_correction,10.303300858899107,10.303300858899107,0.07978563638795474,1.958132182027427,0.9230703682895154,1.8322925781988033,1.4121062126545496,0.0,0.921931418143548,0.9776684839869936,0.9429898101899056,0.09013191987859995,0.0864665594886104,0.21729366704904599,-0.08377016398214746,0.033054571978615596,0.08336057802965188,0.021715598465327467,0.16670038057416656,0.01805253693593004,0.07978563638795474
strong_diagonal,5.0,5.0,diagonal,16,5.65685424949238,5.65685424949238,7.999999999999999,10.65685424949238,10.65685424949238,15.071067811865474,exact_true_distance,10.65685424949238,10.65685424949238,0.0,1.3500311979441904e-12,6.394884621840902e-13,1.2505552149377763e-12,9.521272659185342e-13,0.0,0.9999999999999907,1.0000000000000078,0.9999999999999829,3.003391548734923e-16,4.440892098500626e-16,9.930136612989092e-16,1.5036705308526757e-16,1.7457792269338028e-16,7.773323485021054e-16,7.48490225106811e-17,8.881784197001252e-16,3.1401849173675503e-16,0.0
strong_diagonal,5.0,5.0,diagonal,16,5.65685424949238,5.65685424949238,7.999999999999999,10.65685424949238,10.65685424949238,15.071067811865474,exact_distance_minus_5cm,10.65685424949238,10.65685424949238,1.3423048961968684,1.0089706847793423e-12,4.831690603168681e-13,9.663381206337363e-13,7.105427357601002e-13,0.0,0.4444444444444465,0.6666666666666744,0.666666666666662,1.3619833894943305,1.3726638308107149,1.8807296925626755,-1.3619833894943305,1.5550387337774724e-16,6.661338147750939e-16,0.33333333333333337,1.717917979476452,0.8280672727996409,1.3423048961968684
strong_diagonal,5.0,5.0,diagonal,16,5.65685424949238,5.65685424949238,7.999999999999999,10.65685424949238,10.65685424949238,15.071067811865474,exact_distance_plus_5cm,10.65685424949238,10.65685424949238,1.342304896196869,1.0089706847793423e-12,4.831690603168681e-13,9.663381206337363e-13,7.105427357601002e-13,0.0,1.7777777777777857,1.3333333333333488,1.333333333333324,1.3619833894943305,1.3726638308107149,1.8807296925626746,1.3619833894943305,3.049976161641269e-16,1.5543122344752192e-15,0.33333333333333337,1.7179179794764514,0.828067272799642,1.342304896196869
strong_diagonal,5.0,5.0,diagonal,16,5.65685424949238,5.65685424949238,7.999999999999999,10.65685424949238,10.65685424949238,15.071067811865474,planar_no_correction,10.65685424949238,10.65685424949238,0.08840190572758376,2.0945924051477647,0.9872808026953521,1.958625779040176,1.512363164174829,0.0,0.9166847199827346,0.976110775382928,0.9391195580472098,0.0991438276730822,0.09539150910385055,0.23424622691642405,-0.09211860370145526,0.036445690686477836,0.0897420679880757,0.023148819877071142,0.18077632825973744,0.0212811788944021,0.08840190572758376
strong_diagonal,5.0,5.0,diagonal,17,6.010407640085654,6.010407640085654,8.5,11.010407640085653,11.010407640085653,15.571067811865474,exact_true_distance,11.010407640085653,11.010407640085653,0.0,1.6484591469634324e-12,8.739675649849232e-13,6.252776074688882e-13,9.379164112033322e-13,0.0,1.000000000000024,1.0000000000000349,0.9999999999999891,3.306909797823274e-16,4.440892098500626e-16,1.6011864169946884e-15,-1.5286139702606988e-17,2.0782188323843637e-16,1.255488164344383e-15,7.858608492638136e-17,8.881784197001252e-16,0.0,0.0
strong_diagonal,5.0,5.0,diagonal,17,6.010407640085654,6.010407640085654,8.5,11.010407640085653,11.010407640085653,15.571067811865474,exact_distance_minus_5cm,11.010407640085653,11.010407640085653,1.3887693404746837,1.5347723092418164e-12,5.897504706808832e-13,9.663381206337363e-13,4.689582056016661e-13,0.0,0.4444444444444576,0.666666666666689,0.6666666666666641,1.4080659331712815,1.4190013205718601,1.9298449914122044,-1.4080659331712815,1.577824393711778e-16,7.771561172376096e-16,0.3333333333333333,1.7660974234459794,0.872802691080907,1.3887693404746837
strong_diagonal,5.0,5.0,diagonal,17,6.010407640085654,6.010407640085654,8.5,11.010407640085653,11.010407640085653,15.571067811865474,exact_distance_plus_5cm,11.010407640085653,11.010407640085653,1.3887693404746841,1.5347723092418164e-12,5.897504706808832e-13,9.663381206337363e-13,4.689582056016661e-13,0.0,1.77777777777783,1.333333333333378,1.3333333333333282,1.4080659331712815,1.41900132057186,1.9298449914122062,1.4080659331712815,3.156969695245835e-16,1.4432899320127035e-15,0.33333333333333337,1.7660974234459785,0.8728026910809062,1.3887693404746841
strong_diagonal,5.0,5.0,diagonal,17,6.010407640085654,6.010407640085654,8.5,11.010407640085653,11.010407640085653,15.571067811865474,planar_no_correction,11.010407640085653,11.010407640085653,0.09763014407659204,2.2356145042926414,1.0536297508850652,2.0889993750881786,1.6162333391333732,0.0,0.911288222345553,0.9745006893757848,0.9351334814645205,0.10877238011973793,0.10487828717082555,0.2520930878158754,-0.10103911065308911,0.040066756276319684,0.09644468667800803,0.024630295799460095,0.19565335671239836,0.024876676356478035,0.09763014407659204
strong_diagonal,5.0,5.0,diagonal,18,6.363961030678928,6.363961030678928,9.0,11.363961030678928,11.363961030678928,16.071067811865476,exact_true_distance,11.363961030678928,11.363961030678928,4.440892098500626e-16,6.252776074688882e-13,4.405364961712621e-13,0.0,6.252776074688882e-13,0.0,1.0000000000000018,1.000000000000012,0.9999999999999898,3.98413647202371e-16,4.440892098500626e-16,1.2560739669470201e-15,1.2428089913604805e-16,2.314994051292021e-16,1.2560218112535167e-15,9.16645888464845e-17,9.930136612989092e-16,0.0,4.440892098500626e-16
strong_diagonal,5.0,5.0,diagonal,18,6.363961030678928,6.363961030678928,9.0,11.363961030678928,11.363961030678928,16.071067811865476,exact_distance_minus_5cm,11.363961030678928,11.363961030678928,1.435428929991198,1.1368683772161603e-12,4.760636329592671e-13,9.663381206337363e-13,0.0,0.0,0.44444444444444275,0.6666666666666733,0.6666666666666575,1.4543768687275271,1.4655384193228702,1.9792441384081239,-1.4543768687275271,1.903428171903451e-16,9.992007221626409e-16,0.3333333333333333,1.8145346312340982,0.9176569499733342,1.435428929991198
strong_diagonal,5.0,5.0,diagonal,18,6.363961030678928,6.363961030678928,9.0,11.363961030678928,11.363961030678928,16.071067811865476,exact_distance_plus_5cm,11.363961030678928,11.363961030678928,1.4354289299911969,1.1368683772161603e-12,4.760636329592671e-13,9.663381206337363e-13,0.0,0.0,1.777777777777771,1.3333333333333466,1.333333333333315,1.4543768687275278,1.46553841932287,1.9792441384081252,1.4543768687275278,3.775815009983355e-16,1.9984014443252818e-15,0.33333333333333337,1.814534631234099,0.9176569499733342,1.4354289299911969
strong_diagonal,5.0,5.0,diagonal,18,6.363961030678928,6.363961030678928,9.0,11.363961030678928,11.363961030678928,16.071067811865476,planar_no_correction,11.363961030678928,11.363961030678928,0.10749354956657188,2.381192295648205,1.1221151311167006,2.223390209402453,1.723739730417634,0.0,0.9057445060283017,0.9728382466657143,0.9310329945729742,0.11904096127903423,0.114974360288111,0.2708616256711644,-0.11055370838877095,0.04392570425780698,0.10347673441906262,0.026160023231041427,0.2113573372489337,0.02885962117839156,0.10749354956657188
strong_diagonal,5.0,5.0,diagonal,19,6.717514421272201,6.717514421272201,9.499999999999998,11.7175144212722,11.7175144212722,16.571067811865472,exact_true_distance,11.7175144212722,11.7175144212722,0.0,1.9610979506978765e-12,9.521272659185342e-13,1.9326762412674725e-12,6.394884621840902e-13,0.0,0.9999999999999907,1.0000000000000129,0.9999999999999778,3.823000046743037e-16,4.440892098500626e-16,1.9860273225978185e-15,1.7757514440030772e-16,2.245942037113928e-16,1.2786457545696797e-15,8.691599387127232e-17,9.930136612989092e-16,4.440892098500626e-16,0.0
strong_diagonal,5.0,5.0,diagonal,19,6.717514421272201,6.717514421272201,9.499999999999998,11.7175144212722,11.7175144212722,16.571067811865472,exact_distance_minus_5cm,11.7175144212722,11.7175144212722,1.4822909209386552,2.0179413695586845e-12,9.592326932761353e-13,1.9326762412674725e-12,4.831690603168681e-13,0.0,0.44444444444444275,0.6666666666666777,0.6666666666666531,1.5009206806336328,1.511312652824248,2.028935778311604,-1.5009206806336326,1.815257574766355e-16,8.881784197001252e-16,0.3333333333333333,1.8632376174092242,0.9626364341517166,1.4822909209386552
strong_diagonal,5.0,5.0,diagonal,19,6.717514421272201,6.717514421272201,9.499999999999998,11.7175144212722,11.7175144212722,16.571067811865472,exact_distance_plus_5cm,11.7175144212722,11.7175144212722,1.482290920938655,2.0179413695586845e-12,9.592326932761353e-13,1.9326762412674725e-12,4.831690603168681e-13,0.0,1.777777777777771,1.3333333333333555,1.3333333333333062,1.5009206806336333,1.5113126528242502,2.0289357783116047,1.5009206806336333,3.5288052472172585e-16,1.887379141862766e-15,0.33333333333333337,1.8632376174092256,0.9626364341517166,1.482290920938655
strong_diagonal,5.0,5.0,diagonal,19,6.717514421272201,6.717514421272201,9.499999999999998,11.7175144212722,11.7175144212722,16.571067811865472,planar_no_correction,11.7175144212722,11.7175144212722,0.1180156204195088,2.5313190657748237,1.192734903166965,2.3617742047152888,1.834906073986474,0.0,0.9000562159206111,0.9711234692069761,0.9268195491718486,0.12997326050531538,0.1256672508452589,0.2905796766087727,-0.12068473729693169,0.04803049863854696,0.11084655055514056,0.02773799802019403,0.22791454563956604,0.033250781308818665,0.1180156204195088
strong_diagonal,5.0,5.0,diagonal,20,7.071067811865475,7.071067811865475,10.0,12.071067811865476,12.071067811865476,17.071067811865476,exact_true_distance,12.071067811865476,12.071067811865476,6.280369834735101e-16,7.673861546209082e-13,3.197442310920451e-13,6.252776074688882e-13,0.0,0.0,0.9999999999999907,1.000000000000003,0.9999999999999876,4.2072389218139195e-16,4.440892098500626e-16,1.9860273225978185e-15,9.01603301617774e-18,2.4665054085754394e-16,1.2558831017809279e-15,9.076347601028114e-17,9.930136612989092e-16,6.280369834735101e-16,6.280369834735101e-16
strong_diagonal,5.0,5.0,diagonal,20,7.071067811865475,7.071067811865475,10.0,12.071067811865476,12.071067811865476,17.071067811865476,exact_distance_minus_5cm,12.071067811865476,12.071067811865476,1.5293626693924758,1.9610979506978765e-12,9.521272659185342e-13,9.663381206337363e-13,9.379164112033322e-13,0.0,0.44444444444444275,0.666666666666683,0.6666666666666479,1.5477022835591145,1.5581090375269002,2.078928708765837,-1.5477022835591145,1.9575853926168732e-16,9.992007221626409e-16,0.33333333333333337,1.91221454644404,1.007747587609659,1.5293626693924758
strong_diagonal,5.0,5.0,diagonal,20,7.071067811865475,7.071067811865475,10.0,12.071067811865476,12.071067811865476,17.071067811865476,exact_distance_plus_5cm,12.071067811865476,12.071067811865476,1.5293626693924773,1.9610979506978765e-12,9.521272659185342e-13,9.663381206337363e-13,9.379164112033322e-13,0.0,1.777777777777771,1.333333333333366,1.3333333333332957,1.547702283559115,1.5581090375269004,2.0789287087658375,1.5477022835591145,3.8345954080747527e-16,1.887379141862766e-15,0.33333333333333337,1.9122145464440414,1.0077475876096598,1.5293626693924773
strong_diagonal,5.0,5.0,diagonal,20,7.071067811865475,7.071067811865475,10.0,12.071067811865476,12.071067811865476,17.071067811865476,planar_no_correction,12.071067811865476,12.071067811865476,0.12922016736865266,2.6859875410866323,1.2654870787871317,2.5041263511403713,1.9497568463117005,0.0,0.8942260591814424,0.9693563802662609,0.9224946339506405,0.1415932849368329,0.13701878584607552,0.31127555354749187,-0.13145486758604835,0.05238913290384105,0.11856251429198433,0.02936421491452059,0.2453646029387541,0.03807111073813247,0.12922016736865266
